text,Emotion
الاوليمبياد الجايه هكون لسه ف الكليه ..,none
عجز الموازنه وصل ل93.7 % من الناتج المحلي يعني لسه اقل من 7 % و نفلس و بهايم لسه يتابعوا الاوليمبياد,anger
كتنا نيله ف حظنا الهباب xD,sadness
جميعنا نريد تحقيق اهدافنا لكن تونس تالقت في حراسه المرمي...,joy
الاوليمبياد نظامها مختلف .. ومواعيد المونديال مكانتش مقرفه ولا حاجه كانت معقوله,none
دلوقتي عندها اربع سنين .... ومحدش يقدر يكلمها ... سبحان الله,surprise
الحب يسلبها كيدها يرجعها الي براءتها الاولي ويدفعها الي الذهاب بعيداً حيث لا تعرف وحيث تخاف فهي لا تقاومك احياناً بل تقاوم نفسها ان تحب,love
she3er: شوفي بـ عيني امنيات الغلابه واحلام ثلثين الشعوب .! .  سنابي she3er1 .,sympathy
86:   صوتك هو حبيبي الثالث   بعدك وبعد عيونك ~  بوح  غزل,love
عمر عسر اتغلب وخرج وبيكمل مسيره مصر الفاشله في الاوليمبياد,sadness
iu ايه ناويه بس خايفه الصراحه مدري وش فيني,fear
عالماشي | غدا.. لقاء نادر للنجمه ناديه لطفي علي شاشه ماسبيرو زمان   اتحاد ال...    ترفيه  فن  موسيقي,joy
يا ويل  قلبي منه ي كثر ما اغليه ويا كثر ماله في خفوقي محبه .. ❤  مساء  الخير  ي,love
عاجبني فشخ العرب الي داخلين تحت علم الاوليمبياد دول و خصوصاً الديحاني اللي خد الدهب رمايه قاعدين يطبلوله في حين انها متحسبتش لعربي ولا حاجه,joy
: لا قيمه لزحام الاشخاص مِن حوْلك، يكفيك قلب صادق، تشعر بـ  الحُب في اقواله وافعاله، يمشي معك الطريق حتي نهايته.! •  كتابات يوسف…,love
20 سنه وهيلعب الاوليمبياد مع نيجيريا مش زي ايفونا بس كويس,none
اغار بجنون ولسعات غيرتي تخدش تفاصيل اللقاء ولاهدوء اعدك حين اراك ان اجمع اشباهك الاربعين في سجون ابديه حتي لا…,love
كُـنت نفسـك .. تبـني دُنـيااا .. طعـم تااني و حـاجه تـانيه,sadness
المفروض يلغوها من الاوليمبياد وندخل الاسكواش مكانها احسن 😂,none
25jan   اعوذ بالله مايسوي هذا الرز اللي تحكوا عنه قطره دم لواحد من اخواننا المصريين الله يحميك يامصر ويحفظ اهلك 💔,sympathy
هههه والله انا بعد هالمنظر متعاطف قلبا وقالبا مع الاناث!,sympathy
0 ي الله كل ذَا نسيتوا تعبها معكم طول السنين اللي جالسه تسويه من ابسط حقوقها والله لو شي ثاني تدفعون وم تفكرون بالمبلغ,sympathy
. كل ما دعيت الله عطف و توافيق اسمه يخاشر دعوتي بالدقيقه .,sympathy
علي المواطن ان يخبط راسه في الحيط احتجاجاً ، واذا قبضوا عليه يقول انه بيشوف الحيطه جامده ولا لا  جلال عامر,anger
بعثه مصر في الاوليمبياد رايحه تتفرج زيها زينا 😂😂,none
ايه بقي اللي بيحصل يخلي كل الاطفال دي من التمانينيات والتسعينيات وكمان مواليد 2000 مايحققوش اي حاجه في اي حته  الاوليمبياد,surprise
واتاري المحاسبه غداره غداره .,sadness
: كل التوفيق للجهاز الاداري بقياده عبدالعزيز المطوع وحسين عاشور الله يوفقهم يارب 💚💚💚,sympathy
يا ساتر.. هما بيهمدوش ابدا .. جماعه الشيطان دي !!,surprise
ما اجمل ان تزوريني في الحلم لتطمئني قلبي الحزين ... ان غدا يوم جميل ❤,love
:  دعاء اللهم اشف عبدك لؤي صالح مقبل الذي تعرض لجلطه الزمته الفراش وهو ولله الحمد في تحسن مستمر ويطلب دعواتكم له,sympathy
مصر حاليا في مركز 61 من بين 67 مركز في الاوليمبياد يا بلاش والله,none
حاليًا انا مصدومه عاطفيا ونفسيا وجسديا ولا هيش ماهذا,surprise
الدعاء لاهلنا ب  حلب فهم بحاجه له فهم يتعرضون لقصف شرس نسال الله ان يحفظهم فهناك العشرات من الشهداء والجرحي اسال الله ان يتقبلهم ويشافيهم,sympathy
مش عارف البرازيل ازاي فازت بتنظيم الاوليمبياد.,surprise
امبارح كنت بقول لو افترقنا طول حياتي دي نهايتها .. وانهارده بقيت بقول موش عايز حد قدامي يجيب سيرتها ..,sadness
Minawya9 خلاص مهو دخل .. افكسو مالهاشتاج ده ونكتب هاشتاج ترحيب بيه فتويتر,joy
ايران تمول قناه الحره وبعدين معاك ي ايران تري مابغي امحيك من الارض خلينا حبايب وبلاش مشاكل,anger
ده فيديو حياتي,joy
بيل و كروس لازم يلعبوا غصبا عنهم في السوبر,joy
ياربي خايفه من الاختبار مره.,fear
ان يقع في حُب العقول قبل الوجوه..!,love
كل اما افتح اي قناه بتذيع الاوليمبياد الاقي امريكا و الصين بيتنافسو ع الذهب .. في كل الالعاب الفرديه تقريبا ... مفيش غيركو ولا ايه 😂😂,surprise
باقيلي 12 دقيقه في اول حلقه من بلاك ميرور و خايفه اكملها من الي حيصير سند هيلب,fear
علاء ابو القاسم انصاب قبل الاوليمبياد و للاسف خسر انهارده لكن هو برضه بطل و مش هنتحبط لا 😞,sadness
شكلها كده مفيهاش نوم وهنقعد نتابع الاوليمبياد للصبح.او غالبا احنا بقينا الصبح,none
خايفه اصف جنبك,fear
ربنا معاهم احسن من اي حد ربنا يتولاهم بي رحمتو  انقذوا اطفال السرطان,sympathy
:  الصرخي يحطم كهنوتيه السيستاني السيستاني لم يواجه السلطه الفاسده!!!,anger
: انتقاله عجيبه، عقيل الخزعلي من مذيع بقناه افاق التابعه للمالكي الي وزير داخليه وكاله (لاعجب، هذه دوله ملشيات),anger
1424   ي الله 💔 كان الله في عونهم .. والله صوره موجعه لابعد حد 😔😔😔,sympathy
الماتش الجاي قدام السويد واحده من اللي بتنافس علي ذهبيه ف الاوليمبياد يعني علي المنتخب السلانكتيه 😂,surprise
انا بقيت خايفه من ربنا لدرجه ان خايفه اصلي    بعد مكنت بفكر صحابي بالصلاه وربنا بقيت انا اللي بخاف منه وببعد .,fear
جاريدو مش مدرب ده بتاع بطيخ فضحتنا ليه تشمت فينا الزملكاويه اللي هما اصلا متعودين ع الخساره ليـــــــه كــــــــدا يااخي .. دي عمرها ماحصلت,anger
ماشاء الله المحمدي كورته نظيفه.. والله زي شيفو متوازن دفاع وهجوم شئ يبرد القلب,joy
بس برده اللهم وفق باقي اولادنا في الايام اللي جايه في الاوليمبياد وارزقهم الذهب لا الفضه ولا البرونز,none
ايه ده ازاي ده! رهيب..,surprise
باي موراي ابن الجزمه ده ياخد ذهبيه السنه دي وذهبيه الاوليمبياد اللي فاتت 😏,none
وزاره التجاره تدعو الشركات المتاثره بارتفاع البنزين لتقديم ادلتها مشدده علي ضروره تطبيق القانون علي المخالفين الذين يرفعون الاسعاربشكل مصطنع,none
: انتُ حاجه .. لو تجينيَ بس مره ؟ اكتفيُ في جيّتك عن كل حاجه,love
اجمل ماقيل بالحب ابحر في حب الصحابه للنبي ﷺ واقطف من بستانهم حتي تكتفي واشرب من نهرهم حتي ترتوي فهناك الخالي من الشوائب.,love
اتاخرت قوي ياصلاح الاوليمبياد الجايه قربت تخلص ياخساااااره ياصلاح ياخساره😞,sadness
ثــانـــــي ميـــداليـــــه مصــــــريـــــــه ( محمد ايهاب) برونزيه رفع اثقال  مصر في الاوليمبياد  ريو دي جانيرو 2016,none
يا اول .... حب 💙,love
ما اجمل ان تتنازل عن كل ممتعات الحياه ...... و تجلس ساكتا  وحيدا متاملا منظر السماء في هدوء تام   يوميات جيمي,joy
: اللهّم خفف عن جدتي كُل ذره وجع ترهقها وانزل عليها لِتُزيل بها تعبك يا رب العالمين، اللهم اشفها وخفف عنها مراره الا…,sympathy
الوليه المذيعه خايفه تتكلم و خايفه من راي الجمهور حد يروحها يا جماعه,fear
الجيش واللجان الشعبيه في جيزان يسطرون الملاحم كان الله في عونهم دعوات الشعب اليمني وكل مستضعفي العالم تناصركم يا خير رجال الارض واصدقها،،,sympathy
لا بس واضح ان الحكومه مرعوبه من 11 11 تعويم جنيه و رفع الدعم عن المحروقات في يوم واحد .. دي زي اللي بتقول...,fear
مشكله اغلب الشعب خايف اذا فضح الفساد راح يجي حرب ودمار وسرقه فهو مضطر يطبل للفساد والسرقه انطق بالحق ستبقي بالقبر وحيد  زياده رواتب القطريين,fear
بتضحك وعينيها كلها دمووووع نعم يا ساده انا اعشق شيرين يحيي  ShereenYehia   مكملين مع شيرين  StaracArabia,joy
: عشقي لك لا ينتهي 😍,love
ده احنا مبنلمسش الكوره !!!,surprise
النرويج تهدي  فنلندا جبلًا في عيد استقلالها     اسال اكثر,joy
البورتريكيه مونيكا بويغ تصنع التاريخ بتتويجها بالذهبيه الاولي لبلدها في الاوليمبياد علي حساب انجليك كيربر 6 1 و 6 4 .  براء,none
MOSAAD  مرعب ابن متناكه😭😭😭,fear
نيجيريا جالده الجزائر !!!,surprise
20 سنه ويكسب بطل العالم 5 مرات و الاوليمبياد مرتين يا جماعه والله مبروك لتونس الف مره  TUN,joy
يامال فرقا العين ميداليه وحده للعرب في الاوليمبياد لا والي جايبها واحد مجنس  Rio2016,none
معنديش اي ابن وسخه يخليني افرح او افرح حد ولو بايسط طريقه.,anger
ربنا يستر انا خايفه من المدبحه دي بجد وزاره الصحه مش هتقدر تقاوم كتير خصوصا ان مبقاش في منطق للمقاومه كده,fear
بابا فرحان ان الزمالك كسبان وانا مش عارفه افرح علشان هو فرحان ولا ازعل علشان الزمالك كسبان وحاسه بالي هو عقوق الوالدين ده، هيجيلي انفصام ????????,surprise
يا جماعه كله يروح عالانستجرام يالا :D انشرو حساب شيرين يحيي ♥  ShereenYehia  مكملين مع شيرين,joy
الاهلي ?,surprise
جوايا خوف من كلمه الظروف تبقي طريقي ..,fear
اللهم اغفر لاغلي من غابوا عن الدنيا و ارحمهم و احشرهم في زمره المتحابين فيك و اجعل ملتقاني بهم في الفردوس الاعلي يا رب.  حوتان التميمي,sympathy
طب نتغير ازاي بس....؟؟؟؟💕💕,surprise
كوسوفو تحصد اول ميداليه ذهبيه لها في التاريخ في اول مشاركه ليها في الاوليمبياد عن طريق مايليندا اللي جابت ذهبيه 56 كجم جودو,none
عندنا 12 ملعب من الل بتقوله دا .. وعندنا بلاييستيشن ودي مفاجاه الاوليمبياد عندنا وبس,surprise
انا مبسوط فشخ للبنتين و الله بتجربتهم في الاوليمبياد و بتشجيع الجمهور ليهم هناك,joy
: لا تستطيع ان تستقيم بحياه مريحه نفسياً وانت تشاهد تلك المصائب التي يعيشها اهل ، حسبنا الله ونعم الوكيل، اللهم ارفع عنهم…,sympathy
ايه الفكره اننا كبعثه جمهوريه مصر العربيه وهي داخله في افتتاحيه الاوليمبياد نكون رافعين علم السعوديه !!,surprise
بقول لابويا عايز عربيه ب2 مليون جنيه .. قال كلمه غريبه اوي,surprise
:  اهالي الرويس يناشدون الملك في وقف ازاله الحي بدعوي ان الحي عشوائي . جميع الاراضي في حي الرويس عليها صكوك من وزاره الع…,anger
لا حول ولا قوه الا بالله ربنا يصبرهم 😢😢,sympathy
ليش طلع خيمس رودريغز!!! يعني لا بالرسميات نشوفه ولا بالوديات !!!  اكثر لاعب مظلوم شفته في ريال مدريد !!!,anger
للحنين بوصله لا تشير الا اليك !!  بوصله  انا  انت,love
عاوزين تنميه بشريه بجد مش هزار و بوزيتيف اينيرجي مدهشه و مش fake .. اتفرجوا ع الاوليمبياد...,joy
انا طول عمري بحب الرياضه عامه اي لعبه و اي حاجه و بحب اتابع الاوليمبياد و طول عمري مش فارق معايا مين يكسب و مش فارق معايا الدول اصلا,none
والقلبُ متلهّفٌ؛ لنعيمٍ سرمدي❤️,love
حلمك ياعمر يالطفي حقيقه ... واسم الاهلي مالي الكون ... حلمك بيكبر كل دقيقه .شوف بقينا كام مليون,sympathy
: الله هو الذي يمنح لنا احبائنا. لا يمكن ان يوجد من خلال نسيان الله. اولئك الذين فقدوا حبهم لِـ الله ليس لهم معني في…,love
سلامه قلبك,joy
الخبر بيقول ان فيه بنت برازيليه بتعلب غطس طردوها من الاوليمبياد عشان نامت مع لاعب تجديف برازيلي ف اوضته ف القريه الاوليمبيه,none
والولاء لك سيدي السلطان قابوس حفظه الله ومتعه بموفور من الصحه والعافيه والعمر المديد.🌹,love
kuw      مشكور وضاح عالموقع المؤثر ...الله يكثر من امثالك????????????????,love
اني اُحبكِ عندما تبكينَ واحبُّ وجهكِ غائماً وحزينا   بعض النساء وجوههن جميلهٌ وتصيرُ اجملَ عندما يبكين,sadness
: خايف مع الايام تنسي اللي بينا قوام :)!,fear
الكهرباء تستمر في معاقبه المواطنين في صيف الرياض...,anger
رب كن لاخواننا في وزدهم صبراً وثباتاً وعليك باعداء الدين اجمعين . اللهم قد طال ليل الظالمين فارنا فيهم عجائب قدرتك .,sympathy
558: اخترتك حباً لقلبي فلا تكن بغيابك له وجعاً كنت ومازلت لقلبي عشقاً فرفقاً بقلبٍ عشقك ..,love
اسعدني حظي بسماع معلق النيل للرياضه لرفع الاثقال في الاوليمبياد..احا,none
خالتها صاحبتي 😓 ربنا يصبرهم ويربط علي قلوبهم وينتقم من الفجره دول,sympathy
السوريين الله يرحمهم برحمته  تراجف ايديني من البرد وقول,sympathy
خايف يطول البعد ، وتسج مني وياخذ مكانك شخص مهوب يسّواك .,fear
دا النهارده يوم مصر والعرب ف الاوليمبياد بقي يارب دايما فرحانين 👏👏👏,joy
هنا شخص خايف يفتح الموقع ويشوف غياباته 💔.,fear
alnssr  قائد محنك ذو خلق عالي محبوب. من ال الجميع ويستاهل سعاده اللواء جمال الخشرمي كل حب وتقدير واحترام,love
وُ انْ رايتُك للمرهّ الالفُ لنّ تتغير تِلك النبضهَ التيْ اشعُر بهُا حينْ ارَاك❤️  الاول,love
ليس هناك رجل يستحق ان تبكي من اجله ،ولا تصدقي انه حزين لفراقك، ف دائما عند كل شرقي بديل ! نزار قباني,sadness
KIDS: يعجز اللسان عن وصف حال  اطفال سوريا اللهم انهم مغلوبون فانصرهم 💔  اطفال سوريه  سوريه  يارب  صوره  مؤلمه  حمص  الثوره …,sympathy
فظ محمد اظهارخان:03452498306 03002070292,anger
😂😂😂 انا خايفه ادخل تويتر مو بس حسابك,fear
: الست بتقول للقاضي اشوفه يا بيه 3 ثواني ابني معملش حاجه . خدوا عليا اقرار  زل,sadness
القسوه لاتكون دائماً عنوان للقلوب الميته فَ بعض القلوب تنبض بالجمال والحب لكنها تقسو لانها خائفه من اعاده تجربه مؤلمه,fear
شخص اناني ولا يمت بعراقه اغلب اجيال ارسنال ، هنري يهين ارسنال بـ كلامه ، وفينجر يهين ارسنال بـ افعاله مؤخراً ..,anger
امُي قدام حسّن غمازاتها انا مغلوب امري.,love
حجازي طويل اوي ايههه داااا,surprise
غير مستغرب من طيران الامارات ، ذوق وخدمه ممتازه وتعويض المتضرر وسرعه الخدمه ....الي الامام,joy
لو تسال عيوني حدود التمني .. قالت لقي وجهك وجلسه قبالك💜  احبك,love
1988massacre نظام ايران استبدادي درجه اولي لابد ان يواجه بقوه وغضب,anger
هي  العلوقيه  دخلت الاوليمبياد ولا لسه .. ما نبدا احنا ونعمل اتحاد للعبه!  دهب  دهب  دهب,none
معلومتين علي الماشي: مروان رجب غالبا مش مكمل بعد الاوليمبياد (اتحاد اليد هايتغير في اكتوبر) تعليق الامل علي التاهل للدور الثاني سذاجه,none
تقول  فتاه توفيت امي اثناء ولادتي فاخذت اخر  نفس من انفاسها تاملوه جيدا  مؤلمه  لحد,sadness
اني عرفتُ من النساءِ قبائلاً لكنْ كرسمكِ لم تجد الواني <3 ~,love
الارجنتين خرجت من منافسات كره القدم في الاوليمبياد بعد ما اتعادلت مع الهندوراس.. الهندوراس اتاهلت بفرق الاهداف  Football,none
كسم ريال مدريد ياعم :D,anger
اذا قلت  احبك  فاحترم هذا الميثاق، واحمل هذه الامانه، واصدق في هذه التبعه، واوف بهذا العقد.,love
انتوا ابتديتوا تزايدوا علي احمد زويل !!! انتو ايه !! صراصير ؟ مفيش احساس,anger
الناس اللي ضغطهم عالي دول ربنا يتولاهم وخصوصا اللي يبضايقوا من اقل حاجه,sympathy
:  منَ تعلم الاكتفاء بَ شخْص واحد ،عرف معّني  الحٌب .,love
10 واعلموا يا احرار  القطيف باننا معكم قلبا وقالبا  قلوبنا معكم وسيوفنا مسلوله معكم   عهداً لن تكونوا في المواجهه و…,sympathy
Copied  عامل نفسه من     بنها    .. اشمعني     بنها    ؟  عمرك فكرت ايه هو السر ورا جمله     عامل نفسك من بنها     ؟!! السبب هو...,surprise
: زي انهارده من 15 سنه الاهلي فشخ ريال مدريد في ستاد القاهره.,joy
هتفشل الاوليمبياد دي واضحه يعني,none
الله يسلمك انا مره خايفه ومو عارفه كيف ابدا....ارجوك كوني معاي,fear
l banna:   هو برضو ! برضو ! .... انتي كمان بيحصل معاكي الحاجات دي ...!! ياسبحان الله😁,surprise
لا مش معقوووول ههههههههههه!!! واو. طب مين هيدفع لبعض الناس و هو فالسجن؟,surprise
ماتش للتاااااااااااااااريخ ، الباشمهندس ديلبوترو يفوز بمجموعتين لواحد في واحده من افضل مباريات التنس في الاوليمبياد  Rio2016  tennis,none
maher  انا بمتحن ✋,fear
: رفيق السوء مثل البعوض لا تحسّ به الا بعد اللّسع.  .  مصطفي المنفلوطي,sadness
انا مرعوبه من الليڤل اللي الناس وصلتله والله,fear
هو مين ابن الوسخه اللي رفع علم السعوديه من بعثه مصر في الاوليمبياد ؟؟ حد عنده معلومات عن المعتوه ده ؟,anger
ابقي اعرف  قيمتك عندهم الاول ، قبل ما تقولهم عشان  خاطري,sadness
صار ليل و قامت العالم تروح خايفه انك مثل هالعالم تروح !,fear
تركي العواد يسيء للسعوديات ياخي انا مستغرب الدرباويه وينهم عنه ي  الدرباويه???? هذا قعد يغلط علي امهاتكم ????????????,anger
جمال الغندور : هدفي مباره  الزمالك في ماتش انبي صحيحه .. و ضربه جزاء الزمالك غير صحيحه . و ضربه جزاء انبي صحيحه . و كان يجب طرد احمد علي,joy
: صور المذبحه الي تعرض لها المرتزقه وجنود وضباط  السعوديه يوم امس في زحفهم الفاشل علي  الطوال و  حرض  تسلم الايادي,anger
وبغض النظر عن كل شيء يبقي المصرين الوحيدين اللي شتمو وسخرو وشغالين تريقه علي لاعبيهم المصرين في الاوليمبياد حتي اصابهم الاحباط ومفيش دعم لهم,sadness
مذبحه رابعه  رابعه  رابعه قصه وطن  لن تكرم امه يهان نساؤها,sadness
نجي لرد الجميل للكويت عندما احتل صدام الكويت في عهد الملك فهد  تعرفون القصه كلها حقت الغزو  هنا السعوديه ردت الجميل للكويت,anger
انا خدت الحاجات دي امتي   هنجح ازاي     انا عايش ليه * واحد قاعد ف امتحان الميدتيرم *,surprise
شيرين صوتها نفس اصواتنا طبيعي .. 😴,surprise
khafajia: ❈↝❤ ﴿  سـلاماً علـي مـن راي في الحب عينـيّ وعيني گادت تجن فيه` 👀🙈🙊,love
شوفي عاوزانا نعمل ايه واحنا نتفق كلنا ونعمل شيرين يحيي  مكملين مع شيرين   ShereenYehia,joy
الاوليمبياد والرياضه عمومن بالنسبالنا كعرب علمتني ان اللاعب اللي هنركز معاه كلنا مش هيعمل حاجه سيبوا الناس في حالها وخلونا نتفاجئ  Rio2016,none
اسهر علي طاريك لمطلع الشمس وكل ما جيت بنام اشتاق لك اكثر ❤️  كلام,love
يبقي الكِتمان ارّقي انواع الوجَع.,sadness
طلعت اعرف امتنان من اكثر من سنه,joy
فيه كام حبايه كده في الاوليمبياد لازم نعرف عناوينهم عشان نجيب لفه من خالد و ننول الرضا 😂,none
يارب تسهلي اختباراتي 😭حتي نوم ما اقدر انام خايفه 😞انا الانسانه الوحيده اللي شايله هم كل شي 😂ياربي ماهاذا,fear
احرزت  البحرينيه   روت جيبيت  اول ميداليه ذهبيه  للعرب  في الاوليمبياد ... واقع مبهر 😂😂,none
qqq والله خايفه من تاسونامي,fear
اللهم كن لاخواننا المسلمين المستضعفين في كل مكان وانصرهم علي عدوك وعدوهم، يارب اجعل للمسلمين فرجاً عاجلا  امين  يارب,sympathy
الاهتمام و التقدير مفتاح اي حد,joy
مش  مصدقه حاجه كان كل دا كابوس ، اكيد العيب فيا.,sadness
انا طلعت عامله فولو لناس بضان كدا,surprise
م انت حسيت بدفا غريب اول م دخلت,surprise
كل الايام تبقي خرا كده !!!,surprise
كلمينا عن تجربتك في الاوليمبياد 😂😂🎤🎤,none
كل اللي يخصني في الاوليمبياد دي الباليه المائي لما تيجي فقره الباليه المائي حد يقولي,none
اللهم كما نصرت موسي علي فرعون فانصر عبادك المظلومين المستضعفين علي طواغيت الارض يا قوي يا عزيز يا حكيم  ليبيا  اليمن  مصر  القدس,sympathy
دلمها هاد الاوليمبياد جات فشهر 8 ههههه,none
مبتفرجش علي الاوليمبياد والكوره مبفهمهاش ومش معايا فلوس ادخل الافلام الجديده ومش عارفه اواكب العصر خالص,sadness
هو افتتاح الاوليمبياد امتي؟,none
الحب مش امنيه .. الامنيه ان الحب يدوووم ❤️,love
✱ ㅤㅤ ㅤㅤ من كثر ما صوتي من الفرقي ، احس بـ ان الدمع من  صوتي نزل !,sadness
قطر داخله الاوليمبياد بــ 25 لاعب . اللي عايز يسرق قطر يستغل الفرصه دي البلد كلها في البرازيل 😂  البرازيل,none
07    تحرض مين والناس دايخين ههههههههههههه لو بتحرض كان حرضوا ايام ثوره حُنين ، لكن الشعب يبي ال سعود بس كثيييير اشياء تغبن ????,love
اولئك الذين يملكون قلوبًا مليئه بالمحبه، تكون اياديهم دائمه ممدوده*  زياره الاربعين  الاربعين  يا حسين 💚🙏🏼,love
و اغاني تانيه بس مش فاكره حاجه غير دلوقتي :D,joy
k0: كل التوفيق لسلطان العنزي موفق يارب ????????????,love
هي الشبكه كانت واقعه ليه !!!؟,surprise
دجوكوفيتش بره الاوليمبياد ، يروح يشوفله كلبه بقي,anger
انا طول الاوليمبياد مقضياها  امتي هنفرح بقي  بصوت,none
هو من امتي اللي عمرهم ما فهموا او تابعوا رياضه بيتابعوا الاوليمبياد؟,none
تحيه مسائيه معطر بعطر الورد تحيه طيبه يا ابطال العراق كلنا معكم يا ابطال ندعوا لكم بنصبر والثبات لتحرير ارض الوطن,sympathy
مفوزين كوبل الحموضه !!!!!!!,surprise
بتخلص الباقه بسرعه و كده؟ انا خايفه اغير الشريحه 🙄,fear
Rio2016 المصريون في  الاوليمبياد وثقافه الاستسلام للفشل :(,sadness
سبحان الله بيجو ف الايام اللي مدايقه فيها جدا و ع اخري و يبوظ و يرخمو اكتر !!!!,surprise
رايك ف الشبكه الفضه جميله جدا وتحسسك ان العروسه واخده مركز تاني في الاوليمبياد 😂😂 ماتنفعش طبعا انت ممكن تقلل الدهب احسن واشيك :),none
انا لو مكان اي لاعب من اللي في الاوليمبياد دول وجاتلي فرصه اني اتجنس بجنسيه اي بلد مش هفكر لحظه في اني ارفض,none
تفتكروا لو احمد موسي دخل الاوليمبياد هياخد ميداليه ذهبيه في ايه؟,none
اذا احببت شخصاً .. خذه معك في دعائك دون علمه .. فهكذا يكون اجمل .. واقرب الي  الله ..🌹,love
و الحنين اللي يغنيه  السهر ، يعتريه احساس  متبلدّ و خوف صدّتك اجحاف و غيابك ، ماتحس و لا  تحن و لا تروف .,sadness
روح يا عبدالسلام وراها اشمعنا دي يعني  هو الكنترول ده مستكتر علينا ننام يوم مبسوطين  DoaaElSebaii  StaracArabia,sadness
ربي ان لي رفيق احب قربه ولقاءه فلا تحرمني من وجوده بحياتي. وحدك اعلم بما له بالقلب  سكع  نمير البيان  نبض مغرد,love
خايفه وبقوه كمان بس السبب مجهول .,fear
قطر داخله الاوليمبياد ب 25 رياضي يعني فرصه اللي عاوز يسرق قطر البلد كلها في البرازيل 󾌸,none
هو في سؤال عندي من زمان ، هو اللجنه الاوليمبيه بتجيب فلوس ازاي؟ يعني مفيش حقوق بث بتتباع بارقام كبيره ولا اعلانات في الاوليمبياد,surprise
تنام عيناي .. ولا ينام قلبي ! يالبعثرات قلبي .. الا تهدا !!  مشتاق,sadness
DoaaElSebaii يا حياااااااتي يا دعاااااء انا بحببببببببببببك اوووووي يا حبيبتي مستنياكي ع نااااار,joy
تحيه صمود لكل واحد عايش في مصر لحد دلوقتي ومشربش سجاير ولا شيشه ، ولا بيحشش ولا جرب اي نوع من المخدرات علشان يواجه هذا الواقع البائس ????,sadness
خصوصا انك من مكه راح تنتهي منها وانتي مرعوبه,fear
: في اتلانتا 1996 اعظم من نال شرف اشعالها الاسطوره الراحله محمد علي كلاي  ، مشهد الشعله وهي ترتجف في يديه لن تمحي من ذاكره اي ع…,sympathy
احنا معندناش ادني اهتمام باللاعيبه او تدريب..واكيد شغتي ايهاب اللي خد ميداليه ده بيتدرب فين..وصولهم الاوليمبياد انجاز وحده,anger
8888: اللهم ارزقه لذه النظر الي وجهك والشوق الي لقاءك اللهم ارجع نفسه اليك راضيه مرضيه  محمد الوهيب,sympathy
فيه واخد في الاوليمبياد في المصارعه ايراني اسمه سعيد مراد يا مطوبس :D,none
گلنا دشتي گلمه حق امام سلطان جائر,sadness
ملحمه حلب الكبري  بالامس تبجح الروس  عن ممرات امنه للعبور  واليوم يبحث كلاب النظام وايران عن ممرات امنه للهروب....,anger
دخله الاوليمبياد دي بتفكرني بالاسبوع الثقافي اللي كان عندنا 😍,none
فيليبس لوحده 22 ذهبيه في الاوليمبياد وممكن يزيدوا و الدول العربيه كلها علي مدار تاريخ الالعاب الاوليمبيه 24 ذهبيه علي الدنيا السلانكاتيه,none
: بنت مصر شرفت مصر ✌  ساره سمير  جبهه شعب مصر,joy
: تمت محاكمه من تحدث عن الفساد  متي نحاكم الفاسدين ومتي نتخذ خطوات ايجابيه للقضاء علي الفساد الذي استشري في مؤسسات... ht…,anger
الاوليمبياد دي برضه من الحاجات اللي واحد لازم يتفرج عليها,none
مسائك اجمل,joy
*الله اكبر الله اكبر لا اله الا الله* *الله اكبر الله اكبر ولله الحمد*  مبروك فك حصار حلب,joy
مش نا لي درتها ظلمتني محمد خويا☜♨,joy
يعني لاعب مصري يرفع العلم السعودي ليه هو انت مولود هناك ولا اصلا ايه فضل السعوديه عليك عشان ترفع علمها في الاوليمبياد اللاعب دا لازم يرجع,surprise
لا تُـعطي قلبك لمن لا قلبَ له لانهُ حتماً سَـيَخذِلُك  ولا تُعطي حروفكَ لمن لا يقرا. لانهُ بلا شكّْ سَيُسيءُ فَهمكْ .,sadness
tottie: كسم حازم امام ابن المره المتناكه كلب مرتضي,anger
انا كان بقالي كتير مرتاحه الي حد ما .. ايه كسره النفس دي !😑,surprise
انني خائفه جدًا، لا اعلم لماذا ! لازال قلبي علي قيد الحياه، لازالت دموعي تنهمر عندما اتذكرك..,fear
nada:  poyrazkarayel راح تظل دايما خايفه ومرعوبه ان شي سيء بيصير ان بيتركها او انه يمكن يموت وترجع تعيش نفس الشي من جديدوهذا الل…,fear
Khalfan   يا بغل اللي دعاء رئيس البرلمان  وانت ويش دخلك في اليمن  وبعدين انت حارس قحاب متفهم في البرلمان انت حارس خمر وبس,anger
السيسي يشيد بـ تجنب التخريب  ويكافئ المصريين بقرار صادم  سيسي  تخريب  مصريين  قرار,surprise
بلد محبوس فيها كاتب روائي لمده سنتين تقريباً، اسمه احمد ناجي بسبب فصل في روايه، والتهمه خدش الحياء العام، شخر وقول احا انت ساكت ليه..,anger
الحمدلله وباذن الله يفرح المسلمين بتحرير الشام اجمع  مبروك فك حصار حلب,joy
مش عارف بصراحه انا مجربتش,fear
بتعامل مع اخويا بمبدا  اذا جاء ميعاد المسلسل ... فعلي الاوليمبياد السلانكسيه 😂✋,none
ليله ساره سمير برونزيه الاوليمبياد  مملكه العيله والدعم,none
خوف غريب زي لما تخاف الشخص يعافك من تصرفاتك وبنفس الوقت مو قادر تغير هالتصرفات.,fear
لو ماكانش في الاوليمبياد الا ماتش صربيا وامريكا في نص نهائي الكره الطائره سيدات كان هايبقي كفايه جداً. بس الروعه ان في بتاع 100 لحظه زي دي 😀,joy
ساكت من برا .. بس راديو من جوا,sadness
: حال قحاب السعوديه بالشقق..يرقصونها وينيكونها اما بمشروب او بفلوس ..,anger
انا عم بنتقد جوده الاغاني الجديده لاني بحبك وبيهمني تشوفي تعليقاتي لاني بيهمني تقدمي الافضل وبتمني ترجعي تتعاوني مع محمد الرفاعي ♥,love
: وقَنِعْتُ باللّقْيا واوّلِ نَظْرَهٍ انّ القَليلَ مِنَ الحَبيبِ كَثيرُ  شعر فصيح  شعر  فصيح  فصحي  ابيات خالده  ابيات…,love
بس سيبك انت ... انا مبسوط باللي حصل انهارده و امبارح ...   محدش قالي عقبالك   :D =))),joy
ذعر في اليابان بسبب انذار خاطئ بزلزال مدمر,fear
فيها ايه خايف يقول وانا مش هقول كل اللي حاسه انا بيه,sadness
Rio2016 بحب اتفرج في الاوليمبياد علي العاب القوي والسباحه ورفع الاثقال,none
صور:  اتهموا افعي بالتهام  ماشيتهم.. فعثروا علي  مفاجاه عند شق  بطنها المنتفخ!,surprise
الخيبه تاتي دائماً من الذين قدمنا لهم كل شئ ،،  خيبه  حقيقه,sadness
العلاقات اللي بدوم و بتنحفر فالقلب و بتكون فريده و مش بتتوصف و لا بيتحكي عنها 💙  قلب  روح الطبيعه  ميزاني,love
فيه فيلم مرعب ابي اتفرج فيه وخايفه والله قبل لا اتفرج😩 هذا كبري ومازلت اخاف😩💔,fear
مطلعين فرسه من صاله المطار قدامي .. ايه الجمال دا,joy
بقالي فتره كبيره محستش اني تعبانه و مهدوده بالشكل دا !! اللي هو في ايه بجد يعني !,surprise
رب ااغفر ﻻارواح رحلت ومازالت ذكراهم باقيه ، اللهم ارحمهم وتجاوز عنهم واسكنهم فردوسك اﻻعلي ،، يارب ،،  ساعه استجابه,sympathy
جدا ان تقاطعهم لكي تجعلهم يشتاقون لك ثم تتفاجئ بان غيابك لم يشعر به احد ~~⚜,sadness
bin fahad: الامم المتحده تمنح جائزه     افضل ممثل لبلادها     للشابه السعوديه  رزان العقيل . مبروك علينا جميعاً ????????.,joy
احنا عندنا ناس حلوه بس محدش بيقدرها ومحدش بيشجعها ولا بيساعدها.وعلي الرغم من كده بينجحوا  ابطالنا في الاوليمبياد,surprise
Madaniah معليش تكون منطقي هالمقطع مركب او ماخوذ من فلم . لان بعصرناهاد كميرات التصوير بهالردائه؟؟!🤔🤔,surprise
ادري انك صرت ضمن المستحيل بس قلبي رغم بعدك ... مـا نســاك وادري اني ممكـن القـي لك بديل بـس ويــن اللـي.. يسـاوي غــلاك♡  الحياه,love
: اِسقنِي من فاكَ ي سّدي حُلو الشراب .. ففي شفتيكَ منبعُ السّكرْ ♥ ♬  يا عاشقي  بقلمي  خواطر  حبيبي  حب,love
لا والله كان الله في عونهم ، الشباب تحديداً,sympathy
يا جدعان ممسوك ب 68 كيلو حشيش مٌتلبس. يطلع ازاي بس؟!! بلاش جنان.,surprise
هل هناك وجع اقسي من ان يقف الكلام بين فمك وحنجرتك ان اظهرته ندمت وان ابقيته تالمت .💔 . . . 🌸🍃,sadness
معاكي بس انا سؤالي من البدايه هو رايح الاوليمبياد ليه ؟؟ يجيب ميداليه واللا ياخد موقف سياسي ؟,surprise
ذوبان روح في روح ليكونان جسداً واحد,love
احمد ابو غوش قطّع الواد الروسي في النهائي . اول ذهبيه واول ميداليه علي الاطلاق تحققها الاردن في تاريخ الاوليمبياد .,joy
sultanh95   ii270 شكلك خايفه من مدرب الدجاج,fear
محاكمه عسكريه. لكل من يحاول ان يمس مقدرات وطننا الغالي. باحتكار الدولار او الاتجار به في السوق السوداء.  افرم يا سيسي.  مفيهاش هزار.,anger
احترم ابو اربع وثلاث سنين عشان اهلهم مايزعلون علي 💔,sadness
اخواننا في جنوب  اليمن كان الله في عونهم علي ما هم فيه ، فـ الوضع عندهم كل يوم يزداد صعوبه ولا نري اي وجود للشرعيه علي الارض ...,sympathy
شكراً لانك في حياتي ، شكراً لانك حياتي  صباح الحب ?,joy
mujawir   معني كلامه بشار مجني عليه والشعب السوري هو الجاني! جزائري متشيع فضحته الثوره السوريه علي حقيقته!!,anger
فعلا الحياء والعفه تشمل كلا من الرجال والنساء وهي احدئ صفات الانبياء  اللهم ارزق نساءنا عفه فاطمه عليها السلام,love
الدموع رافضه تنزل  والقلب حالف مايبطل,sadness
مفيش احسن من الشخص اللي يفهمك وانت زعلان حتي لو ضحكت ❤,joy
:  كلنا سلمان جهود اسطورتي ابو فهد اكبر من الكلام لله دره من قائد عظيم,joy
صباح العسل والقشطه ازاي بس .... وانت مصحيني من احلي نومه 😒👊,surprise
: بدات بقطاع المقاولات ولكن لن تنتهي عنده وستشهد نسب البطاله قفزات كبيره ان لم يتم ضخ اموال انعاش للاقتصاد الداخلي .  افلاس الشر…,fear
ورايا امتحان ابن جزمه كمان خمس ساعات و مش ناقصه,anger
al hasi الله يربحك خايفه من غادي ماتزيدها😭😭😭😭,fear
KSA: لاعب نادي  النصر يضيّع ضربه جزاء ! ويضربها بطريقه غريبه !  نادي النصر  الهلال  الشباب  الاهلي  الاتحاد  الاتحاد,anger
بهواك ♡♥,joy
: اللَّهُمَّ وَحِّدْ صَفَّهُم ، وَاجْمَعْ كَلِمَتَهُم ، وَرُدَّهُم اِلَيْكَ رَدَّاً جَمِيلاً .  بورما,sympathy
اللي عندهم وقت يتابعوا كل العاب الاوليمبياد دول اكتر ناس الفراغ نايكهم,none
خايف اتعـود علي الدنيا بدونك ، هذا اغـرب خوف مـر بـحياتي !,fear
sewaj لا والله انا متعاطف مع المسلم بغض النظر عن الدين ! ولم اصوت للعابد لانه لايستحق !,sympathy
جنود بريطانيون يرمون اوسمتهم امام مبني الحكومه لا يمكننا ان نجني السلام ونحن نقتل مدنيين بحجه  داعش وعلي  بريطانيا بالانسحاب من التحالف الدولي,sadness
yousef استاذ وسيم شوف تركي الحمد الي اضفته ضايف هذا اساطير الاولين الي يطعن في القران ويستهزا به ضايف ملحد,anger
محمد يوسف بطل مصر يغيب عن الاوليمبياد فقط لانه ارتدي تيشيرت يحمل شاره رابعه في بطوله العالم منذ عامين,none
والله الرفعه دي غلط معلق مصري علي الاوليمبياد .. يا رب الصوت يتقطع,none
لما يكون الحال      اجسام بغال واحلام عصافير      ستكثر امثال انا تو مخلص صايح ????????????.. الله يهديه  الرومانسيه الكاذبه  انا تو مخلص صايح,anger
فليطح كل كلامه عن الرمايه ، يقول ناديهم دعمهم خلال الاوليمبياد .. انزين و السباحه ؟ و مبارزه الشيش؟,none
: نبارك لكم ميلاد ✋ انيس النفوس ???????? علي بن موسي ???? الرضا عليه السلام ????,love
: وما  الحُب الا ان تخاف  الله فيمن  تُحب✋💕,love
اشيلك من بالي؟؟؟,surprise
بقي انتوا قاعدين تتفرجوا علي الاوليمبياد وتتمنيكوا علي بعض وانا العرق بعبيه ف ازايز ياولاد الشراميط يا مدنيين.,anger
اللي مستني ان مصر تتاهل للدور التاني في الاوليمبياد في اليد، يا ريت ياخد حبيتين اسبرين وينام,sadness
: ليس ذاك الشيء الذي تبحث عنه وقت فراغك او بعد منتصف الليل ان احببت بصدق ستجد نفسك مع من تحب طيله الوقت !,love
لا ده اسمه علي اسم الغالي اسمه احمد **,joy
يعني انتهت سوريا وصارت دويلات  هههههههه هههههههههه هههههههههه  ياسلاااااااااااااام  . ولين الان لم اسمع اي  تنديد عربي  يا سلاااااااااااام,sadness
الله يعينك وانا اخوك ... انا بصراحه متعاطف معك الي ابعد درجه ... مو عشان حالتك لان حالتك مرضيه وطبيعيه ولها علاج .. 1,sympathy
انحدرت اميركا علي ايدي ايدي بوش من امه عظيمه الي دوله ارهابيه ظلاميه فاشله وحقيره متخلفه منذ ان تحالفت مع ايران...,anger
ب مُختصـر الكـلام انـا بخيـر لانـك بقلبـي .. ❤️,love
لا صوت يعلو فوق صوت الاوليمبياد,none
يعني الهو مش فاهمين هو كده!,surprise
عايز اعرف ناس جديده بس خايف يطلعوا زي اللي قبلهم.,fear
: يامن كنت اتمناها ان تاتي في الاحلام حلمت بك تمنيتك تخيلتك فوجدتك حقيقه كما رايتها في الاحلام رايتك بسمه فرحه عشق سهل ا…,love
ماهو خلص الفيلم اللي كتبته علي عكس ما كنت انا بتمني .. دا انا كنت في حبك من الاول ابليس متعشم في الجنه,surprise
صباح الورد جميعا  مدينه الشيخ زايد,joy
الحب عباره عن مجموعه من العواطف المتداخله  كالوان قوس قزح.. فلا يعرف  العاشق في مجال اي لون هو قابع... اتراه…,love
يا اسفي علي من كانوا كل فرحتي وقوتي تالم يا قللي تالم,sadness
المصريين رايحين الاوليمبياد عشان يتصوروا ويرجعوا !,surprise
دايم احساسي صح جدا خايفه.,fear
ثوره الغلابه ثوره الغلابه ستكون اكثر تعاطفا لدي الشعوب الاسلاميه والعربيه من جميع الثورات التي حصلت في مصر اثناء الربيع العربي,sympathy
ومش عارف عشان اتنَسيت .. ولا زعلان عشان  بقيت وحدڪ 󾍀 ❤ .,sadness
regular: يُبرحنا العشقُ وجعاً ... ولا نتوب  حقيقه  بوح  بقلمي  العشق  الم  وجع  بوح قلم,love
عن الحب يقول الشاعر  انصح المتزوج بالتعدد ،   روي لي جدي وحذرني منه ! وبكي صديقي امامي بسببه ومع ذلك مارست سذاجه الرجال ووقعت به .! 💔,love
: احمد الفريدي كيف كان مع الهلال  و الان كيف!  نادي قذر تعصب تخلف ????????  دوره تبوك الدوليه   النصر الوداد,anger
الاوليمبياد هي من فقدتك 💔✋,sadness
اقسم بالله منا عارف منتخبنا دا بيفوز ازاي😂 بس هي دعوات المصرين 😂😂,surprise
نساء الاولمبياد لايمثلوننا فعلا ، الرياضه قناع لما ورائه.  الرياضه للجميع و كل مجتمع له ضوابطه. ذريعه  الاوليمبياد طاشت منها العقول، كفي ✋,sadness
MhMd : خايفه من كل الناس ومش عارفه اتعامل مع حد ولا عاوزه حتي اجرب اتعامل مع ناس تاني ،،،، انا مش كويسه ومش هبقي ....,fear
: تحيه اجلال وتقدير للشعب السعودي الصامد نحن معكم ضد جشع شركات الاتصال  اليوم 75 stc راح نفلسكم,sympathy
تنديد واسع بمهاجمه ترامب عائله جندي اميركي: يتعرض المرشح الجمهوري للانتخابات الاميركيه دونالد ترامب الي هجوم متعدد…,anger
قمه الظلم والتسلط والحقاره، اسال الله ان يرحم ضعف سكان الموصل، وان يقيض لهم من ينصرهم,sympathy
اما نستضيف الاوليمبياد ... نبقي نعمل مسابقات التجديف ف قناه السويس 😂,none
:  سعوديات نطالب باسقاط الولايه7 انا بس حزينه ع تربيه الام السعوديه ليش تربي بنتها انها تحتقر نفسها! معقوله بنات مواليد 90 ومتربين…,sadness
مفيش تحقيق مع الواد الاهبل اللي رفع علم السعوديه في افتتاح الاوليمبياد ولا مع رئيس االبعثه ولا قرار باعاده اللاعب لمصر مع عرضه علي طبيب نفسي,none
salyy: فقدنا الكثير من الكلام ،، والكثير من البكاء ،، ولم يتبقي الا الصمت ،، الذي نعامل فيه بعضنا البعض .,sadness
الان يبدو انك حقا نسيتني الم تعد تهتم لامري ،، ما كان عليا ان احبك كثيرا !,sadness
بينِي في الحُبّ وبَيْنكَ ما .. لا يَقْدِرُ وَاشٍ .. يُفسِدُهُ !❤️ ..   احمد شوقي.,love
انا بتكلم علي الاوليمبياد و المصري اللي كان في رفع الاثقال,none
هذي زودتها لازم تتربي مو باقي الا تطردنا من بلدنا وتجمع فيه اشكالها واشكال مريم    Talal   نطالب بمحاسبه روضه اليوسف 2,anger
: ان اعناق طيْفك ان ابتسم لذكراك ان استنشق عطرك الملتصق بثيابي .! هي قمّه الاشتياق ♬ ♥  يا عاشقي  خواطر  حب  بقلمي  رومن…,love
الناس ام دم خفيف ♥,joy
دلِني لحضُنك واتركِني اضيْع .. ♡  😴,love
84: شماعتنا الوحيده التي علقنا عليها كل شيء، مسكين هذا الحزن ليس لدينا غيره لنطلخ به تهمه الغياب والجراح والاكاذيب!** .…,sadness
جريء وموضوعي ولا تخشي في الحق لومه لائم استاذ وجيه استمر وافضح الفاسدين  كلنا وجيه عباس✌🏼️,love
الحمدُلله البعثه المصريه التي غادرت الي الاوليمبياد عادت سالمه الي ارض الوطن,joy
كل هذا خوف علي الاكل,fear
متعتي الرئيسيه في الوقت ده اني اتفرج علي الاوليمبياد بتعليق نايل سبورت.,joy
ربّنا اننا امنا فاغفر لنا ذنوبنا وقنا عذاب النار,fear
ارتباط الاوليمبياد بالسياسه موضوع يطول الكلام فيه .. والاكيد ان الاوليمبياد يمكن اول مناسبه رياضيه لابراز تقدم بلدك وانتمائك لها 1,none
لاتنزوي خلف  البُكاء فالماء يهدم شموخ الجبال ..,sadness
الفرصه بنت جميله راكبه عجله ببدال في الاوليمبياد,none
لكل من يريد الشعور بهم وضع نفسه في مكانهم وليتحمل صعاب المعيشه والتعليم والصحه. ..... كان الله في عونهم  النواصره يفدون الوطن,sympathy
رغي مصاطب ...دا مش تعليق علي حاجه باهميه الاوليمبياد ...الدورات الرمضانيه بيكون فيه كلام احسن من كده 😂,sadness
: خايفه تكون نصيب مش مكتوب ليا 💔,fear
في كذا حد كان بيتكلم عنه من قبل الاوليمبياد,none
الرجاله المصريين المشاركين في الاوليمبياد داخلين دخله احمد حلمي في فيلم الناظر شكرا,none
الحقيقه بدت مثل الخيال هو عدوي واذكا حبيب  كل ماقفيت ناداني تعال لذه الحب في الشيء القليل,joy
تركي العواد يسيء للسعوديات مافلح في حراسه المرمي دون التصريحات بعدين يورينا مراجله ويبداء باهل بيته امه وخواته وزوجته ويلبي نداء الوطن,anger
انا مش عارف احب نفسي اصلا هعرف احب حد تاني ازاي بس,surprise
ابتهاج محمد اول امريكيه تشارك في الاوليمبياد بحجاب ، بدات النهارده,none
: انا خايفه.. و مش عارفه ابطل اخاف..!,fear
اكثر ماده خايفه منها الاجتماعيات,fear
خايف اقوله عن شعوري و اخسرهه؟مابي اخسره😍💔,fear
هو فيه اشهر من مشهد بلحه!!!!,surprise
انا مس عشاك كره القدم النسائيه ماتش فرنسا وامريكا ف الاوليمبياد ماتش جميل ولذيذ الله ينور,joy
هو في ناس خلصت اورجانك و سيوتكس ؟,surprise
انا عاوز العب لعبه و اتقنها في خلال 4 سنين الجايين عشان اشارك في الاوليمبياد في اليابان,none
مافيش داعي للاعتذار اصلكم عاملين تغطيه هايلله من اول الاوليمبياد فحبيت اصحح المعلومه مش اكتر,none
في لحظه تاريخيه بتعكس ده جابرييل اندرسن سويسريه لم تكن بطله ابدا لكنها شاركت في ماراتون الاوليمبياد و طلعت الاخيره,none
الام قلب ظاهره وباطنه  الحنان ..!,love
جفت دموع العين والبكاء توفاه الله بروحي كيعقوب !,sadness
sh ek: الحب يغير الاقداريجعلنا نستدفيء بالثلج نتلذذ بالنار  قروب البتار للدعم,love
جماهير الارجنتين في مختلف الالعاب في الاوليمبياد عاملين بهجه غير طبيعيه للبطوله ، في كل مسابقه بيغنوا و يقلبوا المدرج حتي لو خسرانين,joy
2  ابرز نجم في الاوليمبياد ؟    Olympics,none
مش عارف ليش اغلب البنات هون شايفات حالهن .. بلا ع شو ؟,surprise
معنديش الشغف اللي عند الناس كلها بموضوع الاوليمبياد يا خوفي لاكون فقدت شغفي بكل ما يخص البلد دي,none
الكاس يا اهلي علي فكر البرازيل بتلاعب جنوب افريقيا دلؤتي في الاوليمبياد,none
دي ناس متخلفه اصلا فكره الاوليمبياد هي توحيد العالم ونشر التسامح وتناسي الاحقاد والضغائن,none
عزيزي المواطن اللي اتخفض راتبه مافي داعي للزعل لانه الكلام ليس شماته فيك، الكلام ً معك وضد من خفض مرتبك! 🙄,sympathy
مِن عظِيم  الحُب ؛ ان تريٰ نفسك في جسَد اخر .!,love
مول حسان بيولع يا جدعان وفي ناس محبوسه هناك,surprise
ملثم مثل الساحره حقته يوم تتلثم بلندن خايفه احد يخربط لها وجهها خروفها يقلدها????????????????????  كلنا ضد مريم بيفور58,anger
انا اول مره اشوف فتره مسائيه في السباحه في الاوليمبياد والجمهور مش مقفلها دي اول مره حرفيا,none
:  كلنا نايف الجدعي نايف نجم جماهيري كبير من انت يا احمد ترمس عشان تحرمنا ابداعاته؟؟؟؟؟,joy
انا بتقطع من جوايا ونسيت طعم الفرح.,sadness
الصاروخ دخل .. واضح هنستمتع بالمدرجات في الاوليمبياد ده .,joy
:      عندما يغرد الشبيحه فيحكوا عن قواد الضاحيه بانه شريف. لم يعرف التاريخ انجس ولا اجرم من  حسن نصر الله…,anger
نسمه مححجوب دعمت حبيبي محمد شاهين كثفو التصويت وصلوه للقب 22222  MohammadChahine,joy
: المانيا تحذر تركيا من     ابتزاز الاتحاد الاوروبي     بخصوص اللاجئين,anger
: نضيق لكن ​نكتم الھم ب مزوح واذا غدر فينا الزمان ​ابتسمنا  　​​​​　​​​​　​​​​　​​​​ ۔ هذا حالنا.  قروب حاتم للرتويت والدعم.  نبض…,sadness
مصر بتتفشخ في الاوليمبياد  Olympics  Rio2016,surprise
افتتاح الاوليمبياد ف ريو دي جانيرو حاجه تشرح القلب الحزين والله 🙌,joy
فجاه . طلع صوت المصريين .  ماتش كوره .  مصر في موقف .  شجع مصر .  مبروك وامرنا لله,surprise
ماانا اتعودت احلامي اشوفها بتجري قدامي و ماالحقهلش : (!  ياس,sadness
: خطاكم السوء .. يا اهل الامارات الغاليه  الله يحفظكم .. من كل مكروه ..,love
يسقط حكم السيسي، يسقط حكم العسكر، الداخليه بلطجيه.,anger
موافق ان لعيب مصري يقابل لعيب اسرائيلي في الاوليمبياد,none
منتصـف الاشياء ..مخيف جـداً. ان تـقف حائـر ..! بين الشعور واللا شعور ..بين الشوق والاستغنـاء .,fear
لما بتنجرح او بخيب املك بشخص بتصير تبكي بحرقه قلب وبكون جواتك قهر كبير مش لانك زعلان عليه بتبكي ع حالك لانك صدقت ووثقت بهيك حدا 💔,sadness
سباحه مصريه فريده عثمان وصلت سيمي فاينل ف الاوليمبياد 👏👏🏊  RioOlympics2016  OpeningCeremony,joy
ان ما طالوك عابوك فيك والقافله تسير وكلاب مقديشو تنبح هههه  امجد بطل ✌????️❤️     كلنا ضد مريم بيفور63,anger
اجمل  حًُب : حين يُنادي في السماء : ان الله احبّ فلان فـ احبّوه اللهم اجعلنا جميعا ممن تحابوا فيك يارب العالمين  مساء الخير 💕,love
العيال خايفه تنزل تصلي احسن الحكومه تقبض عليهم,fear
لا شيء سوي خيبه جديده اصابتني بعمق,sadness
ممكن يمنعوا الكويت من المشاركه في الاوليمبياد لكن لا يستطيعوا منع الكويتيين من الفوز بالميداليات  فهيد الديحاني,none
sh خايك معا حمد ويقولوله دودو :)),joy
يلا يا توفيق يا معرررررررص,anger
انسحب بالفعل الاعب المصري من الاوليمبياد لرفضه اللعب من لاعب اسرائيلي .. عاش يا بطل,joy
لذيذه اوووي الاوليمبياد دي 😍😍,joy
: دمعه تتالم ، قلب يتمزق ، ذاكره فارغه ، شوقٌ ينزف عروق تتعطش للقاء ، وحزنٌ لا يُفارقني ، الا يحقُ لي البُكاء  ر,sadness
K7 I   حبيت اشارك تعاطفًا معهم ولا تاقهم مخيس,sympathy
alghfaily: يارب اشتد الكرب وعظم الخطب في ، تكالب عليها و سائر الشام اعداء الاسلام؛ فاللهم فرج كربهم، وانتقم من عدوك وعدوهم، وا…,sympathy
التاجر لما يفلس    .. السيسي يبيع قصور الاوقاف المصريه في اليونان   علي راي المثل الشعبي     التاجر لما بفلس يفتش...,anger
شكون حنا حتي تحاكمو شخص حر يدير شنو ما بغا بحياته متعاطف مع  الصنهاجي,sympathy
انا مش دحيحه بس متعاطفه معاهم .,sympathy
علموا اولادكم السباحه والرمايه وركوب الخيل وفي الاوليمبياد الكفار هم من حصدوا جميع جوائز السباحه والرمايه وركوب الخيل,none
شكلهم مخيف جدا بجد,fear
اول طالب يجتمع عليه حب الطﻻب كلهم ويطالبو كل فانزاتهتم بالتصويت ليه  محمد شاهين   ليث المصري السادس   كنزه حبيبه المصريين,joy
عملتلي ريتويت اذاً هي جميله *.*,joy
عبدالظاهر هايل الشوط التاني,joy
دا انا فاتني كتير بقي 😑,surprise
مجلس النواب لا يمثلني ولا يمثل ابوووي  مجلس النواب لايمثلني,anger
اعاني من خوف مستمر لدرجه ابغا يصير اللي اخاف منه عشان ابطل اخاف بس اني خايفه.,fear
معقوله شوقي لك ما ضعف من 14 سنه ؟!  حب  احبك,surprise
OTB     almualim  وحتي ما تنضرب ابها الجديده .. ما ادري شنو الزين فيها,anger
: انا معكم من كل قلبي الصراحه انا عندي موبايلي بس انا فداء الشعب السعودي استمرو و و و و و و و و  اليوم 75 stc راح نفلسكم,sympathy
احبك في الله  صوره  نشر سيرته    ﷺ,love
رايك يحترم ياغالي الاهلي يفرق عن الاتفاق في كثير من الامور والكفه تميل لصالحه مع كل الحب والتقدير لفارس الدهناء,love
انا بقربگ اعيش الهنا 💋💕🍃,love
ولو كانو مو عملاء وينشد فيهم الضهر ... كان اردوغان ماراح يحالف روسيا وايران ... بس يعرفهم عملاء كلاب مستؤجره عند امريكا,anger
حماده طلعت افتكروا الاسم كويس عشان الناس هنا في مصر تعرف انه فيه اوساخ رايحه الاوليمبياد عشان تفضحنا,anger
alsalh:   ربنا يحفظهم ويصبرهم وينصرهم علي اعداء اليمن ان شاء الله,sympathy
badr:  يوم الاعسر العالمي امي يوم شافتني اكتب باليسار قالت لي بتصير عالم كبير ، لن اخيب نظره الغاليه فيني ❤️,joy
كل الدوريات الكبري هتبدا النهارده و نهائي الاوليمبياد,none
a7wgya ههههههعع لا ماهو انا خلصت,joy
يجب مسائله البيشمركه التي انسحبت من جبل سنجار دون مقاومه داعش الذي احتل سنجار وارتكب افضع الجرائم وهنا يجب ان تبسط قوات العراقيه الامن هناك,anger
افتتاح الالعاب الاوليمبياد في ريو دي جانيرو البرازيل 2016 جميل روعه في كل شي ....,joy
اكثر من 60 شهيد اليوم في وعشرات الجرحي وعالقين تحت الانقاض لا تستطيع حتي فرق الدفاع المدني الوصول اليهم .. يارب ارحمهم و احميهم…,sympathy
انا مهزرتش معاك هناك اصلا عشان عامل نفسك مقموص وعايش الدور واللي هزرت معاهم ناس ليا معاهم هزار.,anger
و مين غيرك في قلبي اكتبله مرسالي,joy
مايكل فيلبس السباح الامريكي هو الرياضي الاعظم في تاريخ الاوليمبياد : خيال واراده,none
الخليج ، بنت المصانع الحربيه واستعدت لمواجهه غطرسه الغرب وامريكا واسرائيل وليس بالضروره ان تقوم بحرب لاثبات قوتها,joy
كان راح يسلي وقته و هو مصاب و مثل ويلز في الاوليمبياد في الجولف فعلًا 😂😂,none
اميييييين يارب 👐✌ 😔 الله يفرجها قريبا اخواتنا لا حول و لا قوه الا بالله علي هذا الظلم 😒😒😒,sympathy
روسيا قصفت المستشفيات كلها في حلب روسيا دوله معتديه قاتله للمرضي والاطفال  روسيا باذن الله ستفشل وتنهزم ككلب اجرب روسيا دوله فاشيه قذره,anger
صباح الخير يااول من ذكرته مع طلوع الصبح... صباح الخير يااخر من ذكرته ليله البارح... صباحيات  فقد,love
فينو الاهبل ابن الاهبل,anger
واذا كانت نيتي زباله يديني ازاي بس ؟!!  ربنا يديك علي قد نيتك,surprise
يا خساره ...,sadness
^^   انتـي بقـي كــائن ايــه !!؟ 👯 = انــــا بقـي كــائـن  النـكـد ، بنت ميتين  الحــزن ،  الموكوسه بـ زياده 🙉🙈🙊,sadness
لما نلاقي واحد زي ابراهيم عيسي مخصص اكتر من حلقه لتسفيه وتتفيه ما حققناه في الاوليمبياد، عن الاحباط اتحدث,sadness
انتِ لي كل الفرح وانتِ لي اجمل شعور✨❤  رتويت  بوح  خواطر  رومنسي  عشق  حب  حبيبتي  جميل  رائع  صباحيات  ذوق  صباح الخير  كلام حب,love
متتقربش من حد عشان محدش هيفيدك,sadness
لو قاعد زهقان وسهران افتح نايل سبورت نيجيريا بتلاعب اليابان في الاوليمبياد النتيجه 2 2. ولسا في الدقيقه 10 من الشوط الاول 󾌴󾌴,none
العرب ينسخون تجارب اصحابهم الفاشلون ويقلدون السيسي في اخراس افواه معارضيهم حتي القضاء استخدموه كاداه استئصال وقمع واستبداد وبطش وتسلط غاشم!,anger
طب كده نراكم الاوليمبياد الجايه فرق المستوي كبير الشباب حاولوا بس دي امكانيات,sadness
magdii والله مش صعبان عليا غير العساكر الصغيره دي ربنا يحفظهم,sympathy
يا عم حرام عليك دا انا كنت متعقد وانا بشوف بطوله اوروبا اقسم بالله مش مشكله فلات المشكله اعمق من لغد رامي لكح نفسه :D,sadness
مستمرين معكم .  اضراب الاطباء العمانيين5,sympathy
!!شعرها غير طبيعي.. انتي زيها ولا ايه؟,surprise
شوقي السعيد دا بلطجي مش لاعيب كوره والله و هيودينا ف داهيه,anger
:   الله ينصرهم الله يسددرميهم استودعناكم ربي ياحماه الدين والوطن رجال سلمان بن عبدالعزيزال سعود الله الله يجزاهم عناخ…,sympathy
:  الدوله العثمانيه الاسلاميه ستبقي رغم انوف الاعداء ربي احفظ  تركيا المسلمه من مكر الماكرين  واحفظ كل يلاد المسلمين ♡,love
👌👌عن الرعب اللي بتحسه وانت خايف انك متعلق بحاجه روحك فيها..,fear
سوء الاداره  و الفساد و المركزيه و  تفتيت وتشتيت قطاع الكهرباء  والمياه   هي الاسباب وراء كل مشاكل القطاع,anger
انا مازكرتش بجنيه النهارده  اعاااااااااااااااااااااااااا,sadness
جنودنا البواسل نحن فخورون بكم وقلوبنا معكم حفظكم الله وسدد خطاكم  جنودنا البواسل  عاصفه الحزم  القوات المسلحه…,sympathy
بخاف من الموت! خايف لما اموت اسمع الايه دي   (( يقول يا ليتني قدمت لحياتي )).,fear
انا انسرقت ياقدعان😩😩💔😭😭😭😭 اول مره احس اني حماره  غبنه,sadness
:  اقترح اسم وكاله الفضاء المصريه كفايه اسم مصر يا زباله انت وهو وهي مصر العزه والكرامه والصمود والنصر والشهامه والحب,anger
يا جماعه ده احنا معندناش اكاونت رسمي للبعثه المصريه في الاوليمبياد! ده احنا في البطيخ,sadness
i: اذا احببت شخصاً خذه معك في دعائك دون علمه فهكذا يكون الحب اجمل واصفي وانقي واقرب الي الله فـ  دعاء❤️,love
ننتظر دهبيه مخلوفي انشالله مع انو هاد اسوا تمثيل للجزائر في الاوليمبياد مع الاسف,sadness
الله معكم ويحميكم اطردوا الوحوش من الرقه ومن كل مكان. اباده داعش اقتربت ويجب الاقتصاص من دول الخليج,sympathy
العيال كبّرت ???????????????????????????????? مليوووووووووووووووون مبرووووووووووووووووك اخوي الغالي سلمان ???????????????????????????????????????? من نجاح لنجاح اعلي يارب ❤️,love
اللعب في الاوليمبياد حلم اي لاعب و بالامكانيات اللي عندهم التاهل في حد ذاته انجاز معقول,joy
مؤخرا سرت اعاني من الافلام المرعبه 😂 😜,fear
اسوء رحيل من يرحل عنك ولا يرحل منك ❤,sadness
لا انت خايف تكسفك تاني علشان كدا بتنسحب وتهرب😂😂😂😂😂😂😂,fear
!!؟ الكلام ده صح ؟؟؟,surprise
هي بتقلو ما بدي وهو بقلها غيرك ما بدي انت الحلم المستحيل ضحكتك بتروي العليل,love
اللهم عوضني عن كل شيء احببته فخسرته طابت له نفسي فذهب اللهُم اني اعوذ بك من يؤلمُني ومن هم يحزنني و من فكرٌ يقلقني يارب. 👐,sadness
سالت عليها كويس !؟,surprise
مشكله الاوليمبياد ديه تقريبا الاستاذ نبيل الحلفاوي كل مايتكلم عن حد يخسر 😭😭,none
حجامه ؟؟ هي الاوليمبياد دي في تبوك؟ 😄,surprise
يا اهل مصر قلوبنا ودعائنا معكم  نازلين 11 11 عشان,sympathy
لا ده يادوب و الله 😂😂 خايفه بعد كل ده اتصدم و الاقيه قافل 😭😂,fear
: اللَهُمَّ ارحَمْ كل ضعيفٍ فَقِير وجائعٍ بردان 💔  اليمن  العراق  تراجف ايديني من البرد وقول,sympathy
2010:   ياشيخ انا روحي طلعت معاهم الله لايباركلهم ومن سمحلهم يذلونا كل شهر مضاربه مع واحد برمضان بغيت اشتكي للشرطه ب…,anger
10: اذا كان هذا هو حال فكيف هو حال سكانها ؟  اللهم الطف بهم، وعجل بفرجهم,sympathy
في الاوليمبياد دلوقتي سباق 5K متر و الاول و التاني من كينيا كسبوا، بعد 15 دقيقه جري في السباق بقالهم 5 دقائق بيجروا التراك بيحيوا الجمهور 😭😭,none
تعال ودي فيك ... لو ربع ساعھ الشوق ذابحني .. ولا بھ مواعيد اعلنت لك فـ سمعن وطاعھ وانا عليك .. اشواق قلبي .. تناهيد,love
مالي جايين يصلوا التراويح مش رايحين الاوليمبياد خالص,surprise
انا متضامن معكم,sympathy
: فرحه اهالي ينبع بعد تحرير مدينتهم من ظلم داعش الوهابيه، بعد التحرير حلقت لحايا واحرق النقاب الداعشي و زغردت النساء,anger
اسطووره نايف عيسی,love
: وقد يَجمَعُ اللهُ الشَّتيتَيْنِ بَعدَما يظُنّانِ كُلَّ الظَّنِ ان لا تلاقيا  مجنون ليلي  شعر  شعر فصيح  ابيات …,love
:   هزق البلد كلها ..مرتضي محدش عارف يوقفه ..لا وزير داخليه ولا شباب ولا حتي بتوع التلفزيون,anger
الله يوفقهم ويسعدهم اللي عنده الله يبارك له واللي ماعنده الله يرزقه💵💵💵💵  فتاه تستعرض بمهرها,sympathy
معلقين نايل سبورت اللي بيعلقوا ع الاوليمبياد هم نموذج للفساد والواسطه و كل حاجه فاشله في مصر,anger
بدايه الاوليمبياد ببدايه العاب القوي معروفه,none
ا رابع فيلم اتفرج عليه اختي ناويه ترعبني وماتخلنيش انام بس انا لن اتاثر,fear
نسال الله ان ينتقم من اذناب ايران علي يد جنودنا المجاهدين في سبيله وينصر ابطالنا نصرا عزيزا مؤزرا   كلمه للمرابطين بالحد الجنوبي,anger
ده سيرينا اول ماتش تخسره مع اختها من 16 سنه في الاوليمبياد :D معاهم 3 دهب ورا بعض يخربيتهم,joy
: الرجُلْ حينَ يَعشقْ : يعُود طِفلاً .. والاُنثي حينَ تعشقْ تُصبحُ اُمّاً !  رومنسيات  رومنسيه,love
روسيا تدعم من دمر واحرق سوريا والان تدخلها بسوريا علناً واخرتها يقول علشان 5 جنود بنحرق المنطقه,anger
ميرسي,joy
: الله يكره الا يكون محبوبا. والهدف من خلق الكون هو الحب. الله يريد من الناس ان يحبوه وان يحبوا بعضهم البعض.,love
طلبه  كليه الحقوق يا بختكم بالدكتوره بشاير الغانم هذا اللي اقدر اقوله بس ????????????,love
بتفرج عل ماتش قطر والدانمارك كره يد في الاوليمبياد .... الجمهور البرازيلي بيشجع ضد قطر كانها بلدهم,none
المصري محمد عامر بعد قليل مبارزه Bein 4  مصر في الاوليمبياد  ريو دي جانيرو 2016,none
مانول جوزيه قال كل حاجه لباتشيكو في الدوري المصري الا انو لما الحكم يكون غبي و معر* المفروض يقلعله هدومه   باصي لعفيفي,anger
السعوديه الثالثه في السمنه مفروض الاولي ب السمنه علي كثر ما يسوون تكميم ????????,anger
لم تفهمنـــــي .. ولـــــن تفهمنـــــــــي ­،،، فانــــا احدثـــك بقلبــــي .. وانــــت تحدثنـــــي بعقــــــلك!!!,sadness
انا احبك كثر ما تعشقين  الغياب وغيابك المر في حالي مسبب اذي   نتايج الهجر دايم دمعتين وعتاب لذا بلاش المعاتب و وكذا !,sadness
احنا بقينا فضيحه في الاوليمبياد,sadness
مايكل فيليبس يفوز بميداليه ذهبيه جديده تضاف لرصيده الذهبي في الاوليمبياد الخامس له  ريو  اوليمبياد,none
ذاق العطر طعم عنقها فـ بكي علي الايام التي قضاها داخل الزجاجه ..,love
SAUD2020 ما كنت ادري ان التقديم يفتح الحين، ع بالي السنه الجايه😐،سجلت بامتحان الايلتس، عندك فكره عنه؟ لاني خايفه حيل,fear
برت ، قلك وانا خايفه علي الطلاب ، وهما كل واحد فيهم بيفكر ايش الجريمه الي حيسويها بكره ، هما المفروض يخافو مننا😂😂👊🏽,fear
المفروض الاوليمبياد كان اتعمل في المركز الاوليمبي جنبنا في المعادي,none
سليم الجبوري يطلع براءه برمشه عين بس اقرار العفو العام هو اخراج وكلاء الارهاب ولكم صدك دوله فيطي,anger
احنا هنبتديها كده يا حكم,surprise
المصريين احسن ناس تسف ع نفسهااقسم بالله انت اشتركت في الاوليمبياد وخسرت لادانت يطلع عين اهلك بقا مع انو لوكنت كسبت كنت هتبقا رفعت راس مصر!!,none
الاوليمبياد عباره عن ماتش كبير بين امريكا والصين :),none
احا احوه كس ام حسام واخوه,anger
حينما تتوقّف روحي عن روحك . سيتوقّف قلمي عن عشق الحروف وتقفل الورق,love
لا دا احنا نشجع اجاي في الاوليمبياد بقي,none
الميدترم بكره؟!,surprise
جونيور اجاي  اهلاوي  ...وينضم للتدريبات عقب انتهاء  الاوليمبياد,none
ايه يا حفني قله الادب والسفاله دي ما تلم نفسك يا اخي ????????,anger
اضحك والضحكه تبقي ضحكيتين واتنين ف اتنين في اتنين,joy
صفارات الانذار بسبب امنا الكويت متضامنه مع امنا امريكا باختيار رئيسها,sympathy
بس الاوليمبياد السنادي مميزه برضو,joy
طائره مصر تودع الاوليمبياد يد مصر تودع الاوليمبياد . . . . وهي ديه مصر لا بتاخد دهب ولا بتاخد فضّه ؛ بتاخد بس من المشير بلحه؛ هو اللي بيديها,sadness
: ؛؛ ؛ بعد رحيل  ابي .. ادركت ان هناك بكاء دون دموع وصراخ يمزق الحنجره دون ان يُسمع. . .  والدي رحمه الله,sadness
خايف 😂,fear
حمله البصق علي BBC وحتي mbc والعربيه والحدث والجزيره كلهم ضد السعوديه انسو امرهم والله عار مايحدث من صهاينه العرب الجرب .,anger
الاوليمبياد دي خير جليس ف الغربه والله,joy
حمله طرد العيال من كوكب الارض من جد ،خل نرتاح شووي منكمم 😐,anger
نقطه ضعف الشباب كل شي عشان نفسهن رخوه كتييييير,sadness
مش عارف بتوع مصر بيعملوا ايه في الاوليمبياد يبقي كسبانين فرق 7 نلقي تعادل ثم خساره !!!!!  Rio2016,surprise
قال رسول الله ﷺ:  . ما عمِلَ ادمِيٌّ عمَلًا ، انْجَي له من عذابِ اللهِ من ذكرِ اللهِ . . صحيح الجامع   الالباني 5644 .   يازين ذكر الله,love
اعتذر ..ان بدالك شي غير اني احبك*,love
manhjya: ***** احذر دعاه الفتن **** • الشيخ العلامه ربيع هادي المدخلي حفظه الله,none
حين يبلغك الحزن وتدمع مقلتاك ، تامل مشاكل من هم اتعس منك علي هذه الارض .. ستدرك بعدها كم كنت سخيفاً 💭  حكمه  خاطره✍🏻,sadness
افتتاح الالعاب الاوليمبياد في ريو دي جانيرو البرازيل 2016 دخول الفريق الهندي,none
احذر من فتاه تضحك كثيرا ستقع في حبها ❤,love
مساء الخير تقضي الاغنام عمرها خائفه من الذئب..في حين ان من ياكلها هو الراعي,fear
لك الله يا سوريا.,sympathy
..  المجره8 جالسه اتفرج وعلي اعصابي خايفه فجاه يشيلو البث منعندهم مني قادره استمتع 💔😂.,fear
بس حركه جميله جدا من قنوات دبي وابوظبي يقطعوا البث والتعليق اثناء تقديم الوفد الصهيوني في حفل الاوليمبياد,joy
المفروض الاوليمبياد يتعاد كل 6 شهور .. ايه الحلاوه دي اقسم بالله,joy
فاذا اشتقت له رتبتُ موعد لقياهُ في مقطع اغنيه ذات يوم هو سمعه واحبه هو، فاحببته انا فانه الوصل الي قلبه✨💙. 🖋 يات.,love
حاكموا القاتل  فتوش العرص     ©,anger
سبّاح تونسي في الاوليمبياد طلع ف المركز الاخير ، واحد تونسي مشيّر الخبر وكاتب جانبه الحمد لله انه ماغرقش 󾌸󾌸,none
aboud:  ابسط عباره ممكن تسّعدك  مُباراه  الهّلاال اليوم????.   عبدالله جحفلي????,joy
للاسف كل اللي بتمني خسارتهم في  الاوليمبياد  بيفوزا :) هحاول اعمل  العكس واتمني فوزهم يمكن ربنا يكرم  ويخسروا :))  Rio2016,none
والله بقيت خايفه من موضوع نزول الناس دي,fear
الاوليمبياد هتبدا في ريو دي جانيرو يوم الجمعه 5 اغسطس  ريو2016,none
ان تجد نفسك غير قادره علي محادثه شخص كانت ثقتها به تعانق السماء، فخذلها!!  Meem M   يشعر بـالوجع,sadness
: الخـــــــــوف ان تخطفك ( السمــــاء ) ، وذنب الامسِ لم يُغفــــــر...! . . .  صوره و خاطره  خاطره  الموت,fear
الاوليمبياد بضان من غير كرم جابر  Rio2016,sadness
ملخص الاوليمبياد ان المسلمين لم يعلموا اولادهم السباحه والرمايه وركوب الخيل للاسف 😓  Rio2016  Olympics,sadness
لايوجد لنا اطماع باليمن نتطلع ليمن مزدهر اقتصادين قوي يمن امن نتطلع لعوده اليمن السعيد .اللهم نصرن مؤزرن يارب   قادمون يا صنعاء,love
بعمل تقرير بس هيبقي طويل جدا للاسف بس المشكله ان عايز الناس لما تشوفه تعرف مين اهم ناس في الالعاب التانيه في الاوليمبياد تخصصي ده بس هيتوهوا,none
292: انا مش خايف من الموت انا بس خايف يجي ف الوقت الغلط✋🔐,fear
صوره كريم محمود عبد العزيز وجعتلي قلبي فعلًا. ربنا يصبرهم,sympathy
دعواتكم ل توما بالشفاء العاجل  اللهم ربّ السلام هادي الانام انزِل عافيتك علي كل مريض يشكو التعب انزِل علي من…,sympathy
: خوف الانثي من الحشرات ليس خوفاً مصطنعاً ، بل هو خوف حقيقي مزروع في جيناتها,fear
اعشَقُهُا  عِشق لمْ يَعشقه عاشِقٌ  معشوق لـِ معشوقته في تاريخ عشِق  العاشِقين 😍😍😍😍😍,love
: اللهم ربّ الاعين والقلوب لا تُريني فيما احب الا ما احب  يارب..,love
ياشيخ انا احبك ولكن سمار وجهك مخيف بعض الشي!!,fear
امبارح شفت مصارعه رومانيه وافتكرت اللي كرم جابر عمله الاوليمبياد اللي فاتت وكنت هعيط والله,sadness
اجسادهم المنهكه اتعبها ولا يملكون من المال ما يتداوون به! فلنكن عونا لهم ولنخفف وجعهم ونكون سببا في شفائهم👇…,sympathy
حفله افتتاح الاوليمبياد تحفه منتهي الرقي والابداع يارب نتعلم منهم 👏👏👏,joy
الاوليمبياد ديه لو كانت اتعملت من 7000 سنه كنا فشخناكم,none
ابحث عن تاريخ عطوان وحاظره قذر ضد الشعوب دائما كاذب ويكفيه عار وقوفه معا ايران رغم اجرامها في العراق وسوريا قومجي نجسس,anger
مبسوط,joy
وانا خايفه مع مرُور السنين تجِي ولا اذكرك.,fear
اشبيليه سمباولي مخيف الله يستر ..,fear
تعرفي الي هذه العائله من 6 افراد، والتي تنام مجتمعه في سرير ضخم!  عائله  خبر,surprise
ده المفروض انها معبره ولا انت بتفكر عشان مش فاهم?!!,surprise
مفيش اكونت نتابع منه نتائج المصريين في الاوليمبياد ؟,none
الهنود قالبين صلاله مومباي  مو معقوله اللي لابسه فستان قصير   والباقي ساريهات  و اذا نزلت الشارع تسمعهم :اري توم ، كيا كاريه  يحسبون محد فهم,anger
انا حبيت بولت ده وبفكر اشارك في الاوليمبياد دي ونفس اللعبه اللي بيلعبها,none
خوف من الحياه وماقد ياتي اكثر مما مر يزداد فيني للحد الذي لااريد البدء بيومي..!,fear
لاتدع يلتهم روحك .. وكن واثقا بان الله لم يخلقك لتتعذب في الحياه بل خلقك لتعبده بجميع حواسك فتستشعر سعاده الدنيا والاخره,sadness
ﻭَﺣﺶ ﺍﻟﻌﻠﻮﻗﻴﺔ ﺍﻟﺸﺮﻳﺮ، ﻟﻴﺲ ﺍﻵﻥ ﻣﻦ ﻓﻀﻠﻚ . ﻋﻨﺪﻱ ﺍﻣﺘﺤﺎﻥ ﺑﻜﺮﻩ . ﺭﺍﻋﻴﻨﻲ ﻭﻗﺪّﺭﻧﻲ ﻳﺎﺳﻄﻰ ﻋﺸﺎﻥ ﻋﻼﻗﺘﻨﺎ ﺗﺴﺘﻤﺮ .,joy
مبرووك لمصر ساره سمير الاسمعلاويه اول لاعبه مصريه تفوز بميداليه في الاوليمبياد بريودي جانيرو بالبرازيل في رفع الاثقال 2016م.,joy
مستحيل اول طياره لجده,surprise
: وبكل خوف قلت :  بطل توجعني ، انا مابي الدنيا تدور وتوجعّك .,fear
من ساعه مابدات  الاوليمبياد وانا قاعده بتحسر علي الاداء المصري ..مافرحش قلبي غير  محمد ايهاب و ساره سمير فعلا ابطال..عااشو,surprise
في ناس بتعوم 10 كيلو في الاوليمبياد لمده ساعتين؟!! ايه الزهق ده! get a life يا جماعه 🌚,surprise
امريكا بتكسب عافيه، تحس انهم ولاد عضو مجلس اداره في الاوليمبياد,none
العراق هتلاعب الدنمارك كمان شويه في الاوليمبياد ... منه لله حسام البدري 😕,sadness
فضيحه مصريه ف الاوليمبياد خروج .. خروج .. خروج,surprise
: للامانه خايفه من اللي في بالي يدور ودي يصير وودي م يصير (:,fear
: اللهم انصرهم وثبتهم وسدد اللهم رميهم وانشر الرعب والهوان في قلوب اعداءك واعداءهم  الملحمه الكبري,sympathy
و موضوع خطبه اليوم احبتي في الله عن التاثير الايجابي لممارسه الرئيس السيسي لركوب العجل في المعموره علي حصول مصر علي ميداليات في الاوليمبياد,none
مغفل ده اللي يسيب الاوليمبياد و يتفرج علي ماتش كوره مصري,none
انت من خوف الفقر في فقر، ومن خوف المرض في مرض، وتوقع المصيبه مصيبهٌ اكبر منها  درر النابلسي,fear
qahtaniee:  كلنا ضد مريم بيفور53 صلوا صلوا  وقبل ترجعون التاق  ادعوا عليها في سجودكم تجهض يمكن واحد من الاف المشاركين تستجاب دعوته????????,anger
lolo اهلين لولو,joy
البنات اللي ف الاوليمبياد بتاعت منافسات السباحه تحسهم جنود ف الجيش والله عندهم عضلات احسن مني انا اتقهرت لما شوفتهم حقيقي 😔,sadness
هي كبرت و بقت ثوره امتي ؟,surprise
منهم الناس المركزه مع لبس لاعبات الاوليمبياد,none
اُحبكِ ، تعنِي ان اموتٓ عنٓ الجميعِ واعيشٓ بكِ .!  بوح  خواطر  السعوديه,love
o فعلا انا متعاطفه معهم ليش ما يلفون قماش علي كامل الفخذ مثل الضماده وتتثبت كل فخذ علي حده وهي ليست مخيط مثل لبس الاحرام,sympathy
بعض الاشخاص لهم حب لا يحكي ولا يكتب 😍😍😍,love
عندما ينعتق الهوي من براثن المصلحه ينغمس مباشره في جوف القلب ويثمر صدقا واخلاصا وتضحيه .. صوره كالخيال,love
Team في انت حر مع مدحت العدل حنكون في انتظارك ياملكه اطربينا بااجمل ايعاني بصوتك العذب والاحساس الرائع والطرب الاصيل,joy
لا ده عشان عيونك حلوه فشافت الصور جميله,joy
الاوليمبياد مبتطقش نوفاك* :D,none
اب يلتقط صوره لاخر رمش في عين ابنته بعد جرعات العلاج الكيميائي لمرض  السرطان 💔  الاطفال  كفر ذنبك واذكر ربك,sympathy
يا بعثه علوق  مصر في الاوليمبياد,anger
7    يا ديني ع الضييييييييييحك  هههههههههههههههههههههههههههههههههههههههههههههههههههههههههههههههههههه,joy
وعندنا كان سايق انه مبيعرفش يكلم عربي ، كوفي ده اكبر نصاب افريقي جه مصر علي مدار تاريخها,anger
dy89: صعبه لما تفتكر انك مهم عند حد وف الاخر تكتشف انك كنت غلطان,sadness
ﺍﻟﺤﺐ ﻫﻮ ﺍﻥ ﺗﺤﺲ ﺍﻧﻚ  ﻣﺴﺆﻭﻝ ﻋﻦ  ﺭﻭﺡ ﺍﺧﺮﻯ ﺗﻤﻜﺚ  ﻗﻠﺒﻚ ﻗﺒﻞ  ﺟﺴﺪﻙ 💜,love
اموات يا صديقتي، اموات نحيا وسطهم في حياء نكاد لا نظهر نخاف ان نصبح مثلهم فنهرب من الواقع بتناول جرعتنا المعتاده و نستمع الي الموسيقي ليلاً,sadness
هو عامل فولو لسيئات عرابي؟ ؟؟,surprise
قطر داخله الاوليمبياد ب 30 لاعب !! فرصه يا جماعه اللي عايز يستولي علي الحكم .. البلد كلها في البرازيل 😂,joy
لا اله الا الله انا معرفوش بس صحابخ كان بيدعولوا يخف ربنا يصبرهم و يصبر اهله و يرحمه,sympathy
ytz0 مش معقووووووووول حسبي الله عليك كرهتها,surprise
فرص الجزائر !!!,surprise
و الله ما هتلاقوا حد مؤيد لانسحاب لاعب من الاوليمبياد غير جرابيع وسط البلد :D,none
الخوف من القادم مش حلو البلد بتتسرق من البورصه والصرافه والسوريين والعراقيين وكل حد في مصر وووو ربنا يستر وبجد,anger
اه علي الجامعه و امتحانات الجامعه,anger
ال block ده اختراع فوق الرائع و الله :D,joy
وعلم السعوديه كذلك . اذن لا خطا حدث من اللاعب المصري في الاوليمبياد,none
قصه الخليج مع المتصهينيين كقصه تركيا مع الموازي حزب غولن تفاجا الاتراك بعمقها وشبكتها وتوسعها وامتدادهامع دول فكادت تشرذم دولتهم,anger
: اجمل احساس بالكون لما تعشّق بجنون 🎻💘,love
شغلت قلبي عن الدنيا ولذتها فانت والقلب شيء غير مفترق وما تطابقت الاحداق من سنه الا وجدتك بين الجفن والحدق  سمنون المحب  دبي  الامارات,love
تركي العواد يسيء للسعوديات طاح ومحد سما عليه جعله من هالحال واردي,anger
افتتاح الالعاب الاوليمبياد في ريو دي جانيرو البرازيل 2016 دخول الفريق الايراني,none
هو يا الناس بتعيش حاله عامه من التاخر الذهني يا الناس فاكره فعلاً ان واحد مصري اخد ميداليه عن رفع الاثقال من شويه ف الاوليمبياد,sadness
poyrazkarayel راح تظل دايما خايفه ومرعوبه ان شي سيء بيصير ان بيتركها او انه يمكن يموت وترجع تعيش نفس الشي من جديدوهذا اللي بيجننها بالنهايه,fear
ما هي كولومبيا كانت السبب في اصابه نايمار و طرد تياجو سيلفا في كاس العالم و خرجت البرازيل بفضيحه لازم تعلم عليهم في الاوليمبياد😂,none
برد وفقر شوفو حياه رغم الالم ماغابت الابتسامه ياللي تصورنا! تصور وبعدين؟ نضحك! واذا صورت مع السلامه,sympathy
في دول عجيبه جدااا في طابور الاوليمبياد .. !!!  Rio2016,surprise
اللهم نوم طويل ونفسيه حلوه وراس مايصدّع.,joy
???? جاء متاخر???????? ????  اعلامكم لا يليق بمصر???? ???? بس كويس???? ???? ربنا يصلح الحال???? ???? اللهم احفظ مصر واهلها من كل سوء وسائر بلاد المسلمين يارب العالمين,sadness
كان نفسي اشارك في الاوليمبياد و اعمل لماما باي باي في الكاميرا بس للاسف معندهمش مسابقات في الاكل,none
علي هامش الاوليمبياد اول اوليمبياد اقيمت في اثينا عام 1896 شاركت 14 دوله وعدد الالعاب 9 العاب و43 مسابقه المراكز الاولي اثينا ثم امريكا,none
صباح الخير .. اللهم كن للمستضعفين من المسلمين في كل مكان  اراكان,sympathy
: احبك بقلب يرفعُك دعوه للسماء کُل يوم . ٓ ٓ ❤️,love
ده جاي الاوليمبياد ياخد ازازتين زيت و يروح,none
ryam: لازالت الدعوات ترافق روحه الغائبه ..ربي اجعل مقامه في الفردوس الاعلي عدد مانبض قلبي شوق له ....💔  الله يرحمه  استشهاد عبد…,sympathy
s7ap: رجال صدقوا ماعهدوا الله عليه   حموا ضيوف بيت الله وضحوا بانفسهم من اجل منع التفجير داخل الحرم   اللهم ارحمهم امين,love
:     ياعم محب عايزين كلنا نفضح الناس اللي قالت كده ياريت اللي يعرفهم يكتب الاسماء عشان نفضحهم وال…,anger
الفكره فاللي بيفول بنزين مش توفير لا ان الناس خايفه فبتخزن والدليل انهم بيفولو بالسعر الجديد بعد 12 برده بس دي اعراض الكوارث دايما عالناس,fear
الواحد اضطر يتابع النيل للرياضه عشان الاوليمبياد.. تجربه مريره فشخ,sadness
: ان شاء الله تفوز بالميداليه الذهبيه وتشرفنا و تشرف الرياضه الجزائريه  توفيق مخلوفي,joy
لا تعاتبهم ضُم اوجاعك,sadness
بالنسبه ليا انا مع الاخوان متعاااااااطف ،،، لكن قوي المعيار يلي قلته,sympathy
هو انا الوحيد اللي ما شوفتش اي حاجه في اي لعبه في الاوليمبياد و لا فيه غيري ؟,none
مشكلتي مع الاوليمبياد ان الحاجات المهمه اللي عايزه اتفرج عليها كلها بعد 2 الفجر عشان فرق التوقيت,sadness
: جنرال ايراني     طائفي    .. يقود ميليشيات عراقيه     طائفيه    .. من اجل اقتحام الموصل لتدميرها وقتل وتشريد الابرياء  .. فلماذا تت…,anger
rsd: المعمم جاسم الطويرجاوي يقول : لوحه يابسه ضُربت بمسمار فنبع منها الدم حزنا علي الحسين !!!   الشيعه  العراق  ايران,surprise
اناااا في البث المباااااشر مش معقوووووول 💔💔💔💔  jimmyZ,surprise
!!! من وين بتجيبون؟,surprise
وكيف لي ان اخبرك عن تضاعف دقات قلبي عند سماع صوتك..♡,love
للاسف لم يُرفع علم الكويت ورُفع بدلاً عنه علم الاوليمبياد..,sadness
نري مايفعلون الشيعه في العراق وسوريا في اهل السنه ولا يبالون ويجب ان نفعل كما يفعلون فيجب ان نضرب بيدا من حديد في اليمن والعراق وسوريا,anger
يا موجز الاخبار سبقك بارع**احداث عالمنا لديك تسارع  فاقبل تحياتي ودعوه صادق*تعدو السماء وكل نجم لامع   اهداء من قلب متابع صادق ????,love
قالك  قطر خاشه الاوليمبياد ب25 لاعب .. اللي يبي يسرق قطر يستغل الفرصه الشعب كله في البرازيل 😂😂,joy
الاهمال شعار المرحله المهم ان هشام جنينه اتحبس,anger
الكلام ده..بيستعملو ابر الخياطه في الاستقبال..ماشي ..انما توصل للسرنجات,surprise
الدراما ف الاوليمبياد دا عاليه اوي اوي,none
الحمد لله امبارح اول ميداليتين لمصر في الاوليمبياد ، برونزيتين في رفع الاثقال .. عقبال الذهبيه يا رب 󾌵,joy
Azi1iz: النقيدان يصف المجتمع السعودي بالحمير..وهذا العواد يتهم نسائنا بانجاب مدمني المخدرات ماذا بعد ياوزير الاعلام؟؟  تركي العو…,anger
مصر باعته 117 لاعب الاوليمبياد,none
قررت ان احبك فعل اراده لا فعل هزيمه  حبيت اقول,love
حوار نقص الادويه ده مرعب مرعب مرعب,fear
برحيل د/ احمد زويل و من ساعه الخبر و انا حاسس باحساس بعيداً عن الحزن غريب و منفر و ما كنتش مفسره لحد ما اكتشفت...,sadness
: باْذن الله سنحاسب نوري المالكي  وقاده جيشه الخونه الذين نزعوا رتبهم وهربوا وتركوا مدننا ثم استباحوها الايام دول   لن ننسي سنجار,anger
لابسه حزام ... بس طبقاً لكلام المعلق امبارح هي كانت خارجه من اصابه اصلاً قبل الاوليمبياد .,none
قاعد بتفرج علي فيلم مقاومه شعب ضد هتلر و متاثر و متعاطف معاهم جداً و بعدين اخر الفيلم اكتشفت انهم يهود ، قاعد تلت ساعه بفكر في  المش عارف,sympathy
ماتش ليفربول و برشلونه مع الاوليمبياد ،،، توقيت مش مناسب الصراحه,none
في محفل رسمي و دولي زي الاوليمبياد ؟,none
هذا مرعب ياخي,fear
هو طريقه  قلبك بالكلام عندما تعجز  شفتاك عن تفسير الالم الذي تشعر به.,sadness
e999: اود ان  اهديكِ  قلبي لترين كم  اهيمُ بكِ  عِشقً ..,love
افتتاح الالعاب الاوليمبياد في ريو دي جانيرو البرازيل 2016 دخول الفريق العراقي,none
اشطه لول يا وينا احنا نتايجنا حلوه في الاوليمبياد و البلد زي الفل و ماشيه في نجاحات و انا بحب احارب النجاح اللي هما فيه 😂😂☺️,joy
تسيل دمائهم وتسيل ادمعنا ويكتوي القلب من حزنٍ وخذلانِ,sympathy
Bn mussa لكن دور بدون كلام هذا اصعب نوع من انواع التمثيل,joy
ناخد ميداليه حتي لو خشب ف الاوليمبياد 😂  حلم نفسك تحققو,none
بنحاول نتلهي في الاوليمبياد .. و لكن 😞,none
دنياك لو تسوي من الحــزن ذره             ما كان تاليها توابيت وقبور العمر يمضي بين حلوه ومـــــــــره       والموت حق وقابض الروح مامور,sadness
تحيا مصر بشبابها علي فكره الشباب دول هما اللي موديين مصر الاوليمبياد مش العكس حتي لاتنسي 😐,none
: شاربين من نبع فتنتك سُكاري و كلهن فيك حياري ف جمال العذاري في سهم عينيك ينتصف و باقي السحر بين خديك نصف و نصف  ٱلحب  ب…,love
في الاوليمبياد معندهمش كدا...الالعاب بتتلعب 24 ساعه..فيه ناس بتلعب كل 3 ساعات!! منهم هوه ربنا يعنهم!!,surprise
لون حياتك بحب وطاعه الله فهي طويله قصيره ...  ايمان  تقوه,love
يااارب انا امنيهي حياتي ابقي  مشهوور والناس تتصور معايا  يااارب فرحه من عندك,joy
عادي مو مع ايران الكل خرسان !!!! سود الله وجه العرب,anger
دول ما طردوش سفير اسرائيل يبقي يطردوا سفير السعوديه ؟؟,surprise
ei89: اعاني من خوف مستمر لدرجه ابغا يصير اللي اخاف منه عشان ابطّل اخاف..بس اني خايفه.,fear
للامانه كنت خايف من المباراه لان اشبيليه مع سامباولي غير تطور كثيراً خصوصاً في الضغط العالي ع الخصم وشاهدناهم في الشوط الاول كانوا مسيطيرين,fear
كان الله في عونهم ماباليد حيله,sympathy
:  علي فكره تريد  الموت 😨 ارمي  نفسك ب  البحر ستري انك  تصارع لكي  تعيش 🤕 انت  لا تريد ان تموت ✋بل تريد  قتل ماتركه  الناس في…,sadness
السّعاده هي ان يكون لديك شخص يخشي عليك من الالم .. ويجعلك في اول اهتماماته ويخبرك بانّ كلّ‌ شيء لا يستحقّ حزنك .…,love
شقيقنا الاماراتي توما سيرجيو ابن الشيخ سيرجيو طال عمره حقق اول ميداليه عربيه في الاوليمبياد كل الفخر والتوفيق للاعبنا العربي ابا عن جد,none
موقف المطالبين صعب جداً خصوصاً بعد تنصيب الامير لرئاسه فريق الخصخصه. كان الله في عونهم يا استاذي.,sympathy
ياصباح { يالقلب الكبير } يابعد روحي .. وربعي .. وكل هلي من عرفتك .. صارت { الدنيا بخير } ليت عيني مع  عيونك تختلي  يدل دربه  ععكاز,love
الناس اللي بتلعب باسم مصر في الاوليمبياد عانوا كتير ، مفيش اي اهتمام من البلد ، كله بمجهوداتهم ، متعاطف معاهم علشانهم مش علشان البلد.,sadness
قطر داخله الاوليمبياد ب 25 رياضي يعني فرصه اللي عاوز يسرق قطر البلد كلها في البرازيل 😂  RioOlympics2016,none
: تخافين من فرقاي واخاف من فرقاك وانا خايف ان الخـــوف هــذا يفرقنا,fear
يعني ابقي في اسكندريه ومش قادر اروح الاستاد اتفرج علي الماتش   الكوره للجمهور منكم لله   يشعر بـالحزن,sadness
نبض بين القلوب وعناق بين روحين ، فليس له وطن ولا لون ولا وقت معلوم,love
: اختاروا البنت الاقوي شخصيه في تاريخ ستار اكاديمي    ابتسام تسكت   ساره فرح,love
مصر .يوم الجمعه القادم. 11/11  ثوره الغلابه ضد الطغيان . قلوبنا معكم يا احرار,sympathy
مصريون ضد الاستبداد  اليس موالاه الصهاينه والحكم بما انزلت امريكا استبداد وذل وكفراصريح كما نزل في القران,anger
الواد حماده طلعت اللي رفع علم السعوديه في الاوليمبياد طلع ظابط جيش.. كلب زي سيده,anger
: عبدالله مبارك المطوع شخصيه فذه تستحق التقدير ...نبل اخلاق وسمو ماثر,joy
: بالفيديو مريـم حسين تتطاول علي زوجها السعودي بلفظ خارج ورده فعل غريبه من زوجها  فيديو :   .  نطالب ببيع…,anger
gendy وحضرتك بالف صحه وخير      وكل ايامك فرحه,joy
يا الله كن لاخواننا في فلسطين عامه وغزه خاصه اللهم فرج همهم ونفس كربهم وداو جريحهم اللهم عليك بمن حبسهم وحاصرهم يارب  افتحو معبر رفح,sympathy
انا عايز حد يكون عايز  يفضل و يايا بدون اسباب  دورت فـ كشف اللي اعرفهم  فـ لقيتني اخدت الكل غياب !,sadness
: اللهم لطفگ باخواننا في و  الموصل اللهم ارحم ضعفهم و قله حيلتهم و هوانهم علي الناس .. اللهم كن لهم عوناً و سنداً و نصير…,sympathy
:  اليوم العالمي للشباب الامم المتحده تمنح جائزه     افضل ممثل لبلادها     للشابه السعوديه  رزان العقيل شرفت وطنك يا رزان.,joy
انا مرره خايفه ماانام الليل وبطني يعووني من الخوف 😞,fear
صار الي كنت خايفه انه يصير الدراسه يوم السبت🙂يمدحونها🙂,fear
: الشعب ايام  مرسي كان عامل فيها اسد  دلوقتي مع  السيسي عامل فيها  ميرات الاسد,anger
: ٳنَي ٲحبُك دونَ ٱي تحفظ ، وٲعيِش فيكِ ولادتيَ ودماري  امير,love
:  مهزله نواب العراق انا لا اعرف لماذا اصر اغلب النواب علي استمرار اتهامات العبيدي وسماع الفضائح بينما الجلسه مخصصه للاستجو…,anger
الحُب كما يمنحنا  الحياه يمنحنا اللا وجود !  معادلهٌ مجنونه لا يعقلُها سوي من وَقع في  شباكه يوماً,love
العشّق زين بس الهموم سباقه,sadness
والله ماما زوبا دي عسسل عددديل كدا ????❤️,joy
هما بيجيبوا معلّقين الاوليمبياد منين 🤔,surprise
انا اكره اشوف احد زعلان علي او متضايق مني لكن لما يكون شخص     زق     حلال فيه,anger
: مساء الخير ..مواصلون معكم ايها الشعب...  الهجره الجماعيه من عمانتل51,sympathy
كل اسبوع كويز يا دكتور مش غسيل كلي هوا!,surprise
التايم فاضي والمنشن فاضي ايه دا !!!,surprise
مصر ترتيبها ال 51 في الاوليمبياد واحتمال ينزل كمان شويه عشان مفيش مصريين كتير باقيين 😒😒,sadness
قول لصالح محبينك من صلاله ونحنا معكم وشدو الحيل  زد رصيدك24,sympathy
| يحدث ان يكُون صوتك ضمن مهدّئات النفس💜💭.....,love
يقول .. ㅤ عليها من الحلا ، ضحگھ ططفل مَ گمل العامين ! و عليها من العتب ، دمعھ غغريب حنّ لديارھ 💛 ㅤ  غزل,love
E Tarek انا خايفه عليك موله,fear
:D هوجه في الاوليمبياد بعد الواد والبت الصينيين,joy
الصراحه احساس مخزي ونحن نكتفي بالتمثيل المشرف فقط في الاوليمبياد  عاوزين صحوه رياضيه,sadness
: الانكشاري اردوغان يعري الجنود الاتراك كما فعلت اسرائيل بالسجناء الفلسطينيين في اريحا وكما فعل النازيون الامريكان في سجن…,anger
قيل في : . ان الله اذا اراد ان يجمع بين قلبين سيجمع بينهما ولو كان بينهما مداد السماوات والارض ..،,love
راتب شهر للمرابطين في الحد   يستاهلون رجال الحد والله مهيب خساره لو عشره رواتب.  الله يقويهم وينصرهم.,joy
شويه قحابي ف الاوليمبياد والله,anger
فتلك العيون الجميله...احلي وذالك الجمالُ....يخُيفُ القمر,love
مين قال البنات السمرا وحشه اتفرج ع الاوليمبياد هتعرفو انهم قمرات 😍,none
اعتقال مغربي قتل اسبانيا بشكل مروع | ماذا جري,fear
يبدو من كلامكم ان في واحد مصري رفع علم السعوديه في الاوليمبياد 🇸🇦 ...,none
هو في عاقل في مصر متفائل ؟!!!,surprise
اتمني ان ابكي و ارتجف   التصق بواحد من الكبار   لكن الحقيقه القاسيه هي انك الكبار! انت من يجب ان يمنح القوه و الامن للاخرين.؛,sadness
انت غبي يالا كان بيلعب الاوليمبياد اللي ابوتريكه راحها بتاع عمر جابر وصلاح 😀😀,none
عصام حجي عالم في مجال تخصصه لكنه اما انه اجهل من دابه في  المجالات الاخري او مدفوع للقيام بدور كورقه لعب جديده بدل اوراق محروقه,anger
ردا علي اكاذيبكم الحشد الشعبي اصدق الناس بنداء ياليتناا كنا معكم. فنفوز. فوزاا عظيمااا,sympathy
2014 سنه للنسياااان !,sadness
الواحد بقي خايف اللقمه اللي بياكلها دلوقتي ، يصحي الصبح مايلاقيهاش والله .. ربنا يستر,fear
هيا بين سبورت 8 الوحيده اللي بتنقل تنس الاوليمبياد,none
انا الحاجه الوحيده اللي هتخليني افكر مليون مره قبل ما اسوق هو الطريق الزراعي ???? طريق يجيب صرع قسم بالله ✋????????,fear
ما احب اركب جاهل معاي السياره عادي اتوتر طول ما انا اسوق خايفه عليه🙂,fear
ال O.B ماشيه بضهرها و حطت عليا,sadness
تجوز ع اللي دموعه مش بتفارقه من علي مخده السرير😞😞,sympathy
online  لماذا لا تنصبين نفسك مفتيه عام المملكه وتريحن المفتي من المسؤوليه عكاظ وكتابها يريدون افساد المجتمع عندما تتحدث الرويبظه,anger
جنح المنيا تجدد حبس 19 متهما في احداث كوم اللوفي الطائفيه,anger
قطر بنت الوسخه ماجرين عيال تلعبلهم في الاوليمبياد 😂😂😂😂😂,anger
عيني م يبي ​​​​غير شوفک وحب قلبي م  عشق غير عينك 💜,love
كان اكثر شي خايفه منه .,fear
واكثر شي خايفه منه اليوم الاخير 😢😢الي بنتفارق فيه,fear
في واحد من الاوليمبياد اتسحبت منه الفضيه عشان ثبوت تعاطي المنشطات .. وابننا محمد ايهاب المصري هيصحي الصبح يلاقي خبر حصوله عالمميداليه ! : D,joy
همسه مع الله تضيقُ فجوات الوجع ويخفت صوتَ الالم مع الله تتضح الصور وينجلي  الظُّلم مع الله تسكنُ الروح وينقشع . .  كن مع الله,sadness
ممكن خايفه من العين 🤔,fear
اللهم احفظ الشيخ صالح الفوزان وخذ بيده للحق خطوه مباركه من التلفزيون السعودي,love
الامريكان عملوا اكتر حاجه في قوتهم علشان يبوظوا الاوليمبياد علي البرازيل ليه؟؟,none
و مش كل الطرق اخرتها في سبيل لرجوع مش كل اللي بات موجوع بينسي الجرح بالساهل و مش كل الدموع تماسيح ولا كل البشر تستاهل,sadness
الفرحه لما تفتكر حاجه تخليك فجاه تضحك لوحدك,joy
كتبت فوق الريح اسم التي احبها كتبت فوق الماء لم ادر ان الريح لا تحسن الاصغاء لم ادر ان الماء لا يحفظ الاسماء  زد رصيدك23,love
لا يوجد اصدق من شخص يسال عنك كل يوم و لا يمل ❤️ ولا ترا كلمه احبك كلن يقولها 👌🏻  فهمتوا,love
الحمدلله الذي زادنا فرحا بفوزالبطل عبدالله الرشيدي ببرونزيه الاوليمبياد، و سيرتفع علمنا ثانيه بعزم البطلين الديحاني و الرشيدي قريباانشاءالله,joy
مبروك لكل شخص حقق ميداليه في الاوليمبياد، ده انجاز شخصي بحت يعني مش مبروك لمصر خالص من الاخر كده.,none
خايفه ارجع احب ، وانا الي دائمًا كان شعاري فالحياه   لا يلدغ المؤمن من جحر مرتين .,fear
انك تكون مكتفي بحد رغم البعد اللي بينكم ده في حد ذاته حب ✋😍,love
الاوليمبياد دي متميزه اخر حاجه سباحه 10M قفز سيدات 👈 احجام غريبه الشكل و كان لازم و لابد الدهب تروح للصين وسطهم,surprise
:   تويت موجهه ومتنشنه علي ودان صاحبي اللي قاعد بره وبيلعن ويشتم في البلد واحوالها .. مش حتلاقي بلد احسن من مصر ي…,anger
شكرا ساره سمير 󾍒󾮞󾮞 اول ميداليه لمصر في الاوليمبياد برونزيه رفع الاثقال سيدات 󾮟󾮟,joy
عجباً لرحيق شفتيكِ يروي عطشي ، ياسر قلبي ، يسحر عقلي ، ويصيبني بالادمان فلا اشبع منه ابداً واشتاق اليه دوماً ،، مساؤكم  رومنسيات  الحب,love
iCello: امتلك قائمه مخاوف طويله.. يتراّسها اسمك.,fear
لي متي ي قلب خايف ؟!,fear
انا مثلي الاعلي ف يوسف حمام وبقيت انت التاني 😂,love
حد يلفح الغبي في فريق الاوليمبياد المصري اللي رافع علم مصر والسعوديه علي قفاه  الفريق الاوليمبي المصروسعودي  فريق طال عمره بتاع الرز,anger
s3ada:   alz سنه حلوه ياجميل ????سنه حلوه ياجميل ????عيد ميلاد سعيد وعقبال مئه سنه ????وبغيت حقي من كاتو????كنبغيوك بزاف???? عندك جمه…,joy
الشيعه سبو الصحابه وقذفو بنات اشرف الخلق وتفتخري فيهم حتي لو استهبال بعض الكلام يودي للدرك الاسفل من النار انتبهي ❤️,anger
الشخص الذي يجعلُك من اساسيات يومه، يستحقُ ان تبني لهُ في قلبك وطناً يليقُ بِه.*  صداقه,love
اكثر لقطه علقت معاك لحد دلوقت في الاوليمبياد ؟  Rio2016,none
شكله بيدور علي عقد احتراف في السعوديه بعد الاوليمبياد   الاهبل,anger
مهما لمحت لي انك تحبني تري كلمه احبگ طعمها غير ❤  احساس  مشاعر جميله,love
الله يسامحا,sadness
شفتوا اللي تدخل عصها بشيء مايخصها مثلها مثل روضه تصير فريسه سهله ???? لانها كلها اخطاء وبحركاتها اكشفت نفسها  كلنا ضد مريم بيفور65,none
بدل ماتتفرج علي الاوليمبياد اتفرج علي اوليمبيد واحد وخلي الباقي عشان مصر,none
تطور مخيف للاسيويين انتبهوا يااهل الخليج بكره يكون لهم عضوالمجالس ويدخلون الانتخابات ولا نقدر نتكلم عددهم كبير  مواطنه تمنع اسيوي من التعبد,fear
: اقسم بالله☝ لم اري في حياتي اقذر من الناس دي???? المعني الحرفي للسفاله والانحطاط  جبهه شعب مصر   وداعا زويل مصر,anger
و القلب هايفضل محتار لامتي ..,sadness
احا هو حسن شحاته مخدش علاء ميهوب للمنتخب ؟! التهريج ده بجد والله,surprise
الحب الذي نرويه بالدعاء لن ينكسر غصنه ابداً ..~,love
لاعبنا رافينيها من مباراه البرازيل ضد جنوب افريقيا في الاوليمبياد امس .,none
فلعيبه السله المشهورين اللي الناس في العالم كلهم عارفينهم دول محترفين وقانون الاوليمبياد يمنع المحترفين من المشاركه,none
المشاعر الصادقه اسمي من ان تمنحها لشخص لا يقدرها، ومن المؤلم ان تتجاهل صوت عقلك وتجري خلف رغبات قلبك لتضمن وصولك لمن لا يستحقك  حقيقه,sadness
موجز  الصحف العربيه,joy
هي الاوليمبياد افتتحوها ولا لسه !!؟,none
الموصل اهل الموصل كان الله في عونهم بين نارين  داعش يقتلهم بتهمه التعاون مع  الحشد والذي بدوره يرتكب المجازر بحقهم…,sympathy
: الجنايات تنظر بعد قليل قضيه امن دوله  متهم بها الشيخ حسين المعتوق  باذاعه اخبار كاذبه ومخالفه قانون الوحده الوطنيه,anger
: انا قلت لك اني خايف منهم باني اخسرك ، وانتي كذبتي خوفي وخسرتك بسببهم ..,fear
هو الزمالك خسر كام ؟!!!,surprise
تقريبا نص السودانيين الفي الاوليمبياد طلعو من اول يوم ، انا بقول نستني لبكره و ناخدهم كلهم يرجعو بنفس الطياره .,none
: الخيانه لا تغتفر وليس لها مبررات فهي في النهايه تسمي خيانه تتعدد الاسباب والنهايه واحده وفدان ثقه في كل شئ ✏عماد…,sadness
لما الاهلي يتغلب امبارح وناس تشمت والزمالك يتغلب النهرده وناس تشمت  يبقي (لسه )مصر مفيهاش ( روح رياضيه),sadness
الاوليمبياد الجاي بعلم الثوره السوريه ان شاء الله,none
78 2007 مليش مزاج,sadness
ازااااااااااي ؟؟؟؟؟ بس انتي مش سمره خالص يا ستي ؟؟ّ!!!!,surprise
نصر قريب نشالله ان الله معكم,sympathy
بعد كل الايام دي .....😢  اعترف انو غيابك مؤلم حد  البكا 😭 بس قربك للاسف مؤلم حد   الموت !!😌,sadness
امريكا لو شاركت بمنتخب الجامعات بتاعهم في الاوليمبياد هياخدوا الميداليه الذهبيه و هما حاطين رجل علي رجل 😜,none
سبحان الله وبحمده .,joy
اذا كان هذا هو حال فكيف هو حال سكانها ؟  اللهم الطف بهم، وعجل بفرجهم 🤕,sympathy
انا في اقصي مراحل اني خايفه و مش عارفه اعمل ايه.....,fear
الحُب عندمَا يبدا يشبه الحُلم الجميل كل ليلهُ  وعندما ينتهي يتحول الِي كابوس يرفقك كُل ليله ..!  الاشتياق  حكايات,love
لا يخلو نادي من عاهه.. وغالباً يكون حبه بركه منير برشلونه.. اربيلوا مدريد.. هيرنانيز دي تشيلي الخ الخ اليوفي..,anger
: هو الشوق لشخص عندما تبتعد عنه...............لكن بنفس الوقت تشعر بالدفء لانه قريب في قلبكككك.,love
لك يسلم فمك وتسلم البطن التي حملتك وياريت تكثر من الخوازيق لذيل الكلب بشار وجماعته,anger
:   maind     ينتقد فتنه البنت داخل البيت ولما يتعرف علي بنت يطالبها انها تتكشخ وتتدلع ارخ الحبل للي عندك وه…,anger
sniper1: موقف بطولي للملازم صالح النعمان العنزي انطلق الي موقع الناقله كان بعيد فاتا بها وانقذ المصابين وهو مصاب بالشظايا ????????,joy
: احبك حُب السنيِن حُب اهلنا الاوليِن حُب يطول بهالسنيِن وينهيِه عُمري الاخير💜🎵  رتويت  رومنسي يبتي  ذوق  غزل  شوق  صب…,love
احا يا جدعان كميه الداخليه دي . الرتب في الشارع اكتر من العساكر !!!!,surprise
: غازلهها ؛ وكانك لم تري في حياتك انثي ،  امير,love
انا وش ذنبي ك سعودي يجي فلسطيني ملعون جدف ماخذ جنسيه امريكيه ويسب السعوديه عشان فلسطين العن امك يبن الكلب قم حرك مكوتك ودافع عن بلدك,anger
q8 88: كل كلمه منك تعطيني كثير، وكل ضحكه منك تهديني حياه 💛.,love
شو مهضوم !!!! رهيب,surprise
وتظلُ ابتسامتكِ سحراً يُنسيني مراره كُل شيء .  خواطر  الشرقيه,love
المهاجرون منا و نحن منهم اللهم اغفر للانصار والمهاجره اللهم انصرهم وثبتهم  لبنان  بلاد الشام  مسلم  المهاجر الاسلامي,sympathy
كانك  ابني من ضلعي .، وحبك مش ممنوع ..، ;),love
جيه قلبك ده فثانيه علقني بيك❤,joy
دا في شهداء ماتوا  !!,surprise
مصر الان ينماتكونوا يدرككم الموت في عصر الانقلاب,sadness
الحب الذي يمتلك حياتنا وسعادتنا هوا ذاك الشي الجميل الذي يكتب لنا حياه جميله وسعيده بعيده عن الياس والحزن ❤️  خواطر  سعاده,love
مايكل فيلبس ، 12 سنه في الاولمبياد ، 19 ميداليه ذهبيه مصر ، 104 سنه في الاوليمبياد ، 7 ميداليات ذهبيه,none
عز الدين بيحب وونيس قفشه????????????????????????????????????????????????????,surprise
لو باختياري ، ماعشت لحظه بدونك 💎. .  سالخير,love
يا الله!!!! حفظكم الرحمن حقاً قلوووووبنا معكم و ليس باليد حيله : ( استودعناكم الله الذي ﻻ تضيع ودائعه..,sympathy
ghanam لا لا خايفه منها اكيد,fear
خليك قاعد لا تنسي اللي ما راح تنسيك انه ما في اشي تسوي.,sadness
: مُعظم المنحرفين وضحايا الاغتصاب يتحولون الي تجار دين.  الاخوان المسلمين في اليمن,anger
مروان محسن من ايام بتروجيت و الاوليمبياد و انا نفسي اشوفه بتيشرت الاهلي 💞,joy
انا من ضيع في الفرجه ع الاوليمبياد والعشم في ميداليه لمصر عمره,none
لا حول ولا قوه الا بالله العلي العظيم ربنا يرحم الناس دي والله شيء مؤسف ومحزن ربنا يتولاهم والله,sympathy
تحبون علي الذي هو اعلم الناس بعد النبي ولا نري اتباع لعلي في ورعه وتقواه وعبادته,anger
😑😑ربنا يصبرهم والمحبوسين يخرجو يارب,sympathy
من جمال حظي اني عرفتك ....ربي يسعد مساك,joy
: ملك انا لو تصبحين حبيبتي.. 💕🎵,love
زواج الشيخ محمد العريفي  الله يبارك له و يتمم عليه بخير,love
اللَّهُمَّ ارزقني حبّكَ و حبّ من يُحبّكَ  رزق ّ  حياه,love
مرضاي الاعزاء .. قلبي معكم ❤  اضراب الاطباء العمانيين5,sympathy
هو انا ليه مافرحتش بالميداليات بتاعه الاوليمبياد اللي جابوها المصريين، العيب فيا ولا فيكي يا بلد؟ 😢,surprise
هتودينا في دهيا يا بلال ارحمنا ده مش وقت قلش,anger
عموما متقلقيش الاوليمبياد الجايه هتبقي متشفره ومش هننفرج عليها بمزاجنا او مش بمزاجنا,none
اللي فاكر انه لما يسف علي محمد حازم هنتضايق يبقي حمار لان احنا من اول يوم مش معترفين بيه كابتن نادي الزمالك اصلاً، ده عيل عربجي والله !,anger
لا شئ في ان يموت الانسان ، ولكنه من المخيف ان لا يموت ...  فيكتور هوجو  البؤساء 💜💜  تيم المباحث وسجن الفولورز,sadness
Arabic   ليفربول يتلاعب بالارسنال علي ملعب الامارات,anger
انا خايفه من نفسي لاني مش خايفه من القدرات🙃🙃,fear
:   عرب صهيون السعوديه ومن تبعها..يرغبون اﻷستحمار والعبوديه للغرب..؟؟؟,anger
حد يعرف ازاي نتفرج علي فاعليات الاوليمبياد اونلاين ؟  شير فالخير,none
abdelwahab:   مصر علمته وصرفت عليه وعملته بني ادم وف الاخر بيلحس جزم الامريكان وبيقول مصر ملهاش مستقبل وهو اللي له مستقب…,anger
ويحدثُ ان يكون اكثر ما تخشاه في الدنيا هو نفسك انت  خوف .,fear
نفس الحسين غلط مينفعش لاعب في الاهلي يغلطه في ماتش نهائي ، اي اللي جاب الثقه في الموضوع؟ هو اللي واثق في نفسه بيغلط؟,anger
انا قلبي عليييك .. عليك قلبي,fear
اديني بنعطي دروس في الحشمه والحياء من الدروس المستفاده في الاوليمبياد..تحيااااا مصر,none
و علي صعيد اخر الارجنتين و البرتغال عاملين ماتش حكايه دلوقتي في الاوليمبياد ما تخسرش المتعه دي و اتفرج 󾍇,joy
:  ArabIdol نانسي عجرم ؟؟؟ شووووو هـالحلا كتير طالعه بتجنن 😻😻,surprise
الله يعيينك الله يعيينك تاثرت كتيير ولله,sympathy
الناس خايفه .. وتعبانه .. محدش.قادر خلاص..,fear
اشتَهي الاقترَاب منك ، حتّي يَطرق  نَبضي اضُلعك ..!❤️  مسائيات  مساء الخير,love
ازاي بس و بعدين انت عارف نزلته دي هتكلف كام,surprise
عمرنا ماشفنا صيني مثلا في الاوليمبياد شايل علم روسي مثلا كل دوله بعثتها بتحمل علمها ولا شيئ غير علمها,none
Nasralla   قلوبنا معكم وندعوا الله يحفضكم ويسلمكم ويحميكم يارب العالمين عفيه بلسباع ياابطال  رساله لجندي عراقي,sympathy
الذي يؤمن بتساوي القدرات البدنيه بين الرجل والمراه فعليه ان يتابع الاوليمبياد كي يتضح له الخطا,none
هو كذا ولا كذا ايفانوفيتش خلاص لازم ينقل مستواه نزل بس ياخي في الركنيات يخوف,anger
الله يغفر له ويتجاوز عنه ويصبر اهله كان الله في عونهم وكل مسلم,sympathy
اللبنانيين محمسين عالانتخابات الاميركيه اكتر ما تحمسو عالانتخابات اللبنانيه 😂  USADecides  USElections2016,surprise
قوم نحرق هالمدينه.,anger
حصل اللي خايفه منه,fear
من اراد مشاهده مصاص دماء فليشاهد هذا المجرم اللعين.. قبل20سنه سفك الدماء بالشيشان عندما كان رئيس الوزراء لعنه الله  بوتين ينتقم من اطفال حلب,anger
هذا الواقع اللي عايشينه اهل السنه بالعراق ، كان الله في عونهم  الحشد يدهس طفل بالدبابه,sympathy
تركي العواد يسيء للسعوديات  مين ذا الكويتيب النكره؟ م عرفته الا منكم   واعذروه ي اخوان لقمه العيش صعبه,anger
انا لا انظر لاحد مثلما انظر اليك لانك ملكت عيني قبل ان تحتلين قلبي  الشوق  تنهيده  العراق,love
loaloa: السيسي بيزلنا كل ما يلم قرشين من قرض او تبرعات لازم الاسعار تغلي,anger
وقع بحبك علي الانثي ترانيم وتناغم موسيقي الطبيعه مع بعضها البعض فان كان في استطاعتك ياادم قولها لاتتردد فهي تحب ان تسمعها كل حين  لومي,joy
المصريه دينا مشرف (مصنفه 110) X التايلانديه كومونج نانثانا (مصنفه 72) بعد قليل تنس طاوله Bein 9  مصر في الاوليمبياد  ريو دي جانيرو 2016,none
يا تري كيف حال اهالي راس غارب بعد السيول وتعويم الجنيه وزياده اسعار البنزين والسولار والبوتاجاز؟  وجع,sadness
البقـاء لله ، بقلوب مؤمنه بقضاء الله وقـدره انتقل الي رحمه الله فجر اليوم الحاج  مفتاح علي بوداكن  عن عمر يناهز...,sympathy
وداعا محمود عبد العزيز وداعا الفتي والرجل الوسيم بنكهه خفه الدم المعجون بالموهبه,sympathy
عايزين جدول مباريات الاوليمبياد,none
لا مفسخوش التعاقد..هيرجعوا لاديداس تاني بعد الاوليمبياد,none
ياربي ربنا يصبرهم ويصبرنا انا بقول كده وانا لسه مش مصدقه بردو والله يارب,sympathy
وقبل ما كان يبعتوه او يوفقوا علي اشتراكه في الاوليمبياد كان لازم المسؤولين يعرفوا ميوله واتجاهاته الخايبه,none
مش في الاوليمبياد لكن في مكان مطلوب فيه تحديدا الزي الوطني.,none
قول لعبقادر ولشوبير نفسه كتكم الهم  رجعوا حماده عفوي مش عفوي ده شخص لايستحق حتي التمثيل المشرف في الاوليمبياد ايه الوكسه دي,sadness
: يقول الحسن البصري : لا اظن ان الله يعذب رجلاً استغفر .فقيل:لماذا؟ قال: كيف يلهمه الاستغفار ويريد به اذي. {وما كان الله معذبه…,love
alnssr الله يوفقهم ويسدد خطاهم يارب 🇸🇦,sympathy
1:     حضرتك ومن غير ما يرجع مصر فين القضايا المرفوعه؟ مفيش؟ لان مفيش حاجه عليه..لكن بيقولوا انه فاسد..بي…,anger
ويوم ارسلتْ؛ بين خوف وبين شوق وترقب... ودقات قلب عيتْ تنتظم! 💔,fear
الشعب الاسباني مالهم حل يبون الصداره لااحساس ولاضمير????????????????????????????  السعوديه الثالثه في السمنه,anger
مبروك ساره سمير اول ميداليه مصريه في الاوليمبياد 💪💪😉,joy
بيتريقوا ان لاعبات محجبات بيشاركوا في الاوليمبياد ..علي اساس ان 80%من المصريات مش محجبات..ولا علي اساس اننا في الستينات مثلا.😏,surprise
النهارده نهائي الوزن التقيل رفع اثقال +105 اعظم حاجه ممكن تشوفها في الاوليمبياد,none
فجاه يقف الشعور وينتهي الكلام ..! !,surprise
مفيش بث مباشر لافتتاح الاوليمبياد,none
Youness امين يارب العالمين كنت معدي وقتها وكانت بشعه ربنا يتولاهم برحمته,sympathy
كسبوا المانيا وانا اعتبرت دي مفاجاه الاوليمبياد خلاص 😅,surprise
rosey قلبي متضامن ويا قلبج و حاس بيه :( ❤️💔,sympathy
لو الاوليمبياد كانت في بلد قريب مش يضيع فيه يومين طيران كنت صعت هناك 4 ايام،يومين اجازه مع يومين ويك اند،اخرج من الصبح مرجعش غير للنوم,none
معروف يوسف فاكر نفسه بيلعب علي دهبيه الكونغ فو في الاوليمبياد  يلا قمه,surprise
تبقي نهايتنا عذاب وفراق ؟,surprise
اسود اسود يعني ..انا فعلا فعلا الاوليمبياد بالنسبالي يعني العاب قوي ! 👌👏,joy
من اول الاوليمبياد بقولكوا هدايه ان شاء الله 💪🏽💪🏽,joy
بعيداً عن الرياضه يا جماعه في كم مشاعر رهيب ف الاوليمبياد فيه متعه ف الفُرجه عليه زي اللعب واكتر .,joy
: حكم الاعدام  بحق  علي النمر جريمه انسانيه بحق الطفوله كونه اعتقل و هو بعمر 17 بحسب الامم المتحده هو طفل و التهم المموجهه ضد…,sadness
خاف م الطيب ابو سكوت مخيف,fear
اللهم يا من قلت ادعوني استجب لكم ، انصر اخواننا المستضعفين في  سوريا وفي كل مكان يارب ارحم ضعفهم وتولي بعنايتك امرهم وتقبل شهدائهم .,sympathy
7 سنوات مضت علي جريمه عصابات  حماس بحق انصار الشريعه واهل التوحيد في مسجد ابن تيميه والثار نتوارثه جيلاً بعد جيل ... فما نسينا دم اخواننا,anger
الحٌب  هو تحويل القيود الي اجنحه،،،,love
انا كمان فاشل في كل الالعاب اللي احنا فاشلين فيها و كنت استحق فرصه في الاوليمبياد,none
الحال المُزري اللي انا فيه !.,surprise
انا بعامل الاوليمبياد معامله مسلسلات رمضان جداً وقاعده بشوف هتفرج علي ايه وهفكس لايه وبجمع المواعيد😌,none
: اللهم اغفر لاغلي من غابوا عن الدنيا اللهم ارحمهم واحشرهم في زمره المتحابين فيك يا رب العالمين ..  عبدالهادي ظافر الشهري  ساع…,sympathy
مفتقده اوي فكره ان يكون في حد قدي في البيت.,sadness
1: دفاعكَ عنها و هي ’ عَلي خطا امامهُم محبه ; ’ عتابك لها بعد ذلك’ رُجوله رجوله ....  عمو,love
مطار الخرطوم  الان وصول رئيس الجمهوريه الي مطار الخرطوم شامخا وبطلا للعزه والكرامه....  كم انت موهوم وغبي,anger
لااا خلاص .. قفل الاوليمبياد دي بقي عشان اتشائمت 😂😂,sadness
: مبروك ويتربي بعزكم ويجعله قدم السعد عليكم وان شاء الله ما يخيب ظنكم ويبارك فيه ويسعدكم  مبروك المولود علي الشريف  قروب ورد …,joy
اقول كل تبن ياحوثي ياحمار وخلك باليمن بلاد الشام بعيده عن شنب ابوك نخلص من كلابنا ونجيكم باْذن الله,anger
احمد حلمي عسل عسل عسل عسل 600 عسل,joy
اوقات بحسّ سليم الجريصاتي بعدو هربان من رشدي اباظه بفيلم وكر الاشرار!!!  loool  Lebanon,surprise
الجزاير ولاد الوسخه خسرانين 2/. من الهندوراس في الاوليمبياد 😂😂😂,none
ان تشعر انك مكسور لنصفين و ان حتي الكلام الذي كان يواسيك لم يعد كذلك,sadness
عايزه اطبطب علي نفسي واقولها انتي تعبتي استحملتي كتير معلش,sadness
هي دي قصتهم مع بعض ! هما الاتنين بيكرهوا بعض جدا ودايما يتنافسوا في الاوليمبياد ! بس طبعا فيلبس اسطوره ❤️,joy
الحُب هُو ربيعه بن كَعب حينَ يساله رسول الله ﷺ ماحاجتك ؟ ، فيقول : اسالك مرافقتك في الجنه ❤ ❤,love
اليووم كلنا حمام .. new experience,joy
اهداء الي ( maha ),joy
اليهود انفسهم  يتبرون من العصابه الصهيونيه المحتله للاراضي الفلسطينيه   سعوديون ضد التطبيع,anger
هو احنا هانشوف الاوليمبياد علي قناه ايه؟,none
لو كانوا خدوني  الاوليمبياد لعبت علوقيه مسافات طويله كنت جبت الدهب,none
يزم الشواب خربو اسامي كل الاكلات,anger
المفروض ما نتابعش الاوليمبياد عشان دي جايه معانا بالعكس خالص 😂😂✋🏼 بوم 😁,sadness
:  الجيش المرابط نفخر بكم نِعم الرجال انتم قلوبنا معكم ودعواتنا لكم بالنصر القريب ان شاء الله حفظكم المولي 💚💚,sympathy
ليه؟ بتاع ايه؟ دا السادات معملهااش,surprise
جامعه نجران تواصل تخبطاتها لماذا نهاجم شخص بالفاظ بذيئه مع ان ما قام به هو تصحيح خطا مطبعي وبالمجان!!الجامعه لجبران,anger
: الانثـي ورده سرعان ماتذبل اذا لم يسقيها عاشقها بـ والاهتمام..,love
اظن اننا سنلتقي قريبا سمعت امي تدعوا لي بالسعاده 😉,love
ماذا تعرف عن القصيم اغلب اهلها يجيك متشدد في الدين او يجيك سربوت صايع مافيه وسطيه,anger
يا فتانه الحسن عن كل المِزايني انتي سحابه عطر من نور مخلوقه 💕  بوح,love
خايفه عليك من لفه الايام، هتزعلك.,fear
3 ربنا يخليهوملك وتفرح بيهم ❤,joy
احنا بعد كده نشترط علي لجنه الاوليمبياد العليا عدم وضع اي لاعب مصري او عربي في مجموعه واحده مع لاعب اسرائيلي..,none
Elxxx اي خايفه اتوهق مع اني قد سويتها قبل,fear
اللهم احفظ اهل مصر من عبث العابثين وكن في عونهم حفظ الله مصر من الفتن ماظهر منها ومابطن  هنستحمل معاك يا سيسي عشان,sympathy
558: يقع ظلي في حضنك ف تامل كيف يستسلم لكَ ..!! عندهاتنام عين احلامي بلا خيال ك عطرٍ يفتقد مسام انثي,love
هكلملك القاضي وكم من قضاه كلمهم ممدوح شاهين ، وكم من قاتل افلت من عقاب الارض  تسريب الشرق لمكتب السيسي,anger
طقم نادال في الاوليمبياد ❤️❤️  Moody,joy
عندما كُنت صغيراً ، توقعت بان اي شخص كبير لديه رجاحه عقل وثقل .؟ ولكن لما كبُرت انصدمت بان الاكثريه ( ماعندك احد ‼️😂 ),surprise
اهون عليكي تهوني عليا  يالا ف داهيه :)  كرهتك,anger
احنا العرب ليه بنروح نشترك في الاوليمبياد ما نخلبنا في حالنا احسن وبلاها فضايح ونضحك العالم علينا,sadness
الرضا انيس النفوس  ????متباركين بذكري ولاده ثامن الحجج الامام الرضا عليه السلام ونسال الله ان يرزقنا في الدنيا زيارته وفي الاخره شفاعته????,love
اليهود فازوا في الاوليمبياد في السباحه والرمايه وركوب الخيل😂😂,none
مش كل انسان بخاف من بكون جَبان ممكن الانسان يخاف ت ما يخسّر حالو اهلو ويخسر قلب اهلو وهيدا بحد ذاتو هو الخوف…,fear
اصعب احساس انك يوحشك حد خلاص مبقاش موجود معاك..... 😔😔😌,sadness
يا غالي متطلعش دين ابونا,anger
ايام الجزيره المفتوحه ما كنتش بفوت نص ساعه في اي لعبه في الاوليمبياد ..ربنا ينتقم منك يا ناصر الكلب,anger
batt انا علي فكره من الطوال جدا ف طنطا... طول اليوم الطويل صاخب بط راح الطويل صاحب بط جه,joy
عاوزين روشته قصيره المدي للنهوض بالرياضه المصريه في مختلف الالعاب لحصد الميدليات في الاوليمبياد ورفع علم مصر,none
اضعف خوف,fear
التصوير و الاخراج في الماتش بتاع الاهلي زفت اوي,anger
عشان كده قررت اكمل في الدراسات العليا بس اللي خايفه منه بردو اني ببقي بضيع وقت 😔,fear
حرام يا   نبيل   .. يا   بن طالب   !!,surprise
يا الف حسره علي اللي شفتهم جدعان,sadness
ما ان مرت بعثه اثيوبيا و اذ باغنيه العظيم احمد عدويه المياه تروي العطشان تحل محل موسيقي الاوليمبياد في مشهد يمزج بين الحاجه و قصر الايد.,sadness
الاختفاء هو الحل نيهههههههه,joy
لاعب مصري رفع علم  السعوديه في  الاوليمبياد󾍁 يا جحش ده مش دوره رمضانيه󾰮 يخرب بيت البهايم 󾌽,anger
ساره سمير يا جماعه و الله حاجه تفرح و ان شاء الله الذهبيه الاوليمبياد الجايه,joy
الله يحميهم ويحفظهم  رمزيات  غرد بصوره  الاطفال,sympathy
:        من لا يري سوء نوايا اسرائيل وعدم مبالاتها باي حق للفلسطينيين هو اما اعمي او منتفع .. الحقيقه…,anger
دمهم تقيل علي قلبي طول عمري من وانا في الجامعه مش بحبهم خالص بورسعيد مين والنَّاس نايمين وهما مش بيحبوا السوايسه ????????????,anger
انا خايفه انام بسبب حلم امبارح بجد 😔,fear
وليه نكون مع نفسنا لما ممكن ان احنا نتجمع كلنا التفكير الفردي عمره ما جاب نتيجه كويسه في النهايه .  زهقنا من,sadness
السيسي يهنئ الشعب المصري بالميداليتين ف الاوليمبياد ويدعو جموع الشعب للتبرع في صندوق تحيا مصر,none
هذه المرحله الاولي يجيك اللاعب متوتر و خايف ونكبه المرحله الثانيه يصير عنده تبلد ويضحك مثل يحي الشهري و عبدالله العنزي,joy
: يستطيع الجميع ان يكتب كلمات جميله،، ولكن اجمل مافي الحب الشريف ليست الكلمات فقط ..... بل المواقف المشرّفه,love
مـن يهتم بك اجعل قلبك وطناً لهہ ..! 💙💟💛  ابو ايمن 🕶,love
الي الكنترول انهارده اخر يوم حرام علي امك بقي عايزين نشوف دعاء السباعي و ليث ابو جوده ارحم امنا العيانه  DoaaElSebaii  LaithAbuJoda,anger
انا مش عارفه بعد ما الاوليمبياد تخلص هقعد اعمل ايه مع احزاني وماساوياتي لوحدنا كده🙄,fear
مُش معقول!!,surprise
انا هنتحر,sadness
صوتك حلو لا تذبح الشوق بالصمّت احب صوتك لا غدا فيه بحه .. ❣ 👬,love
انتي يابت حافظه مش فاهمه معندكيش غير الجرجير يابت خافي علي نفسك احنا المصرييين بردوا,joy
ايوش اسلام موناه فولورز عقبال ما نشوف ميداليه ذهب في الاوليمبياد,none
اخر نداء طياره الدوحه لسه في حد مخسرش ف الاوليمبياد,none
اووفف!!!,surprise
Retweeted حمدي ( مش عايز اكون هادم لذات و محبط بس ده اسوا تمثيل لمصر في كل اللعبات في كل الاوليمبياد اللي شوفتها,sadness
لا بن الصرمه دا لسه في الفيلدز ، Euler in ODE :D بس non linear وحاجه بلاعات خالص,sadness
اكتب شيء لوالديك اشتقت لـِ رجل كان ياخذ كل حزني مني بضحكته ابوي  الله يرحمه  جعل امي تحيا لي سنين ما تنعد وجعلني ما ذوق فراقها ولا حزنها!,sympathy
:  ايه مش عجبك في مصر يلا يا اعلام مطبلاتي ????????,anger
رسمت احلام .. و عشت ايام  و غنيت الهوي انغام,joy
: ماذا سوف يفعلون اهالي احياء المحاصره بعد فك الحصار ؟ ما ابسط امنياتهم 😢 اللهم انصرهم وفرج كربتهم  فيديو,sympathy
ايع الاعجاز اللي ف عنيها دا,surprise
لا تَستَخف  دُمُوعَ اَحَدٍ يَبكِي اِشتِياقَاً ..! فَالحَنِين.. يُكسِرُ عِظامَ  الصَدرِ وَجَعاًِ ..,sadness
طب الاوليمبياد مسليه فشخ، ومفيش امل اننا نستضيفها قريب، ما ينفعش نعمل احنا ميني اوليمبياد في مصر منها نستمتع ومنها نبقي تدريب للاعبين بتوعنا,joy
:  اتحاد القوي فساد وارهاب  EHS قبر الي جهنم بعد ان كان في مزبله التاريخ احد مؤسسي الفتنه الطائفيه ...عدنان الدليمي,anger
و هو  المـوت مش واخد بالـه مني ليه 😕😕,sadness
الله يعين الانديه السعوديه علي سطوه الهلال,sadness
عادي????وهل يظر السحاب نبح الكلاب ؟  تركي العواد يسيء للسعوديات,anger
قرعه الاوليمبياد اتعملت حالا    tennis,none
صحه وهنا,joy
سمعنا عن بطل يروح الاوليمبياد ويخسر لكن بطل يروح يعمل محاولات فاشله ويرجع جديده دي !!,surprise
افتتاح الالعاب الاوليمبياد في ريو دي جانيرو البرازيل 2016 دخول الفريق الايطالي,none
q8 انت مكروه محليا ياخي انا اكثر انسان متعاطف وياك,sympathy
ههههههههههههههههههههههههههههههههههههههههههههههههههههههههههه فاتتك قهوتي الخطيره,joy
انا هروح الاوليمبياد في 20 ساعه نوم فراشه,none
حسو بالامان وطلعو اهم شي لا تبينين انك خايفه,fear
. الحُبّ لَيس تَقدِيم  مَشاعِر وانّمَا هُوَ صِناعهُ  مَواقِف .. !!,love
هو طريقه قلبك بالكلام عندما تعجز شفتاك عن تفسير الالم الذي تشعر به✋,sadness
قاعد بتفرج ع الاوليمبياد بس مش فاهم اي حاجه الحمد لله 😂😂😂😂😂,joy
السعاده ممكن تكون توست ساخن وتقعد نازله منه الجبنه وهي سايحه عادي,joy
تم الاعلان عن المجلس السياسي في صنعاء تنفيذا لسياسه الامر الواقع والضغط علي المجتمع الدولي.لكننا اليوم نؤكد حماقه الخطوه لعدم الاعتراف به .,anger
مبسوط فشخ ان اخويا الصغير بيتابع الاوليمبياد و نفسه يشارك في الدورات الجايه و بيقولي عاوز اتعلم اي رياضه و احاول اعمل فيها اي حاجه,joy
انا اول مره في حياتي ابقي خايفه اوي كده,fear
926 حسبي الله عليهم ☹️ متضامنه معاج ✋🏼  افتحوا الفاتوره,sympathy
بالقلب خليتي خوف😔.,fear
و انتهي مشوار الخواجه,sadness
وكيف قبل التوقيع علي المبادره الخليجيه وتسليم السلطه لهادي وهو يعلم ان هادي متحالف مع القاعده ويسعي لتدمير الجيش 2️⃣,surprise
نبدا ماتش الاهلي و نسيبنا م الاوليمبياد بقا ، يا رب منتشلش بس,fear
لاتطرون الحب وانتم لاتملكون ابجدياته فالحب بكل اسف منذ 10 سنوات في غرف الانعاش.  حب المصالح طاغي  صباح السعاده  بنات السعوديه تاج وفخر,love
مندوب  روسيا هاجم  السعوديه في الجلسه الخاصه بمجلس الامن وهاجم ولد الشيخ وهاجم مندوبي الدول الغربيه وخرج بعدها غاضباً      الحقاره =  روسيا,anger
واو زيكو وبيتي قمرااات ربنا يحفظهم   زكي شريف   IbtissamTiskat   ابتسام تسكت   ZakiChreifinNewYear,joy
حرام والله,sadness
سيسسسسسسسسسسسسس  توظيف الاداره الصحيه,anger
كلنا فيحان انا متعاطفه مع فيحان مع اني ما اعرفه حتي😕😕😂,sympathy
تقريبا تبع اتحاد الاذاعه والتليفزيون العرب حاجه كده يعني.. الاوليمبياد الي فات كان كده برده,none
الا ما فيه واحد من البعثه المصريه في الاوليمبياد عارف يجيبلنا طقم كوبيات حتي كله بيخسر ومن الادوار الاولي,sadness
ثوره الغلابه كان الله في عونهم,sympathy
555 بافاري متعصب ! و عاشق ل مارتينيز ✋ حسابي عن البايرن وقليلا من مارتينيز,love
اعترف اني احتاج احد احبه او شخص قريب مني يسد الفراغ العاطفي الي بحياتي 😪💔,sadness
مره طلع نص جسمه من السياره بيمسكني بغيت اصيح من الرعب 😭 صاحبتي تقول لاتبيني انك خايفه، حشي تمساح يحس اني خايفه يهجم,fear
جرعات من الكئابه :/,sadness
وجع الغياب ان تكون حاضرا في ذاكره احدهم ولا يستطيع الوصول لك ان يشتاقك احدهم وانت بالقرب منه ان ابحث عنك فاجدك قد…,love
شكراً ا/ احمد منصور للتنبيه   اول مصريه تحصل علي ميداليه في الاوليمبياد كانت عبير عبد الرحمن في لندن 2012 .. تمام,none
عايزين ندخل رياضه تنضيف قطعه البطيخ من البذر في الاوليمبياد,none
والله المعلقين بتوع الاوليمبياد اللي ع النيل للرياضه طلعو بيفهمو 😂😂,none
ايه يا جماعه ميصحش كده لاء بجد بجد ميصحش كده بصوت السيسي سنواصل الزحف بصوت الياس خيانه ههههههههههههههههه   يشعر بـالجنون,anger
جَمَــالْ الدُنيا انْ تَجِدْ قَــلْبْ يَتَمَنَي فَرْحَكْ قَــبْلَ : فَرْحَہَْ ..! ♡,love
:  اضراب الشعب يوم الاحد تبا لصاحب التاق الشعب السعودي متكاتف ويد واحده ونحن معكم فنحن ابناء  القبائل النازحه سعوديون بلا هويه,sympathy
Abo3amoodd بيسكروا؟,surprise
ياربي خايفه💔,fear
هما دخلوا البلاي ستاشن ضمن الاوليمبياد 😋,none
الفوز بالميداليات شرف و مجد طبعا لكن العرف الاوليمبي المشاركه و بذل الجهد هو الاساس دي فلسفه الاوليمبياد اللي من اجلها اقيمت,none
مبروووووك البطل العظيم محمد ايهاب والميداليه الثانيه لمصر في الاوليمبياد.. رفع الاثقال رفع مصر من تحت الانقاض ونقلها من خانه الصفر,joy
لكل الجهله المغيبيين بس، واحد مصاب و مموت نفسه ووصل الاوليمبياد، من حقه يختار انه يلعب و يحاول يكسب مش هو السبب في المشكله,anger
علي فكره مادام بتتابعوا الاوليمبياد حاولوا تفهموا الهدف الاساسي من الاوليمبياد و هو مشاركه الامم و المنافس بروح رياضيه,none
اللهم رب الناس اذهب الباس واشفي كل مريض علي فراش المرض,sympathy
: و ان كـان ربـي عطانـي عمـر يمدينـي اموت لك واحيا بـك وانا  اشتاقك    جزاء البقمي,love
والله خايفه اسمعها 💔,fear
الحمد لله ان الاوليمبياد جت في الاجازه عشان كنت هزعل اوي لو كنت لسه بمتحن الموضوع ممتع جدا 😅,joy
مش هنسي ان اول بنت عملتلها ادد ع الفيسبوك عملتلي بلوك قبل ما تعملي اكسيبت :(,sadness
يالله ع الاوليمبياد,surprise
اتلم يا معرص وبلاش تريقه علي رامي لكح,anger
الاوليمبياد دي مليانه inspirations والله,joy
يافندم انا بتكلم علي دور ولايحه للمحكمه الرياضيه في الاوليمبياد مبقولش ده محصلش او مش هيحصل!!,none
ولا شايفاها ذكري ولا ترتقي حتي ولا بالاهميه دي اتفرجو ع الاوليمبياد 😀,none
سبحان من وضع جمال الدنيا باعينهم 💚💜💙 . <3 ~,love
yousef9 ليه هو في حد عمل انقسام ف الشارع بعد الاخوان الا الحيوان اللي من المفرج عنهم انهارده ؟!!!,surprise
قطر خاشه الاوليمبياد ب25 لاعب .. اللي يبي يهلت قطر يستغل الفرصه الشعب كله في البرازيل,none
اكبر فشل حقيقي ظهر في الاوليمبياد المره ده هو الفشل الفاجر للمعلقين الرياضيين المصريين الله يرحم عادل الشريف,anger
طريقك مسدود مسدود يا ولدي  *بصوت سعيد صالح*,sadness
جمباز الترمبولين ده من احلي الحاجات ف الاوليمبياد والله .. اني احسدكم 😍❤️,joy
ما انت عيل هتشتغل نقاش يبقي هيفرق معاك ايه زويل مات ولا مامتش خلاص مفيش تقدير للعلم والشخصيات و رموز بلدك,anger
يشرب الحلزون الماء؟⁦⁩,surprise
حرفيا دا الي حصل و خايفه ماعرفش انام كمان الي هو هعيط 😭,fear
فَاِذَا وُجدت  الحُب لا تحرم  فؤادك ما يريد  فالعمر يا ولدي سنين والهوي يومٌ وحيد ..❤ ❤❤,love
السياره طال عمرك بدون لوحات اماميه والقزاز الامامي مضلل وتستحق العقوبه  امنظام نظام  الامير منصور بن ناصر بن فهد ال سعود,anger
لم ارغب غيابك رجفت دنياي في بُعدك و اختلّ توازُن كوني من بَعدك ليحميك الله ويسعدك بِ قدر حُزني لفقدك ..  رتويت  بوح,sadness
مش متخيل انكم مركزين مع كاس مصر وسايبين الاوليمبياد,surprise
الليالي غرتك..,sadness
فيليبس هو اللي هايشيل علم امريكا في الاوليمبياد,none
فيلبس كده اكتر رياضي علي مدار التاريخ المسجل معاه دهب فردي في الاوليمبياد   13 ميداليه رياضي اسطوري بمعني الكلمه,none
برجع كل يوم من بره افتح النت خايفه الاقي حد جديد اعتقل او اتخطف او حد اتصفي وبردو عندي امل اني الاقي الناس خرجت .....,fear
ياريت اي حد محبط من نتايج بعثه الاوليمبياد يخليه لنفسه عشان احنا مش ناقصين احباط و بنتعالج و ماشيين مشلحين الجلابيه و ماسكين كيس القسطره,none
: ﴿والقيت عليك محبه مني﴾ اعظم هو الذي يكون من الله فان احبك الله اسعدك ونصرك واجاب دعاك وازال همك وازاح غمّك والقي في…,love
الله يفرج همهم، ادعيلنا نيب اسيا 💜,sympathy
مـحتاج لعنـيك يا ليـل?.,joy
مصر عامله انجاز ف الاوليمبياد لحد دلوقتي😂 مفيش ولا ميداليه!!؟,surprise
بتفرج ع الاوليمبياد وبتخيل انها لو حصلت في مصر ! يا دين اومااااااااي !!,fear
ليس كلمات عشق وغزل فقط بل هو العنايه والاهتمام بمن تحب والبقاء معه طول العمر دون ان تتغير مشاعرك تجاهه  صداقه,love
نركز مع العاب القوي ، لن ادع جنسيتي تفسد امتع العاب الاوليمبياد,none
و في زحمه التايم لاين عن الماتش و محدش واخد باله و في مسلسل هزيمه مصر في الاوليمبياد انا اتهزمت في الطاوله 😤😤😤,sadness
خايفه اكل 😐,fear
💘       قالوا .. تحبــه قلـت ميـت بحبه ودي اشوفه بس مااقدر اشوفه قالوا .. يحبك قلـت روحي بقلبه لاشك غايـب مـن بلاوي ظروفـه,love
حين تعاتبك المراه علي الغياب فهي لا تعاتبك بل تفتقدك !! ....  عمو,love
مازن مش عاوز يعلمني انجليزي  مورسي ابن المعلم الزناتي اتهزم يا رجاله بالانجليزي,sadness
دعنا نتشاجر .. نبكي .. نختلف .. نتخاصم .. نخطيء .. نتفق دعنا نفعل اي شيء وكل شيء الا الفراق ..!😔  حلم,sadness
شي حلو من 3 احرف  حلو كذا عايش علي احزاني خاف بيوم ارجع ابتسم من 💔🚶🏽,sadness
من يقتل الشعب من اجل ايران ماذا يسما وتحت ايي تعبير يدرج هؤلاء استمراو سفك الدماء وﻻيفقهون عواقب هذا العمل اﻻجرامي,anger
انا كنت ممكن اخش الاوليمبياد بس ركبتي وجعاني شويه,none
نازلين ننقذ مصر..لاحرار مصر وحرائرها قلوبنا معكم,sympathy
28Jan سيناريو عربيه الترحيلات بيتكرر تاني اهو وفي سجين مات واصابات ومعامله زفت ربنا يتولاهم,sympathy
ياريت نيجيريا دي ماتطولش ف الاوليمبياد,none
مستحيل تحب شخص من دون مايراودك شعور خوف ، انك تخسّره او يصير انسان ثاني .,fear
الحريه لاكرم حميد اين الضمير ياعالم,anger
بشار الحقير ساقط ساقط ولو عاونه كل ابالسه العالم..ولكن يبقي في الحكم مهما فعل لعنه الله,anger
بلغوها اذا اتيتم حماها انني مت في الغرام فداها واذكروني لها بكل جميل فعساها تبكي علي عساها  شعر  فرح  حزن  خواطر  عتاب  بوح  قصيد  غزل,love
يا ليالي العيد من غير مواعيد وابو حظ سعيد اللي تحن عليه نورا,joy
الجو مش ساقعه الجو تلج انا مش حاسه بجسمي كله من كتر التلج !,anger
:   mohcom     Obaid اكبر فساد اداري  مو جود في وزاره الصحه بدل تميز يصرف لاناس لايستحقونها وناس تغيب بال…,anger
عندنا اصغر واحده في الاوليمبياد السنه دي هايدي مرسي بمناسبه الاعمار يعني,none
في مبسمك يجتمع معني الحياه وفي عيونك لي من الفرحه كثير ..♡💭💜  كلام  جميل  خواطر,love
للحين ماطلعت نتائج القدرات ياربي خايفه ....,fear
للاسف💔.,sadness
503m:  اليوم الثلاثاء اللّھٓ يجعله يوم عززه ونصر  للمسلمين ٱللّہم وحد صفوفهم وثبت اقدامهم ودمر عدوهم وحليفهم ياقوي ياعزيز  سور…,sympathy
الله يسعد ايامكم بالمسرات نعم لقد اطلعت بعض الاساطير الشعبيه لعبد الكريم الجهيمان رحمه الله,joy
ليل الشتاء مخيف..,fear
ㅤㅤ استشهاد البطل الملازم اول عبدالمحسن بن مسعود الحبابي  الله يرحمه ويصبر اهله  اذكروه بدعوه ..,sympathy
شئ مخيف فعلا!! من امس وانا افكر فكلام العميل الروسي.. هذا واقع ونشوفه حاليا.. 😞.. !!,fear
:  الــــــم مَا اصْعَب انْ يَرَاك الجَمِيع صَامِتَا ُ  وَ فِي دَاخِلَك مَدِينَه مِنْ الضَجِيج,sadness
هههههههههههههههههههههههههههههههههههههههههههههههههههههه هو بيعمل ؟؟؟؟؟,surprise
دامكم ماتبغونا نكمل ليش تعطونا امل ححسبي الله ونعم الوكيل علي كل شخص ظلمنا   تكميلي جامعه طيبه,sadness
المهم تكمل .. المهم متباش دي الاوليمبياد الوحيده اللي شاركت فيها .. عندنا الرياضيين نفسهم قصير للغايه,fear
لا حول ولاقوه الا بالله ياارب تكوون في عونهم يارب تنصرهم يارب ترحمهم برحمتك يالله حسبي الله علي من هو كان السبب,sympathy
اعصاك تسترني ....انساك تذكرني.... فكيف انساك يا من لا تنساني 🙏,surprise
النفسيه محتاجه غيبوبه لمده شهر,sadness
iq:  رساله لجندي عراقي قلوبنا معكم ودعواتنا لكم مستمره شكرا جزيلا لكم يااسود العراق,sympathy
يمه خايفه😭😭,fear
اهل سوريا والعراق ربنا يرحمهم و يصبرهم بس احنا اقتصاديا منفرقش عنهم حاجه .. بالعكس هم احسن,sympathy
مايكل فيليبس اعظم رياضي في تاريخ الاوليمبياد بعد م كان اعتزل رجع من سنه بالظبط يتمرن ..اخد ميداليه دهب النهارده وفي احتمال كبير ياخد بكره,surprise
اللي بعرفه ان الدول بتتنافس في الاوليمبياد لرفع علم بلادها فخرا واعتزازا، بس انه تشتري لعيبه بس علشان تفوز بالميداليه؟ مسخره  البحرين و  قطر,none
بتابعوا الاوليمبياد علي ايه ؟,none
os  iif2had خايف منك,fear
قطر داخله الاوليمبياد ب25 لاعب اللي عايز يسرق قطر ينتهزها فرصه البلد كلها في البرازيل,none
كلّ النساء تُحلّيها خصائلُها الاّك انتِ فانتِ من يُحلّيها ♪ ❥  شعر ؛  غزل ؛  صباح الخير 🎵❤️,love
اعملي سندوتش  اوجاع 🍔و باكيت  حزن بعد ازنك 🍟 =حضرتك تحب تجرب  دموع رينجس⭕ دي مزعجه جدا يا فندم  لا شكرا اعملي ماشين لارچ 🍷,sadness
ناهد الشوا بدّعت قصه عن بنت متملله مثل حالتنا وسوت فكره حلوه ????????????????,love
صنعاء  بالروح بالدم نفديك يايمن,love
علي جمعه: حفل الاوليمبياد الليله جاء لسحب البساط من احتفالات مصر بذكري افتتاح القناه الجديده,none
الحين مباريات الاوليمبياد بالليل ؟,none
وحده قاتله لاسف,sadness
بـِ العيــون احبَـاب بس انت : هنااا❤️ بين ضلع و بين ( قلب ) وبين روح ،،🎼  صباح الخير يبي,love
Listen to كارم محمود    سمره يا سمره by Mhasn Salam  np on  SoundCloud,joy
: كنت اعلم ان في الحب موتي وبالرغم من ذلك احببت وها انا الان احتضر واموت في صمت.,love
ربنا يرحمها و يعوض شبابها الجنه .. و يصبرهم علي فراقهاا,sympathy
وساعات كمان من الشات : ) ❤,joy
Ak: ربّ في هذه الجمعه المباركه اسالك رحمه لمن سبقونا اليك اللهم ارحمهم واغفر لهم واجمعوا بهم حيث لا الم ولا حزن ولا فراق  نهي علي,sympathy
عن كام مره حبيت صدفه ، و كام مره لعنتها .,sadness
بلوك بقي للكلب ده اللي بيقول علينا عبيد البياده وهو من عبيد المرشد تبع الخرفان يعني,anger
: انا مش خايف من الموت .. انا خايف اتنسي بعد ما اموت .,fear
azall hmr والله اليمن ماراح ينهض ياكلاب الجزم,anger
:  المملكه العربيه السعوديه ????????????????????????????????????????????????????????  دام عزك ياوطن ????????????????????????????????????????????????????????  الملك سلمان عبدالعزيز    حفظه الله  النصر,joy
خايفه اجيب العيد بالقدرات يارب يكون سهل,fear
يخربيت الكيميا دي بجد ؟!,surprise
كيف يقول يحبني ، وهو علي حزني راضي؟ !,surprise
دي لاعبه بتمثل مصر ف الاوليمبياد بتلعب رفع اثقال دلوقتي😊,none
اليمنيون شعب طيب القلب والنفس شعب يدور علي لقمه العيش شعب مكافح قلوبنا معكم يالشعب اليمني وانتم في اعيوننا ❤️❤️  اطردو اليمنيين من السعوديه,sympathy
انا حزين، اراقب الحياه وهي تفوتني، وهذا ليس مجازاً، انه امر مرعب,fear
تحفه الصوره ايوه كده الا انا عيني وجعتني من الابيض واسود,joy
من الحاجات السعيده اللي حصلت الاسبوع ده برضو ان ديلبوترو طلع اللطخ نوڤاك من الدور الاول ف الاوليمبياد,joy
اخر جمله 😭💔 هذا لي انا خايفه منه,fear
بالمناسبه : لايوجد مسيحي واحد في بعثه مصر في الاوليمبياد وبجد كان افضل جت من عند ربنا,joy
احنا كمان مخدنهاش في سنه واحده عشان نزله .. كفايه الاوليمبياد 💃😂😂,none
: ما بال الزمان يضعُ ثقله علي كاهل الفقراء .. 💔💔💔  الم و,sadness
ديري بالج عليج لا تهتمين بنفسج انا اهتم فيج خخخاااايف افقدج خايفه تتعبين خايفه يصيرلج شي والله,fear
والدي العزيز: حد يسيب الاوليمبياد ويتفرج علي احمد موسي؟ اتق الله و اقلب القناه.,surprise
: مساء الورد ???????? ممكن ريتوييييت ????  الانحراف يفرض نفسه  نادي العرايا  هيا نمارس  اسطوره الانحراف  رتويت انحراف  سالب,anger
كفايه تنظير و كلام مثالي و النبي، ابقوا روحوا الاوليمبياد و العبوا هناك و سلموا علي اللي انتم عايزينه بدل ما تتكلموا و انتم نايمين علي بطنكم,none
ما تحكيش حاجا لحد هتا لو كان اوريب منك عشان هيروه يحكي لل اوريب منو  مجربها,fear
اما بتفرج علي البنات اللي مشاركين ف الاوليمبياد بحس ان عندي ستين سنه 😒,none
من الفروق بين مصر و السعوديه ان مصر مشاركه ب 118 رياضي في الاوليمبياد والسعوديه ب 9 بس 🇪🇬🇪🇬🇪🇬🇪🇬🇪🇬,surprise
عيد ميلاد عبدالمجيد عبدالله  كل عام وانت بخير دخل عمر58,joy
لا لا ياربي المخرج شو كان بحس وقتها ؟؟ طيب المصور ؟؟؟!!,surprise
sniper1 الله يبشركم بالخير .. قلوبنا معكم,sympathy
كففوووو كنت خايفه عليك,fear
ahaaa73 فيه مره فاز النصر بالترجيح قدام الهلال وكان الحارس سالم مروان....بلاش افترا علي النصر,anger
لماذا وقعت في !   احببتُ لاجل ابنه الجيران التي رايتها وانا في العاشره تقرا ورقهً علي مدخل البنايه وتبتسم .  احببت لابتسم .,love
:  حاكموا السراق لقد اتفقتم جميعا علي سرقه العراق من شعبه..تبا لكم من مسؤولين,anger
احا يا دوري,anger
الشرموط بتاع الاوليمبياد,anger
صوره مؤلمه جداً جداً😞😞يا رب ولطفك باخواننا المسلمين المستضعفين في كل مكان..,sympathy
احنا بنشجع الفخد قصدي اللعبه الحلوه ودي اهم رياضات الاوليمبياد بصراحه ومش واخده حقها معي خالص,none
انا عاوز ارسل تحيه لكل اللاعبين المصريين في الاوليمبياد .. كلنا عارفين مستوي التدريب و الانفاق و المنافسات المتواضع ف ال 5 سنين اللي فاتوا,none
مبروك فك حصار حلب كنا واثقين ان لابد للحق ان ينتصر وان يزول هذا الظلم يارب يامن منتقم ي جبار انتقم من بشار قاتل الابرياء.,joy
الي يصير .. كيف بيعادلون وهم يضيعون ذي الفرص!,surprise
مرضيتش اراهنه خوفا عليه والله😂يبارك فيكي يا لام ومعلش بقي علي نوفاك تتعوض الاوليمبياد الجايه :p,joy
اهم حاجه راعب اسرائيل . اسرائيل مرعوبه لينتهي حكمه من كثر غبائه,fear
للاسف مش قادر انسي اصلاً :(   prt,sadness
الوطن   عبدالمنعم ابراهيم..  فتافيت سكر  السينما المصريه,joy
:  احلام يستاهل الجرح احلام حقيقه فنيه ناجحه و بامتياز,love
الله ينور ياسطي :D,joy
ما شفتش اوسخ من الاهلاويه للي قاعدين يسفوا ع الماتش دلوقت،انتوا حقيقي اوساخ مش بجمالكوا والله ????,anger
الحب الذي نعترف به لساعات قليله ونهدر معظم الوقت في انكاره .. هو الاصدق غالبا ..!,love
قطر خاشه الاوليمبياد ب25 لاعب .. اللي يبي يخنب قطر يستغل الفرصه الشعب كله في البرازيل,none
s1 ربنا معكم,sympathy
و من حيث لا تدري كدا تبقي مخنوق دا اكيد سببه ان انت عبيت وشلت جواك كتير لحد لما مبقاش في حيز يساع اكتر من كدا..,sadness
:   ولا الانسانيه ولا المبدا ولا الاحترام  حتي لحرمه الموتي والمخذي والمحزن انه يتمسح باسم الجيش المصري للاسف ال…,sadness
الحب ليس غلطه الغلط ان نحمل اخطاء من نحب نستطيع ان نفعل المستحيلات ان احببنا و نستطيع  التكاسل  ان لم يهمنا ا…,love
وانا بتفرج علي المصريين في الاوليمبياد مش فارق معايا انهم يخسروا والا يكسبوا لانها رياضه عادي اللي فارق معايا حاله الاستسلام ومفيش روح خالص!,sadness
بارك الله فيك يا فهد للاسف الرياضه السعوديه غابت كثيرا عن الاوليمبياد كنت ادكر السعوديه متفوقين في مسافات السرعه,joy
ايوه بس هي خايفه من انه يتركها من جديد عشان كذا تهرب منه 😢💔,fear
هو الاوليمبياد يذاع علي قنوات ايه,none
انت سميته  عرص الاوليمبياد 😂😂😂😂😂,none
طب انتي شايفه اي حاجه غلط حصلت فيه,sadness
روح الاوليمبياد هي انها تجمع الشعوب من مختلف الاعراق و الثقافات في مناقشه شريفه في الرياضه علي اساس ان المشاركه اهم من الفوز,none
P A 88: بعدما خسرنا كل ماكان لن يعود بنا الزمان ولكن مؤكد خسارتنا ستكون في القادم اوجع مما كان  مملكه القيصر,sadness
خاص الكم متابعين بالعاميه بحبك وبالعاميه بنحبكم جميعا  شام ❤,love
اه طبعاً، يلا بقي من هنا بدل ما اغلط,anger
تشرفت بشوفتك استاذه اسماء للتو عرفت انك كاتبه وكنت اتمني ان اعانقك حقا انا احترم الكتاب لهم عندي مكانه رفيعه  لك احترامي,love
6: طبعاً الاردوغونايين ماراح تشوف لهم تغريده شكر ولا شي ????  اهم شي سلامه خليفه المسلمين  و  امن ايران من امن تركيا,anger
يا هل الموصل وغزه وايضا يا حلب لا تخافوا معكم الي هزم جيش ابرهه ولعواء نيرانها وايضن حط الحطب والعدو المعتدي لا بد ناسن تقمعه مهدي البقمي,sympathy
اسالي امك عليه,anger
: فيني تَـعب خطوه عالقه في المنتصف. خطوه خائِفه تدفعها الايام دائمًا نحو التقدّم والمسير، ويُفزعها المجهول الذي تمضي اليه!,fear
افتتاح الالعاب الاوليمبياد في ريو دي جانيرو البرازيل 2016 دخول الفريق اللبناني الله حيوووووو. Viva Lebanon,joy
صباح الاوليمبياد... تايلاند وذهبيه رفع اثقال سيدات واليابان تحقق البرونز ف المحاوله الثالثه..بعد المجاذفه ✊✊✊  Rio2016,none
اللي تقهرني مدن ايام الثورهوالدق الصح رايات خضروجوسمح وفلوس وتوا  توار حقيقيين ومع الخوارج وكلاب لمليشيات مزراطهكيف جت هذي!  يي ياما دونها,sadness
توتي دلبييرو:  مشهد فكاهي رائع ومضحك جدا يجمع كبيرين من كبار الكره الايطاليه والعالميه قيصر روما توتي ورمز...,joy
هذا بالبيروسكوب يترحم ع صدام ويقول الكويت يبي لها حرق ويقذف بنات الكويت ???????? داعشي ولا مو داعشي؟,anger
النهايات السعيده دائما تاتي في المشمش,sadness
سالني احدهم : ما التضحيه في ؟! فقلت ✨✨✨هي ان تفعل كل شئ لمنفعه ✨✨من تحب ❤️حتي لو اضطررت ان تخسرها من اجل ان تضمن لها  السعاده,love
صعبه والله جثث في الشارع امام الماره ممكن يكونو نساء اطفال في منطقه يفترض انها تحت سيطره اجهزه الدوله امل,sadness
خايفه كثير من امور,fear
mohamed1 بضاعتكم ردت اليكم اكثر من يزايد علي اللاعبين المحترفين وكذلك المدربين الموجودين في الانديه السعوديه هي الانديه الاماراتيه,anger
شنو يعجبك بالكويت والله كويسين اهل الكويت كل شي كويس فيهم ????????.,joy
: تِعرص كيف يا باسم يا امين، تِعرص كيف يا باسم يا امين,anger
الله ينصركم ويثبت اقدامكم والله يطيح ببشار في اقرب وقت,sympathy
اللهم ارفع البلاء عن اهلنا في  سوريا و اللهم الطف بهم  StandWithAleppo  syria,sympathy
اللهم ارحم قلوب تتالم ولا تتكلم,sadness
الشخص الذي يجعلُك من اساسيات يومه، يستحقُ ان تبني لهُ في قلبك وطناً يليقُ بِه.*  صداقه,love
احبك احبك .. حتي يتم انطفائي بعينين ، مثل اتساع السماء الي ان اغيب وريداً .. وريداً باعماق منجدلٍ كستنائي الي ان احس بانك بعضي,love
متضامن مع الانتخابات الامريكيه 🤔,sympathy
احتلال اسرائيل لفلسطين لن يستمر باذن الله يمهل و لا يهمل,anger
رحل الساحر لكن سحره مازال في القلوب💔😓.  الله يرحمه,sympathy
الواحد دلوقتي مقداموش غير انه يدعيله ويدعي لاهله انه ربنا يصبرهم علي اللي هما في ودي رساله فعلا لينا كلنا الموت في ثانيه اللهم احسن ختامتنا,sympathy
😂😂😂😂😂 اني حيل خايفه الْيَوْمَ,fear
:   هذا مش من اختصاصكم يااعداء الله ورسوله انتم شويه يهود ولابد ماننظف الارض منكم ياعبيد امريكا واليهود  تمام يابن…,anger
: احدهم يقتل والداه قربانا للبغدادي واخريقتل رجل امن قربانا لايران اختلفت الدوافع والارهاب واحد   استشهاد فيصل الحربي   داعشيان يق…,sympathy
مش عارفه .. بيقولوا بسبب ايقاف النشاط الرياضي ف الكويت ف مفيش بعثه ليهم ف الاوليمبياد,none
كما حدث مع الدكتور يوسف بطرس غالي يتم الان محاوله تدمير شخصيه الدكتور خالد حنفي من اصحاب المصالح والمنتفعين من بقاء الفساد,anger
خوفي عليكِ كـ خوفِ ابٍ يحْمِلُ مولودَهُ الاوَّل بين ذراعيه بـ حذر كي لا يُمسِكَهُ بـ طريقَهٍ خاطِئه ويتالّم,fear
مهما كنت مجتهداً بنسيان الماضي ، صدفه واحده قد تعيدك للوراء سنين,sadness
:  فهد مطر شغلته بالحياه يغتصب اغاني فنان العرب  محمد عبده ويحولها الي شيلات.,anger
ﻟﻮ كاﻥ ﻟﻲ ﺃﻥ اﻛﻮﻥ ﺷﻴﺌﹱﺎ ﻟگ ﻟﻜﹹـﻨﺖ ﻧﺒﻀـﹱﺎ لا ﻳـﻔـاﺭﻕ ﻗـﻠﺒـگ ابــداً  الرياض  الرعشه  فضفضه طبيب,love
وشفيك ياقلبي تفنن في سواليف العتاب حتي الحبيب الي تحبه في ثواني تقهره ضيعت بعمري كثير وشبت في عمر الشباب وهقتني في واثر الحب كله مصخره,love
اكثر استفادتي من ماده الرياضيات ان السالب بعد السالب يعطي موجب (للعقول الراقيه),joy
ابني بيسهر بسبب الاوليمبياد بيقولي انا جاني هبوط من كتر الاكل😂الرياضيين دول اوفر اوي في موضوع الاكل ده رفيق السهر يتكو وكسه,none
: يِصِيِبنيِ الّان نوع مٌن  الّحًزُن  الُمجٍہۆلُ يِفُتٍتٍ  احًشاء قلّبي انااتٍهً  صِمٌاااء نْـعم ولّگٍنهً گٍاد انْ  يِدً…,sadness
الواد الامريكي حطم رقم قياسي النهارده في الاوليمبياد = عادي يا عم ما حسام عاشور 30 سنه 30 بطوله   ** بيفقع عينه **,none
لبوه امريكا اليكس مورجان طلعت مع منتخبها من الاوليمبياد كل اللي بييجي علي كريستيانو ، ما بيشوفش خير خالص 😂 من اول بلاتر و انت نازل ..,anger
اﻻ الاوليمبياد دي بيعملو فيها ايه ؟,surprise
انا خايفه !! خايفه علشان متبتبصليش البصه اللي بطمني,fear
ايه المعلق ابن الكلاب ده ؟!,anger
الاوليمبياد دي حاجه جميله فشخ و تحسه البرازيل فيها فرح كدا,joy
ابحث عن الحب والحب يبحث عني لكن للاسف لم نلتقي ولكن ان تلاقينا اعدك اني لن اتركك,love
حفله الاوليمبياد خلتني اكتشفت دول جديده .. ده في دوله اسمها  اروبا ..اللي احنا بنقولها علي حد لما يبقي سهن و صايع,surprise
:  ElQudsIsPalestinesCapital  فلسطين يوم ما دخلوا اليهود ارضك زعلوا العرب خافوا العرب نسيوا العرب      اتكسف صخر الجبل هيج رماله…,sadness
برغم ان النهارده كان يوم وبرغم البنت الي تعبت في الباص وبرغم الزحمه والطريق الي فضل واقف اكتر من نص كان يوم جميل  الضحك الهستيري😂😂,surprise
هو انا مش هاحضر الاوليمبياد بقا,none
الاوليمبياد بتعرفنا ان كره القدم دي ابوخ رياضه,sadness
انا مستنيه مكالمه مهمه فشخ النهارده و خايفه مسمعش الموبيل :((,fear
كره الطائره الشاطئيه موجوده بـ الاوليمبياد 😎,none
: وكنتُ ازعم مثل الناس اذ زعموا .. بان من غاب عني غاب عن بالي واليوم كذّبني قلبي وكذّبتهم .. فارقتهم..واقاموا بين اوصالي,sadness
الحكايات الانسانيه والعاطفيه والمؤثره في الاوليمبياد 2016 تكفي لعمل مسلسل كامل والله!󾬑󾌸,sadness
عارفين احنا ليه جيل مكتئب !! .. عشان عرفنا كل حاجه ع حقيقتها بدري ..,sadness
بس ايه يفرق مره...مره بشكل مرعب,fear
ايه القنوات اللي ناقله العاب الاوليمبياد؟!,none
انا خايفه بجد من الاختلاف,fear
: هل دعوت لاهل السنه في و  الموصل ؟ لا تنس اخوانك فانهم في كرب شديد .,sympathy
مزيكا اغنيه بتعاير احمد سعد للموسيقار محمد عبد السلام 2016طرب مكيس مهرجانات,anger
ضلك بوس يا  تعيس,sadness
: الله جميل يحب الجمال  وعي,love
ابراهيم غالب  محتار امام خيارين يا يصمت ويغامر بمستقبله او يتحدث ويضمن مستقبله المادي فعصفور باليد خير لشخص لا يثق بعودته,anger
اللاعب الكيني Julias Yego واخد ذهبيه في بطوله العالم في رمي الرماح و بينافس بقوه في الاوليمبياد علّم نفسه بنفسه حرفيا من عاليوتيوب :D !,none
: انا خائفٌ من وحدتي، ليس هناك من يُلاطفني او يُعزّيني، انا الثمل في الفراش دائماً، لمن انا؟ من بحاجه الي؟ من يحبّني ؟ لا احد.…,fear
عيوُني تشوفك اجمّلهم وقلبي مكتفي فيك عنهم 💙💜🔑.,love
بتفرج علي ماتشات كره الطائره الشاطئيه في الاوليمبياد صحيح اللاعبات بزازها صغيره :( بس شويه طياز ماركه اوعي زوبرك,surprise
موجوووعه,sadness
خايف منه,fear
يقينا وليس سرابا،الحب كسب وليس اكتسابا،الحب بذره تبذر في تربه القلب،وتنبت وتنتشي وتبرعم لتنمو في داخل الفؤاد…,love
: الف مبروك لبنت الاحساء رزان العقيل ، ابنه الزميل الراحل فرحان العقيل رحمه الله و الذي كان يتمني هذه اللحظه ????????,joy
فين يا جماعه الثوره؟؟ بتهزروا واللهي! انا جايبه لب وفشار وقاعده مستنيه.. ماعؤوش باه..  ثوره الغلابه,surprise
من يملك الاخلاق والادب يسكن في القلوب الي الادب,joy
ومن اي الطلاسم ذاك السحرُ في عيناك,love
اللاعيبه المصريين في الاوليمبياد علي وشهم اثار المعاناه والقهر وكرابيج الظلم والاهمال الي بيفوز فيهم بميداليه بيفوز ببركه دعا الوالدين,sadness
عشرين الف امراه احببت😍 عشرين الف امراه جربت😎 وعندما التقيت فيك يا حبيبتي😇 شعرت اني الان قد بدات🚶,love
السان سيرو و ميلانو باكملها نوروا بوجودي ???????? مشكور للي صورها ????,love
كل ده يضمنلك في الاوليمبياد اللي جايه من 10 ل 15 ميداليه وسياده تامه في الرياضتان  Rio2016 5,none
يسعد صباحكم,joy
دلق القهوه خييييير,joy
اجمل ماقيل بالحب الحب مو بالاقوالل لان الكلام كلن يقدر يتكلم ويعبر الصح بالافعال💖 ولكم في رسولنا الكريم وزوجته خديجه مثل 🙈,love
سوريا فالبدايه شعب يريد اصلاح النظام.. ثم شعب يريد اسقاط النظام.. ثم شعب يدفع ثمن صراعات دول واقوام..!! كان الله في عونهم..,sympathy
واحنا مش هنتفرج ه الاوليمبياد دي يا مرسي ونكتب تويتات زي الناس؟ لا حرام. احنا نقضيهاretweet يا عم اسهل 😃,none
خايفه اشتم,fear
تركت كل اللي يضايق خفوقك**وفتحت لك باب الغلا حب واخلاص  بدر التركي  الشعر  بوح  انا  ويلان  عنزه  الكويت  غزل  قروب  شاعرها  المنابهه,love
احمد الاحمر السبب وكل الناس بتفهم في الجودو وكله بيفهم في كل حاجه وكل الناس بتتفرج وتتابع الاوليمبياد من ايام زولا,none
في يوم من الايام ستتفاجئ بامر غريب ... هو انك ستعامل جسدك و كانه اله بعيده او لا تخصك !!!!  حقيقه غريبه,surprise
اعانقه عن بُعد..؟!,surprise
علم بريطانيا اندي سيحمله في الاوليمبياد 😍😍😍,joy
لعب البنات بالحجاب في الاوليمبياد، انتصار ساحق لثقافات متحضره وانسانيه، اتعلمت ازاي تحترم تنوع واختلاف عقائد البشر,none
اما تنظيم خرسان الارهابي  او حرب عالميه,anger
تويب تقوله هابي نيو يير   احلي تويب في 2014   Noona احلي من احلي حاجه حصلت في 214 كل سنه وانتي معايا دايما &lt;3  &lt;3,joy
استر يارب من اولها بركاتك يا ابن الفقريه .,fear
مش قادره استوعب حكايه عمر خالد دي خالص .. لاحول ولا قوه الا بالله ربنا يشفيك ياااااااااااااااارب,surprise
تعيين الاميره ريما بنت بندر جاء متزامنا مع الاوليمبياد المنعقد حاليا. حان الوقت لنتعامل مع هذا الفيل الجاثم علي صدورنا  الرياضه النسائيه,none
ممكن نتعرف علي بنوته,joy
كميه الفرص الي ضيعتها السنغال كيف فازت جنوب افريقيا للحين مذري !!؟؟؟!؟,surprise
اسكتي المايع شكله سايكو و حيل خايفه منه ع بنتي 😥 خلي ابنچ يخلصها منه الحين و بعدين نتفاهم 😜,fear
الواحد خايف تكون دي اخر ايامه يبقي بصراحه اتعذب ف الدنيا وهيتعذب ف الاخره اللهم لا تموتنا الا وانت راضي عنا,fear
ترجع اكثر مشاكلنا الي اننا تظاهرنا بالجهل حين فهمنا.. و ابتسمنا حين شعرنا بالرغبه في البكاء.. و صمتنا حين كان يفترض بنا ان نتحدث !!,sadness
المعلق دا هيوحشنا بعد الاوليمبياد والله :D,sadness
شنو يعجبك بالكويت ماعمري زرتها لكن يعجبني  احمد السيار,none
معقول ! دوله (عُظْمي) لا يوجد في شعبها من يحكمها سوي اوسخ رجل او اوسخ امراه !  بس بقول !  امريكا,surprise
ياجماعه في بلد اسمها الهندوراس في نصف نهائي كره القدم في الاوليمبياد..انا مش عارف اشتم اقول ايه فعلا,sadness
313: امريكا هي التجلي الاعظم للشيطان بتجلي انساني يخدع به المغفلين   خواطر تجسدت في روحي .,anger
مصر بتشارك بفريق كره طائره شاطئيه سيدات في الاوليمبياد .. اصلي والله 😂😅,joy
انتِ كسرتي قلبي وانا خايف، خايف يكون اللي انكسر يتصلّح.,fear
ياربي سطح البيت يخوف ليتني م طلعت خايفه انزل,fear
: قد نكون  اقوياء حين نملك  العلم و  المعرفه. لكننا لن نستحق ان نحمل لقب  انسان الا حين نملك  الرحمه .,sympathy
هو حد حس بان تويتر ماشي معانا بالعكس مع الحياه يعني اللي تلاقيه رغاي هنا وبيعرف ناس كتير تلاقيه فالواقع بيتكلم مع البياع بالعافيه,surprise
: اني مو خايفه من الاختبار، اني خايفه لاني مو خايفه من الاختبار 🙂👐🏽,fear
محدش عارف هما تعبوا اد ايه عشان يوصلوا الاوليمبياد و هم مش ناقصين تعليقات الجهله في اللعبه لادائهم و لا تعليقات المصريين عموما علي لبسهم,sadness
Af: ماشاء الله تبارك الله    السومه اسرع هداف بالعالم ???? كسر رقم كريستيانو رونالدو  و زلاتان ابراهيموفيتش   ربي يحميك ????????⚽,joy
القسوهُ لم تولد معنا، بل نحن من صٓنٓعٓها بايدينا ...,sadness
لا ما انا قلت كله الا امت بقي .. اه بقيت خايفه اكتر من الاول .. خايفه اوي كمان ..,fear
لن يقتنعوا انك تتالم حتي تموت امام اعينهم  رفعت  الجلسه,sadness
اللهم اشف خالد الزهراني احيانًا نتمني لو نملك السعاده بين يدينا لكي نعطيها من نحب عند حزنهم ..,sympathy
عاهر يلتقي بعاهر والشعب علي روتانا يحشش وساهر  طاح حظك سلمان,anger
: ؛: ؛: البعض يفتش عن اخطاء الاخرين..!كما لو كان يبحث عن كنز ..!! ؛: ؛:,surprise
:     اخشي ما اخشاه ان تصبح الخيانه وجهه نظر       ناجي العلي وبالفعل، اصبحت الخيانه موضوع يجادل فيها البعض لتحتمل الترجيح   التطبيع …,anger
خاطري نقص شعري بس خايفه يخرب مني,fear
: و حياه حياتك لاتدوبي فيا واموت فيكي انا  غزل,love
مربوحه كان لقيتي من يتحملك زينا ????????,sadness
مايحدث في النادي الاهلي من تخبط هو ملمح من حاله السيوله التي تمر بها مصر .. هو وزير الشباب والرياضه رجع من الاوليمبياد ولا لسه ؟,none
فيه 5 مصريين بيلعبوا ب اسم قطر عموما في الاوليمبياد منهم في كره اليد مش عواض لوحده يعني اللي كده  QAT  EGY  Rio2016,none
ذكرتني بوحده في الاوليمبياد كنت عاقده عليها امال كبيره انها تفوز اول ما بدا السباق طاحت واخذت المركز الاخير 😱😱 😂😂😂😂😂,none
ماذا تعرف عن دحلان خائن وعميل لاسرائيل وينفذ ماتمليه اسرائيل من خلال دوله خليجيه وهو من سمم ياسر عرفات وخليفه بن زايد !!  الله ينتقم منه,anger
الاوليمبياد في البرازيل والنَّاس هاتتظبط بسبب فرق التوقيت ده 😌,none
كم كنت غبيا 😧 زدت همك بدلا من ان امحوه!,sadness
احنا داخلين الاوليمبياد دي بالاسم وبس مش هناخد ميداليات ابدا. والحل الوحيد بعد كده اننا ناخد ميداليه الاسكواش يبقي لعبه اوليمبيه,sadness
كلمتي |  التحرير منظمه حقوقيه تستهجن الصمت الدولي علي مذبحه رابعه…   | جبهه شعب مصر,anger
وش اللي بلنتي ولعب نظيف انا من شفت انك هلالي غسلت يدي اخر ناس تكلم عن النظافه انتو????,anger
site  هذه حجج واهيه وافلام محروقه      ايران لاتريد ان تحتل احدا ، ايران لها مشروعها الوطني ولاهدف لها مما نسمعه من المهرجون المرتعدون؟,anger
taif1 تفـاعلنـا معــــكم باحسـاس لا يخيب والامل فيكم كبير شكرا  مجله الطائف شكرا  غرفه الطائف,sympathy
اوووووووووووووووف انا عكيت الدنيا في بعض :/,sadness
كلاوي زهق والله ونفسه يفرح قبل ما يلغوا الاوليمبياد 😅😂,sadness
: عيونها صغيره وقلبي يعشقها تحمل تلك الملامح من ابيها شهد العسل محياها وحروف اسمها الدليل  درب الصداقه للدعم ht…,love
يستحق تكريم عيال الكويت المبدعيين  مطلب شعبي بتكريم المخترع الكويتي العالمي مبارك طاهر ومكافاته,love
صباح التميمي في المانيا و البرلمان يحترق  ؟؟!! بالعافيه عليكم تتونسون بفلوسنه لان احنه زواج كاعدين وبس نحجي  ماكو...,anger
سيرينا ويليامز ودعت الاوليمبياد 💃🏼,none
طب في حد نزل السوبر ماركت انا خايفه انزل🙈,fear
شي لازم يتغير بالتويتر  في جده   الاجواء اليوم اوروبيه ????   .لدرجه قبل شويه رحت للبقاله   رفض يقبل الريال يقول مانقبل الا يورو???? ????????,surprise
اجمل ماقيل بالحب فين بيتكم عشان اجي اخطبك من كتاب الاسباني,love
مدري ليش خايفه🙂💔,fear
: الواحد بيصلي بس برضو حاسس انه مش مؤهل للموت يعني خايف يموت حاسس ان ف حاجه لسه نقصا برضو عشان يبقي قادر يقابل ربنا وهو مش…,fear
هي دي روح الاوليمبياد و عشان كده هي مشهوره الان اكتر من اللي كسبت السباق رغم ان عمرها ما اخدت ميداليه او كسبت بطوله,none
سابتعد ربما في تلك المساحه الضيقه اتنفسني من جديد,sadness
: يا خوف فؤادي من غدِ  بلحظه حزن,fear
صغرت الخط !!!!,surprise
joyful القاعده دي ناقصها حاجه مهمه جدا ... واحد قهوه مظبوط.. ☕????,anger
لاتبكي يا اختاه فحذاؤك اشرف من حكام العرب  تالم  الصمت  رساله الي  العالم  المتحضر,sadness
العاب القوي هي اهم فقره في الاوليمبياد بالنسبه لي بعتبرها ام الالعاب,none
قطر داخله الاوليمبياد ب 25 رياضي يعني اللي يسافر قطر دلوقتي هيلاقيها فاضيه البلد كلها في البرازيل 😂,none
4:  ما تعريفك للحب الحب الحقيقي هو الذي ينتهي بيد ثالثه وغير ذلك اكاذيب ..! ❤️,love
الله ايوفقهم ان شاء الله .. و نحن مع الملك قلباً و قالبا ً ⚪️🔴,sympathy
المزري انه في ظل اقرار قانون الخدمه المدنيه وتعويم الجنيه وغلاء البنزين مفيش كلام عن ثوره او اعتراض او مظاهر رفض الشعب اتركب وساكت  مصر,sadness
الاوليمبياد الجايه في طوكيو ! مالها اسبانيا وايطاليا ؟ توقيتهم زينا :D,surprise
اعظم حب ليس الذي يبهرنا من اللقاء الاول بل من يتسلل داخلنا دون ان نشعر وكانك فجاهہ تكتشف انہ الهواء الذي  تتنفسہ…,love
sham: لله درك ايها الجبل الاشم زادك الله صبراً وثباتاً علي هذا الطريق امضِي بنا حيث شئت فنحن جنودك والله لو خضتم البحر لخضناه معكم…,sympathy
2: انتظَرتك ، بـ الوعد كليّ  عتاب .. ويوم شفتك ؛ صِرت انا  كليّ عذر ، ظالميّ ؟ حلفتك  برب الكِتاب ! ليه كل ماجِيت .. اعاتبك اعتذر…,love
↓˓❁⸀ء   في شوفتك تضحك ليٌ ﺎلدنيا وفي قربك العمرَ يھنا لي👌🏻💭✖,love
ايا ليت اكون دمعه من دموع عينيك فان بكيت يوما التمس نعومه وجنتيك  صباح الخير  خواطر قصيره  صباح الحب,love
: احببتكِ حتي ايقنت ان الاكتفاء انتِ ♡  رتويت  رومنسي  بوح  خواطر  عشق  ذوق  حب  حبيبتي  صباحيات  جميل  رائع  صباح الخير,love
من الحاجات اللي خايفه ربنا يحاسبني عليها..اني ف الكليه اخدت اعلي تقييم علي ادائي في الفصل علي قسمي كله و يمكن علي الدفعه,fear
v   : الي الشرفاء في العراق الي متي منهوب المال والعرض بسبب الفساد ...    سرقوا خبز الشعب,anger
يرتجف قلبي ويزيدبي الحنين لا طروا الحب قدامي ااه ياخافقي قلبي تيتم وصار جريح يتوجع.. 💔 عسئ الليالي تزين ويجبر بقلبي المسكين.. 😔,sadness
بقينا اتنين غراب عن بعض..,sadness
991 اقولك للحين ماعطوها تامين علي حملها والحرمه خايفه علي نفسها يمكن بعد الولاده تصور 🙄,fear
: شاهد هذا السوري الذي رحل جيرانه واصدقائه فتصادق مع من تركوا ورائهم!  حلب  سوريا  الرفق بالحيوان  الرحمه  اعمل خير,sympathy
12 0: عديده ذكريات موجعه اعيُن باكيه خواطر تعيسه تخيلات موحشه حقاً اشياء تتغير كثيراً هذه  الايام    قروب بنت سليم للدعم  ق…,sadness
هي مصر رايحه الاوليمبياد علشان تودع بس ؟!,surprise
هلا هلا,joy
واحنا متعاطفين معكم جدا ونريد مساعدتكم ولا نريد منكم جزاء ولا شكورا✋✋✋,sympathy
تلوين ..  عيش حلمك عيش سنك  الكرامه الزقازيق,joy
alazra8 السنه هاذي المفاوض الهلالي انجز المفاوضات في وقت قصير .. تحسب لوجه السعد,joy
noha ايه الحاجات الحلوه اللي عصبح دي,joy
يارباااااااه الحارس تحرك,surprise
📍الحزن !! ماهو الا تلك الدموع التي تتراڪم امام بريق العين وتتغلب عليها الظروف لتنزل بحرقه ! والشيء الذي لا يعود يعتبر   لا شيء,sadness
: اجمل ما في ان يكون مَن تحبه يوماً حبيب ويوماً صديق ويوماً اهل فيصبح لك كل ما تملك ..!!,love
لا تخبرني بانك تحبني افعل مايجعلني اعلم بذلك . .  ❤️  سالخير,love
لماذا يقحم التويجري اسم النصر في كل موضوع ولو لم يتعلق بالنصر  اكشن يا دوري,anger
انا والله خايفه احسب المواصلات افلس وانا بحسب 😂,fear
فلا تهنوا وتدعوا الي السلم وانتم الاعلون والله معكم ولن يتركم اعمالكم (35)    سوره محمد  Quran,sympathy
al3bdullh    الله يعين اللي بيكنسه 💔,sympathy
: السيسي للسيساويه  متشكرين علي رفع الروح المعنويه للشعب الماسري عن تفريعه قناه السويس اتحدث????????????,anger
hosseiny:  كلنا دشتي من يقول علنا نحن مع اسرائيل لا يعاقب في السعوديه  اما الاحرار في هذا العالم يظلمون,anger
متعاطف مع قضياهم منذ عقود,sympathy
بقد مايبين انك جداً قاسيه بعُيوني اشوفها علي شكل حنيه عطف ومساعده ايضًا❤️❤️,sympathy
لا ولا دحيح ولا نيله بس في مستقبل بيضيع والامتحان بعد بكره,fear
يبقوا ما يشاركوش في الاوليمبياد احسن,sadness
0zlem انشاء الله انا الحين خايفه وقاعده افكر مين بيكون مع الثاني,fear
؟ ؟ هما ازاي يدخلوا اطفال الجامعه,surprise
F كما قلوبنا معكم ودعواتنا تعانق السماء في كل فرض.لن ننسي لمن اصابه الله بهذا الكرب.عسي يفرج كرب المسلمين,sympathy
منحدر الصعود دونت ميكس الله يحرقك يامرسي,anger
:  منفذ هجوم ميونخ ايراني  حاولت ايران دعم افتعال حروب داخليه بين المسلمين  ولما فشلت اتجهت لتشويه صوره الاسلام,none
: انا خايفه و مرعوبه عشان كل ما بحس ان مفيش سواد اكتر من كده بتضلم اكتر,fear
المصريين بيطلعوا من الاوليمبياد زي الفراخ,none
صبري رحيل ، عمرو جمال ( لوسي ) شكرا يا كسمك منك ليه شرفتم الشويه دول,anger
هو لما احنا مستوانا نيله كده في كل حاجه رايحين الاوليمبياد ليه !! دي حاجه تكسف والله,sadness
:  الحُب : رحلهُ الروح من الالم الي الالم ،، بحثاً عن الامل !⭕️💛⭕️,love
مِن وريدي منزلك حتي الوُريد تحت ظل الحُب احياء بك واكون💜🎵  رتويت  رومنسي  بوح  خواطر  صباحيات  جميل  رائع يبتي  غزل  شوق  ذوق,love
ماجمعتش لسه مش متعود اول الموسم افتكرت بتتكلم علي حاجه في الاوليمبياد 😄,none
مافي حب اول وثاني وعاشر .. مايجي اللا مره وحده بس 🕊💔,love
مصر بتفرح نفسي اروح ام الدنيا  مصر واشاركهم فرحتهم ب  قناه السويس الجديده,joy
ان واحده تروح الاوليمبياد وهي في فريق اللاجئين و تكسب وتوصل ده توجع القلب، الناس دي قويه اوي.,sadness
ههههههههه وش هالمسخره لا لا ؟!!,surprise
و افتكرت لما جت عيني في عينه سنينه معاه ❤,joy
beinsports او نايل سبورت او دبي سبورت وابوظبي سبورت واي سبورت هتلاقي عليه الاوليمبياد,none
يا حاج فوزي مسا مسا و لا يهمك  خودي الاكونت كله اصلاً,joy
شايف نفسه الحمار مع انه كان احتياط الموسم الماضي في اليوفي اداره الريال امرهم غريب مع المهاجمين العاهات,anger
انا مش فاهم جولف ايه اللي في الاوليمبياد ده,surprise
دي وحشه يا جماعه ؟ دي قمر,surprise
مبقتش بعترف بكلمه انا اسف ديه,sadness
اقسي انواع الفراق ..,sadness
رصه انشروا وافضهوهم علي تلك الجريمه الافظع :(( حقائق عن جريمه ترحيلات ابو زعبل      jawjaw   cake,anger
واللي يخلينا نشك في جديه الاداره فعلا ان مفيش محاولات واضحه لانهاء الصفقه قبل الاوليمبياد.,none
الف مبروووك يا بطل ، عقبال الذهبيه في الاوليمبياد الجاي.,joy
306306 ما تطغاظيش يا نسمه لولا زكاء السيسي يلي استرجع مصر من غباوه اﻹخوان لكنا من زمان جواري بايدين داعش,anger
الاوليمبياد هتبدا 5 اغسطس ويارب اعرف اشوفها بقي 😩,none
valenciano: اتمني برشلونه يحقق بطولات الموسم الجاي و غوميز يترشح لجائزه افضل لاعب بالعالم عشان ناخذ المتغيرات و بعدها عساه يحترق نادي…,love
دا بيضربه بالشلوط يا حكم !!,surprise
15:  دعم الحشد عباده ما يهمنه الي تهمنه  نعرف بحجيه نفاق  ما نساوم بل نقاوم  حتي تحرير العراق ✌,anger
gh: اللهم كما انعمت علينا بالامن والامان فانعم علي اهل و وكل المسلمين بالامن والهدوء والسكينه .. واكفهم شر الاعداء يا…,sympathy
: حتي لو كنا بنتكلم كل يوم مثلا وفجاه سكتنا او مابقيناش نتكلم ببقي مرعوبه اتكلم وبفكر الف مره قبل ما ابدا كلام عشان ماكونش تقيله…,fear
يا ريت ماحدش يتكلم عن اي نجاح في الاوليمبياد غير لما نشوف ميداليات. بطلوا زيطه فارغه.,none
ThreeWordsHeWantsToHear الفطور جاهز حبيبي,joy
هم ليه ماجابوش الخليل كوميدي يعمل نمره في افتتاح الاوليمبياد؟  Rio2016,surprise
✿♩ البرد ماهو رجفه يدين وعظام البرد برد الروح لاغاب غاليك ..  ﴿ 😴💙ءء﴾  فراق  عبارات,sadness
انا مدري ليش خايفه من اختبار بكره🙂؟,fear
باين ف عيوني ف عز  مابضحك لمعه  عيني ف دمعتها  بدريها ف ضحكه  عاليه وكان  القلب اتخلق  عشان ميشوفش  فرح..😣,sadness
بعد منتصف الليل يواسي القمر احد ضحايا العشق قائلاً : لا تحزن ان كنت وحيداً ، فَ انا رغم جمالي وحيد,sadness
:  سلسله بحوث المرجع الصرخي السيستاني خانَ الامانه  مقتبس  من بحث     السيستاني ماقبل المهد الي مابعد اللحد,anger
:  اليوم العالمي للشباب الامم المتحده تمنح جائزه     افضل ممثل لبلادها     للشابه السعوديه  رزان العقيل شرفت وطنك يا رزان.,love
حين اموت لا تحزنوا  فانه مجرد وقت وتنسوني ،،، كما نسيتوني وانا حي,sadness
: ربي لقد اصاب الوجع والتعب احبه لنا من اقارب واصدقاء وزملاء مايكفيهم ف ياربي خفف عنهم واسعد قلوبنا بشفائهم...!,sympathy
صدق او لا تصدق اللاعب Machavariani هينافس والدتهNino Salukvadze في الاوليمبياد في مسابقه الرمايه   Nino عندها 47 سنه و ابنها عنده 18 سنه :D,surprise
: انا خايف يطلع القدر بالشحته وضاحكين عليا,fear
جايمز و كيري بيلعبوا ف الاوليمبياد!! عشان مش متابع بس,surprise
dr الشرعه السمحه الغراء امُّهمُ في حضنها نشؤوا من صفوِها رضعوا يسيح اهل الهوي في لهوهم وانا سياحتي من هُمُ للروح منتجعُ  شعر,love
البطله هدايه ملاك من مصر صاحبه برونزيه التايكوندو في وزن 57 واول عربيه تحرز ميداليه في رياضه التايكوندو في تاريخ الاوليمبياد,none
وعلي فكره السباح احمد جبريل مش سعودي ولا سوداني ده فلسطيني وخد المركز الاخير في الاوليمبياد,none
لالالالالالا مش ممكن الي صار,surprise
هو الاحتفال بتاع الاوليمبياد حلو وجميل والاوبرا احساس بس انا جعان,none
لا شي جديد، سوي ان : اعمارنا تزيد .. ولازلنا في حق ربنا مُقصِرين ..,sadness
: سؤال يحيرني،،،،،،!!!!!! احببتك حتي اللاوعي واكرهك لاني احببتك؟؟؟؟ كيف هو ذلك التناقض داخلي كانني بين مد وجزر !!! كيف؟؟؟,love
KIDS:  المحاصرين في .. بماذا يحلمون !! ماذا يتمنون !!  حقوقهم البسيطه سلبت منهم .. ليبقي  نظام ظالم مستاسد علي  العزل  الابر…,sympathy
المصريين في الاوليمبياد ... عملين شفره الاختفاء محدش شايفلهم حظاظه حتي مش ميدليه 😐😐,sadness
: الناس ال بتهاجم مارتن يول عشان خرج صبري رحيل من القايمه هي هي ال كانت بتهاجم مارتن يول عشان مقعد معلول دكه وبيلعب بصبري ولوحد…,anger
:  مطار دبي انتم تخشون علي بلدكم  اﻹمارات ولا ترغبون بروح واحده ان تزهق ببلدكم     جيد     لكن شيخكم محمد بن زيد ازهق ارواح  المسلمي…,anger
Amiir لا مينا مشلش الفولو من عندها  انا من فانز مينا بس فين انفولوا دا,joy
شفته صارت مرعوبه اكيد رح بتروح بعد برنامج تقرا قران و تبخر حالها,fear
تعليق صادم لـ الشيخ وجدي غنيم علي فوز دونالد ترامب في الانتخابات الامريكيه  video  تعليق  لـ  الشيخ,surprise
محمد ابراهيم مش خاين مش خابن وبيكره الاهلي مش حصدق استحاله  زمالك,surprise
انت اجمل من جمال الكون في حسنك الطاغي وفي حسن الاخلاق 💙 . .  شعر  بوح  ابيات  خواطر  كلام,love
???????????????? هذا دائما كلام الاخوان يكفرون اي احد يخالفهم عقيدتهم فاسده هم والفرس لا ضمير ولاانسانيه,anger
معلق الاوليمبياد ع نايل سبورت عمال يتكتك بالولاعه حد يديله سيجاره والعه وفنجان قهوه.,none
السرقه تمت في وضح النهار وامام عيني,surprise
كان كسروا حصار غزه بس علي بال مين يلي     بتصرخ     بالعتمه,anger
هنفضل نحيك طول عمرنا عشان انتي انسانه قبل متكوني فنانه يا رنا سماحه  رنا سماحه في انت حر,joy
اردوغان و غولن وجهان لعمله واحده وكلاهما تجار دين .,anger
salyy: لم اندم يوماً علي حبي ، انما ندمت علي الطريقه التي احببت بها، احببتك لحد الهوس في كل شئ كل هذا ذنبي انا ، وليس ذنبك ،،،,sadness
1 above low   alemarat         و ارجع للي اسقط صدام و سلمه للامريكان!!,anger
انا هلالي ولكنك لاتمثلني انتوا اللي صنعتوا نجوم من ورق جحفاي كارثه وعار ع المره السعوديه..شفت راموس؟,anger
ربِّ انّ لك عباداً ينتظرون فرجًا فبشرهم؛ وعباداً يسالون شفاءً فعافهم؛ وعباداً يرجون فارحمهم؛ وامواتاً ينتظرون دعاءً لهم فاغفر لهم.,sympathy
3alahwa عميتشين اهلك ياشيخهه,anger
صحيح الموت فرقنا و لـكن حياتي بعدكم تشبه و فاتك  رعد,sadness
الفكره اني فعلا خايفه اتكلم والله,fear
: هذه الزريبه لاتمثلني ????  مجلس النواب لايمثلني هذا ففط الذي يمثلني???? ????,anger
التايم لاين كله بقي فاهم في الاوليمبياد,none
انا الحزن و عمُر المواجع ، لا غاب صاحبّي,sadness
اللهم يا من قلت ادعوني استجب لكم ، انصر اخواننا المستضعفين في  سوريا وفي كل مكان يارب ارحم ضعفهم وتولي بعنايتك امرهم وتقبل شهدائهم .,sympathy
كنت بهرب من الدنيا و اجيلك .. بس  دلوقتي الوجع منك :) اهرب  لميـن :(,sadness
1  :   اهم شيء في الحياه ان نتعلم كيف نحب ، ونسمح للحب بدخول قلوبنا . الحب الذي يستمر للفتره الاطول هو الحب الذي لا يعود .  حكيم  غرد,love
: كارول سماحه قمه بالروعه اغنيه بتجنن♥♥,joy
الي كل اللي في تويتر صباح الفل والعسل والياسمين للي صبحنا عليه واللي مصبحناش عليه ^ ^,joy
نتايج الاوليمبياد كويسه النهارده لحد دلوقتي يا رب اليد يختموا اليوم كويس 🙏,joy
هي اون سبورت بتذيع نهايه العالم ايه الافوره دي!!!!  هنروح كاس العالم,surprise
باي ذا واي انا ملت من السياسه وكمان الماتشات فاضل ايه كده نهري فيه ؟!!,surprise
3kar74 اه مرعب اوي وحتي ف اوروبا ماشي كويس,fear
مالكش دعوه بابطال الاوليمبياد يا عب فتاح,none
السكه شماااااال واليمين  مش شغاال علي فين رايحين,anger
Alatar صباااح الورد,joy
اتفرجي علي افتتاح الاوليمبياد,none
ME  A مرحبا,joy
كنت اعتقد باني خائفه ممن هم حولي ومما يحيط بي، لكن يبدو ان خوفي الاكبر هو من نفسي ومن العالم الذي بداخلي.”,fear
يعيش السبكي بينما يموت خان وشاهين والطيب والكاشف يعيش حسان بينما يموت ابوزيد وفوده يعيش السبوبجيه بينما يموت الحسيني  اولاد الوسخه لا يموتون,anger
انا خايفه من اللي جاي فشخ و حاسه اني هشوف اكتر من اللي حصللي ده بمراحل و مش عارفه هخلص امتي ولا الدنيا هتنتهي امتي و زهقت من كميه الخره دي..,fear
فاكرين وفاكرين لما ولعوا في مصر ومش حننسي وحنحفرها في ذاكره الاجيال القادمه حتي نحمي مستقبل مصر من طاعون التطرف,sadness
شكله صناديق  هيلاري انسرقوا.  USElections,surprise
وان وصفتك ؟ . ب القليل المختصر انت اجمل شي في هالدنيا احبّه ❤️  كلام,love
افتتاح الاوليمبياد🎉  Rio2016,joy
: عارف ليه انت عايش الياس ودافن نفسك في شويه زكريات زباله  وحد ييجي يكلمك ف الصح بتزعل عشان عقلك وقف من الصدمه انت كويس بس محتاج…,sadness
و من الحاجات الجميله بقي في المنافسات النسائيه في الاوليمبياد ان مفيش واحده بتلبس push up  الرضا 😂,joy
دعاء دخول الاوليمبياد :   يارب اي لعيب ياخد مركز قبلي يطلع يكون واخد منشطات,none
عيد سعيد ????????????✋,love
خايفه انوض ماما تزرطني معاها في الغداء,fear
واه من م الوجع يامه,sadness
فرع حلميه الزيتون,joy
حتي اندونسيا بتتفاوض معها علي قرض نص مليار دولار انت مش عاتق اي حد اندونسيا !!,surprise
انا تقريبا كده مالقتش بنت قموره في الاوليمبياد من اول ما اتفرجت.,none
انا مش عارف عملنا ايه في الاوليمبياد النهارده بس واضح اننا اطسينا بالجمله النهارده,none
كل دفعات خريجات الموازي قبلتوهم تكميلي جاات علينا يعني! اخر دفعه و تظلمونا ربي يحاسبكم علي ظلمكم   تكميلي جامعه طيبه,sadness
ننتظر افتتاح الاوليمبياد لنتابع الحسناوات السويديات 😍,joy
h اسمك مرعب,fear
شوفت بوست الصبح بيقول: ”المصريين اللي في الاوليمبياد هم اللي موديين مصر هناك مش مصر اللي مودياهم هناك.“,none
صباح المطر،صباح الرضا بماقدار،صباح ابلون الزهر،صباح الفرح من الاخر..!,joy
حسناً من الواضح اننا سنتابع الاوليمبياد . 🤔😄,joy
: نم قرير العين بعد التعب  يا ابي الاكبر من بعد ابي   ذكري وفاه الشيخ زايد ❤️,sympathy
ياريت يا جماعه لو شوفتوا لاعيب تنس اسمه كريم مامون في الاوليمبياد تشجعوه كويس عشان قريبي و يخصني بصراحه يعني,none
:   aa كان كرنفالاً رياضياً مميز يدل ع جهود لجنه التنظيم التي ابهرت الجميع .. فخور بهم والف مبروك نجاح البطوله والتنظيم,joy
علي هامش الاوليمبياد اول اوليمبياد شاركت فيها مصر عام 1912 اي شاركت في المسابقه الخامسه والاشتراك رمزي بلاعب واحد  احمد حسنين لعبه السلاح,none
الحراميه في البرازيل دا موسم السرقه بتاعهم دلوقتي  مافيش عدل وبيتداس ع الغلابه هناك عشان الاوليمبياد تطلع باحلي صوره بس فيه قذاره فالموضوع,sadness
الاوليمبياد الوحيده في حياتي هي اوليمبياد فيزيا 2008,none
تعال محتاجه ايدينك   مشاعري مستاحشه واطلب الامان !!,fear
انا نفسي اسال سؤال بس للناس الي عماله تتريق علي البنات الي مشرفه مصر في الاوليمبياد.انتو حققتوا ايه في حياتكوا بجد يمكن احنا مش وخدين بالنا,none
و 3 برونزيات في الاوليمبياد,none
اليوم الجو  رووووعه اكيد متضامن مع  المعاشات,sympathy
ان الجمال كساك من ورق المحاسن ما كساك ونبت بين جوانحي والقلب من دمه سقاك,joy
تخيل اكتر حد حبيته ف حياتك هو اكتر حد يجرحك ويوجعك💔,sadness
: الشباب المشاركين سواء كسبوا او خسروا احنافخورين بيكم جدا ومثلتوا مصر بشكل مشرف طز فاللي يلومكم اللي اداكو حاجه ياخدها  المص…,love
الغيره فِي الحُبّ  تَجعَلنْا كالاَطْفال لا يُرضينَا سِوي الامتِلاكْ !  الغيره,love
فعلا من الاوليمبياد القادم,none
i ما انا دراعك اليمين يا كبير,joy
يفرح قلبـي لما اشوفه يغرد.. ويحزن لما احس حروفه حزينه.. دايم علي بالي والله يشهد.. دايم اوله عليه يعذبني حنينـه..…,love
ساحبها حتي يعجز الحب عن حبي ساحبها حتي تحكم الدنيا في امري ساحبها حتي يعلم الحب اني احبك يا (  اب ) فليغار …,love
الي المصري الذي قام برفع علم السعوديه في افتتاح الاوليمبياد كس امك وكس ام اللي قالك اعمل كده وكس ام اللي قال للي قالك لحد كس ام صاحب الفكره,anger
اتعجب انا الشاعر والقاص ومصمم الجرافك المبدع ايمن رزق هيبه ممن يسبقون اسماءهم بصفات مثل الكاتب او الشاعر .. يا اخي خلي الناس هي اللي تقدرك.,joy
بضايق من طريقتي دي لانها بتوترني و بتاخد مساحه كبيره من تفكيري,anger
في السعوديه فقط يحرم العلماء قياده السياره للمراه بينما لعب الجودو في الاوليمبياد حلال,surprise
يا جدعان انا في حاله من التشتت لا يرثي لها من ساعه بدايه الاوليمبياد ، انا مبسيبش ريموت الريسيفر من ايدي تقريباً😫,sadness
:   ورب الكعبه وربي شاهد عشقها في قلبي و هواها ساكن اضلاعي و اسمها فخري و احبها كما احبها اجدادي وهي امانه وكنز لن اف…,love
:   ْْٰٓ …❤️ لك صبّاح والعمُر الطويل ولك حنايا  قلبّ ماتت في هواك,love
كلاي تومبسون مجاش الاوليمبياد,none
كفايه اهانه بقا كفايه ذل ومطاطيه مفيش اغلي من علم بلدي اشيله في محفل عالمي زي الاوليمبياد  رجعوه يتعلم قيمه علم مصر,sadness
بتصعب عليا الناس الي عندي الي ف كليه الي مش فاهمين حاجه ف المزيكا وبيعدوا وبيعشوا حياتهم عشان يبقوا مدرسين موسيقي ف الاخر,sadness
انا خايفه اموت لوحدي 💔,fear
: اللهم اني خائفه من امور انت اعلم بها فاجعل الطمانينه تسري بجسدي واتم اموري بتوفيقك لي وكن معي ياحي ياقيوم.❤️,fear
شفيهم الهواميير مسويين حملهه لمهند، بساعتين وصلوون للمليووون والحين ماني عارفه كمم ماشاء الله,joy
ونحب نشكر الاوليمبياد انها هتقضي علملل الفتره اللي جايه,joy
: من دون صهيون بذتنا صهاينّا !!! حسبنا الله ونعم الوكيل ، الامارات تعزي روسيا بعد سقوط طائراتهم العسكريه في سوريا,anger
دي مسابقه غرق تحت بير السلم يا حمار مش الاوليمبياد .. مش عارف الفرق يا طروبش ... اما انت حمار صحيح 😀,none
اسلام الشهابي سيسجل في كتب الاوليمبياد ان اسرائيل هزمت مصر في الجودو في ظل نظام خائن انقلابي ! يحب محاكمه كل من وافق علي النزال,anger
جايز فالماتشات التانيه انما ريو هبلوني. لا وبيناموا بدري ويسيبوا الاوليمبياد شغال واحنا نتفلق,none
عدد البعثه المصريه في الاوليمبياد 122 82 لاعب و40 لاعبه يعني البنات تلت البعثه وحققوا ثلثين الميداليات 2من 3 ده غير في بنتين خدوا مركز رابع,none
احبك ... قل لي شيئا كهذا !,love
من كتر ما بفكر بكميه الدراسه خايفه ابدا😷😷😷,fear
عيونها يتالف فيها اشعار,joy
i80: اكسر قلمك لان رحلتنا رحله والعشق لا تكتبه  الاقلام,love
:         altoaimi   مشكوره ام عبدالله,joy
دخلت رياضه الرغبي لاول مره في الاوليمبياد، وفازت فيجي فيها باول ميداليه لها!,none
معكم دائما وابدا.. كل التوفيق لمنتخبنا الوطني في مواجهته المرتقبه امام العراق ..  معاً نستطيع,sympathy
حطيت مباراه ميلان واول لقطه سجلو هدف حطيت مباراه اليوفي واول لقطه سجلو هدف,surprise
: تحسبون حياه المزز حلوه قسم بالله حياتنا خوف في خوف.,fear
انا خائفه ، كيف ساستطيع الذهاب للحمام وحدي ؟ :(,fear
اللهم اسقط طائرات  الروس وزلزلهم  اللهم اهلك  الروس و زلزلهم اللهم اهلك بشار وزلزله,anger
يعني حزين و بيتنرفز و مداااايق ياربي : !! عاااااااااااااااااااااااااااااااا,sadness
انا خفت وانا اشجع تشيلسي.,fear
ترنجات مصر في الاوليمبياد ايه الجمال ده 🙈💔😂,joy
سمعت ان فيه واد وسخ من مصر رفع علم مصر اثناء دخول بعثه مصر الاوليمبياد، الواد ده لازم يتفشخ.  رجعوا حماده,anger
الاربعاء ديربي..  اتحاد الشرس &amp الهلال الساعه 7:30 بالتوفيق شباب الاتحاد,love
ده خطير مخيف وادعوك يا رب خلاص من الرجل ده البشع!!!,fear
هي ايه القنوات المفتوحه اللي بتنقل الاوليمبياد؟ وللا مفيش؟,none
wahba  ايوه بقي يا سلام علي الكلام,joy
هي مصر رخصت للدرجه دي عشان تشيل علم السعوديه في الاوليمبياد؟! ليه هي السعوديه ملهاش بعثه مثلا؟! ممنوعه من المشاركه مثلا يا رخاص يا معرصين!,surprise
جووز اختي انخض لما شاافني بتفرج ع الزماالك وبشجعه... لا وايه بشجع الزمالك وبرشلونه يعني عكسه ..... يعيني اتصدم ????????????????,joy
صراخ مشتت يبعثر الاحاسيس ويناجي القلوب ولكن هيهات هيهات لقلبي الذي انكسر,sadness
الرد كمان مش حنضحك علي روحنا بعض اخوانا العرب بيجيوا من الصوره دي فاكرين ان مصر بيت دعاره مفتوح وان ستاتها مستباحه من الواقعيه,anger
الله يرزقه الصحه والعافيه 🎀  الرحمه  الفقر  السعوديه,sympathy
وبمناسبه الاوليمبياد ... احب اقول لنايل سبورت.... عاميتينك .... انتو ناقص تزيعوا حاجات من اوليمبياد لندن وقت الحاجات المهمه او دوري شركات,anger
مينا وشيرين كانو بيغنو مع بض عادي وبيضحكو قبل ما ينامو,joy
شعار المرحله: خايفه من بكره واللي حيجري,fear
الشعب العراقي معكم يا اسود لاتخيبو ظننا كونو كل المقاتلين في ساحات القتال فرحو الشعب الجريح,sympathy
هو ان لا تفقد  شغفك في كل محادثه مع من تحب ... و كانها  الاولي,love
لا يكره ان يكون العراق في امن و امان الا شخص مريض و مختل,anger
:   وصل الحوثي الرياض واستلوا علي النفط في المنطقه الشرقيه صراحه يا اخ نجاح اخبارك لم تعد محل ثقه,anger
ملايين الدولارات تصرف علي الرياضه ولا شفنا فريق في الاوليمبياد في اي رياضه باستثناء العاب القوي وجودهم باستحياء مجرد مشاركه هدر مالي,sadness
ههههههه ربي يسعدك,joy
اسال الله ان ينتقم من كل شخص كان سبباً في ضياع حقٍ لي..,anger
راتب شهر للمرابطين في الحد بيض الله وجهك يابو فهد والله ينصر ابطالنا,joy
اجمل ماقيل بالحب امر علي الابواب من غير  جاجهً لعلي  اراكم او اري من يراكمُ سقاني الهوي كاسا من صافيا الا ليتهُ لما سقاني  سقاكمُ,love
وانا صغير كنت بضايق لما المذيع يقول ع الاوليمبيات .. الاوليمبياد,sadness
: الاحمق مصطفي العاني: داعش لم تنهزم وانما انسحبت من المدن الحشد مصعد الضغط عد هالممساكين ????????  السعوديه ام الارهاب  EHS h…,anger
: العالم لم يعد مُخيف   قلبي هو الذي يُخيفني.  سعود بن الشيخ,fear
ماتظلموش  حماده طلعت يا اخوانا جايز بيمثل تيران وصنافير في الاوليمبياد,none
فيديو مخيف . فيضانات تغرق مدينه باقليم اليوسفيه بعد خروج وادي عن مساره,fear
الارجنيتيني ديل بوترو يرسل للصعود الي نهائي الاوليمبياد,none
كنت اخاف اغار و احزن لاجله كنت اخشي ان تسرق  سعادتي ولكنها لم تكن سوي ظلام فاين هو في ليالي اين  الحب و  الاهتمام انها مجرد  اوهام,sadness
انا المفروض اكون في الاوليمبياد انا كنت بلعب علوقيه مسافات بعيده بس كسلت اشارك,none
لا تبكوا عقب  موتي يوم انا حي ما  ذكرتوني ما يفيد والنوح وانتوا اللي  قتلتوني,sadness
badr2012   الحصار كان علي الشعب العراقي المسكين ، هو واولاده كانوا جالسين في قصورهم واخر همهم الحصار,sympathy
وما خفي كان اعظم.        او يام في الجراب يحاوي.    . البلد بلدهم بس. ربنا يهدي الضال امين,anger
التاني ؟؟,surprise
mozz: اخردوري للهلال القذافي عايش وحسني مبارك رئيس مصروالشعب السعودي يروح سياحه سورياعلي صالح يخزن قات بالقصرالجمهوري  فساد الله لا…,anger
طبيعي مافيش حد احق من احمد الاحمر بانه يشيل علم مصر في الاوليمبياد,none
البلد هتاخد الدواء المر ...لان البديل هو  الموت.,sadness
ولسه بتحبه ياقلبي ياقلبي حرام عليك ازاي تامنله تاني بعد اللي عامله فيك,love
تخيل انك انسان تعمل وتتعب لـ 3 سنوات عشان تحقق شي وتفشل فيه ويجي شخص اخر ويحققه النجاح من اول موسم .. شينه بحقك وطبيعي الصراخ علي قدر الالم,anger
افغانستان ليها بعثه في الاوليمبياد 😊  Rio2016,none
عزاءا للحزاني شفاءا للمرضي معونه للارامل و الايتام و من  الرب نطلب .,sympathy
سعوديات نطالب باسقاط الولايه8  شفيهم الملكات تري انتوا في بلاد الحرمين مو امريكا تري الاجنبيات خنازير انتوا الاصل عيب عليكم,anger
h اهل الموصل بين نار الدواعش وجحيم الحشد (اعانهم الله) حرب بغيضه ع اهل السنه لاحول ولاقوه الي بالله,sympathy
حبك ليا غالي عليا احسه بقلبي و اشوفه بعيني حبك ليا بيطمني بيعيشني احلي سنيني ♥,joy
الا ماشوفت ولاسعودي في الاوليمبياد مفيش غير بنتين تقريبا بس اللي وصلوا,surprise
Story عندك حق لكن معلش الغباء والتخلف لما بينكشف مالهوش حل,anger
! هو كان عندنا انهاردا؟😳,surprise
انتم يا زبانيه الخليج احقر من ان تكونوا حيوانات او بشر. دينكم جنس و مذهبكم منشطات جنسيه و مخدرات,anger
ليت تجي بنت تقول انا حبيبتك وتبقي معي حبيبه طول العمر ونكون صداقه ومحبه,love
: يا اهل نجران نجران ريعه في هله  كثفو الحراسه والتتبع والمراقبه ولو يسجن الف.لا يخترقنا البلا والجلا.  المطالبه باطلاق سراح هادي …,fear
يعني كل اصحابي رايحين حفله عمرو دياب و انا اللي قاعد بتفرج علي الاوليمبياد,sadness
وش هالجو الساعه 3 تتابع الاوليمبياد,none
اه هي كيميا في اعدادي بس,surprise
l0v  :  الام 😔  مؤثر ابنها متوفي في ثلاجه الموتي و تغطيه عن البرد وتحط البطانيه تحت راسه ماتبي شي يوجعه سود الله وجه من ما يبر بوال…,sympathy
Hesham   شكرا,joy
: كفايا تويتس ي رنا بقي كفااااايااااا,anger
ايوا بقا .,joy
لو تفعلهاالمانيا وتتاهل لنهائي الاوليمبياد بيكون يوم ثاري وانتقام من البرازيليين ذكري السباعيه المؤلمه فنهائي كاس العالم  المانيا نيجيريا,none
ان شاءالله المراكز الاولي من نصيبكم الله يوفقكم ويحقق امانيكم الله معكم يااعلاميين  المجره12 دعواتي لكم بالتوفيق,sympathy
احتاج حبيبي وطبيبي الرجاء اﻹتصال به💐💐💐  الصحه النفسيه 💞,love
moca كل سنه وانت بخير واسرتك الكريمه,joy
ايه النكد دا رايحه الامتحان و وحده مشغله مصطفي كامل بصوت عالي اوي انا ناقصه !!! :/,sadness
هو غانا كانت اعلي مننا بدنيا فشخ كدا ازاي ، الفرق كان كبير جدا,surprise
احلي حاجه ف الدنيا ان يكون في حد بيحبك وبيهتم بيك حب الناس هو الاكسجين اللي الواحد بيعيش بيه  ايمان الاء,love
شكراً مريم استمتعنا الله يسعدك ????.,joy
امانه يعني شعور يقهر خايفه بس مدري من ايش يدي ترجف وقلبي يوجعني وحرارتي ارتفعت مدري شفيني وجع خلاص....,fear
ويظنّ اني قد اميـلُ لغيــرهِ انَّي ! وقلبي باسمه مكتوبُ . انا ما شربتُ الحبّ الا مرّهً والكلّ بعدكَ كاسهُ مسكوبُ .  شعر ❤️,love
مش صحيح، لان فكل السنين دي كان فيه دول بتنسحب او ترفض المشاركه او الاوليمبياد تتلغي خالص,none
حين يكون الحُب كبيراً والمحبوبهُ قمراً لن يتحول هذا الحبُ لدمعه حُزن..!,love
o   y   والان يبي يزايد علينا بالوطنيه والقوميه وبالدين بقضيه فلسطين. وكان الكويتيين هنود ودينهم بوذي.,anger
تركي العواد يسيء للسعوديات   مقال بلغه ركيكه وحجه واهيه والفاظ سيئه الانتقاء.  للاسف اسات للموضوع ما خدمته,anger
1b: لا وقف بين البوح والتمتمه ٰ  احبك بصمت واحبــك بكـل الكلام,love
يارب بكره يعدي علي خير عشان انا خايفه جداً😂😂,fear
الاسبوع هادا كل ما افكر كيف بدو يمرق برج راسي انو احاول انسي وبرجع بفكر مش هييييك !,sadness
: اللهم كن في عون الفقراء و و ارحمهم يا ارحم الراحمين اللهم ارزق كل محتاج وكل عاطل وكل من يبحث عن العمل.,sympathy
شاهد كيف يقبض الله كل شيء .. سبحانه من قابض !!    شاهد  يقبض  الله  كل  شيء  ..  سبحانه  من  قابض  !!,surprise
يا جماعه احنا رايحين الاوليمبياد تمثيل مشرف يعني مش كل واحد يخسر تقعدوا تشتموا .. فاهمين ؟,none
انتوا عارفين لو ربنا ستر ان شاءالله في موضوع انا مرعوبه منه و عدي علي خير انا هبقي مبسوطه ازاي ؟ يا رب يا رب انا واثقه في رحمتك والله,fear
مكان معرص والناس عارفه انه مكان معرص وبرضه بنقعد فيه، نموت في جلد الذات والله,anger
شجعوهم رغم زيهم المخنلف شجعوهم انهم بالرغم من انهم خسرانين لانهم كانوا بيكافحوا و يبذلوا ما في وسعهم و دي هي روح الاوليمبياد,none
تاخير مكافاه كليه التقنيه حرام عليكم ????,anger
: الله 😯😍❤ والله فرحتني بجد 🙈,surprise
صبح.الورد.لكل.موجدين,joy
ادينا هنشوف وهنعرف ايه الي حصل بس خايفه اتصدم لما اعرف رغم اني هموت واعرف,fear
يخربيت **************... ع المسا,anger
ولقد خلوت مع الحبيب 💝وبيننا سر ارق من النسيم اذا سري💟,love
صدقيني انا خايفه من غضب الناس اكتر من اي حاجه البلد مش حمل هزه جديده واحنا مفوقناش من القرف القديم,fear
ساعه استجابه   الرامي عبدالله الطرقي الرشيدي  الله يوفقكك وينصركك يابو طلال   تكفون دعواتكمم ????????,love
مشفتش احلي من كده ولا اجمد من كده,joy
“ :  منه كانت لما بتضحك يحلي في عيني العمر الجاي ” +1,joy
للاسف...حاليا عند اهلها😢😢😢😢😢 خايفه عليها من اخوها وابوها والله,fear
اللي عشمان في فريق غير فريق اليد في الاوليمبياد دي ياكل تقليه 😂,none
كرسي متحرك لذوي الاحتياجات الخاصه يتيح لهم التنقل وقوفاً!  ابتكارات  ابداع,surprise
اكتر وقت بتفرج فيه ع الاوليمبياد بيبقي وقت الفجر وكل مره افتح الاقي مايكل فيليبس بيطلع الاول وياخد الدهب 🤔🤔,surprise
الاوليمبياد كانت افتتاحها امبارح بالبرازيل .. الوفد  المصري رفع علم  السعوديه  الدوله الهبله,none
:      لافض فوك ورزق الله الجنه هاذي هي القدوه الحسنه ماشاء الله لاقوه الا بالله  فهد العنزي,love
احا طنطا ضاغط الزمالك,surprise
رجب لو كان فكر في نظره حماته ( ام ساره خطيبته اللي معاها برونزيه ) لما يروح يتغدي عندهم يوم جمعه بعد الاوليمبياد .. كان خد دهب 😅,none
alsharabi: رساله من 👇   وتفاجات فيهاع الخاص فنزلت دمعتي دون رضاها ولم استطع المساعده فحبيت انشرها لعلا الله يفرج همهم😢💔…,sympathy
elsawy   !! ما تعقلوا الكلمه ياخوانا ! 🙄😂😂,surprise
متعه الاوليمبياد اني ممكن افتح التليفيزون طول اليوم واتفرج علي ناس من كل العالم طالع ايمانهم سنين عشان يعملوا الحركات دي وانا عالكنبه باكل,joy
: حتي عيونك تغِري الطفل الصغير لا لمحها ضاع من زينك ومال  قروب ساج بفكري  قروب الخافق للدعم 💔  غياب  عشق  بوح,love
: اللهم فرج عن اخواننا في سوريا والعراق واليمن وفلسطين وانصرهم علي اعداهم وسدد رميهم و فرج كربهم وشافي جارحهم وارحم…,sympathy
حياتنا كدولاب في مدينهملاهي هناك من يصرخ من خوفه???? وهناك من يصرخ من المه???? وهناك من يصرخ من سعادته وفرحه???? لكننا جميعنا نصرخ ولا احد يستمع ﻷحد????,sadness
مبروك ?طيب قلب شفته بحياتي شاهينووووووووو تستاهل ياعسل والله ربنا يحميك يارب,joy
من منطلق الديمقراطيه،لا نتمني اقصاء احد ولو كان الاخوان وهم بهذا السوء، لكن مواجهتهم بكذبهم الصريح واجب علي كل من يملك عقل,anger
في الحبّ : لا ننسي الا انفسنا ..  الانثي,love
من اشكال المتعه اغــار من المنام اللـي خذاك بلــذته مني   واغــار من الصباح اللي تفتح لاجله عيونك,love
اهم حدث في الاوليمبياد سباق 100 متر هيبدا يارب يا بولت,none
انا خايفه يكون كلامك صح وصح جدا,fear
:  الحـب هو ان تستيقظ امام ... نفس الوجه لالف عام فـٍ تبتسم ! كانها المره الاولي ..🌹  قروب راقي للدعم,love
بتتابع الاوليمبياد عشان ؟؟,none
امريكا تطلق الكلب علينا وبها من كلبها نستنجد! امريكا تطلق النار لتنجينا من الكلب فينجو كلبها.. لكننّا نستشهدُ,sadness
: هل تعلم ...انتي بنتظارك كل مساء كي اتلو عليك من فيض فؤادي والهوي,love
الاطفال ليس منا من لم يرحم الصغار ...,sympathy
جسمها كان حيل فاتن معا حلو الشفات،كنت كل مره اشوفها تجيني دوخه السكران،هي كان النبيذ الامريكي المشهور القديم،كل مره اشربها اسهر يومين.  غزل,love
واغار من سعاده لم اصنعها انا لك😔🌹  وغيره,love
فنجان قهوه مره والكثير من ذكرياتنا وجرح عميق,sadness
قمه العار اللي حصل في بعثه مصر في الاوليمبياد  OpeningCeremony,sadness
: [خبر] هيون جونغ اتصل بوالده معظم كلماته كانت شكر و امتنان Cr : véronique,joy
لو هي بتعند معاك حاول انت تحتويها وتخليها تعمل اللي انت عايزه بس بمزاجها ;),joy
تفكر لوحدك ، تتنهد لوحدك ، تكتم شهقاتك كي لايسمعك احبابك فتؤلمهم ، تبكي لوحدك ،,sadness
غالباً هيبقي اسرع هدف في الاوليمبياد كلها,none
ربنا يصبرهم و يرحمه يارب,sympathy
هو التريند ماله اهبل كده !!  تفاهه,anger
:  اليابان :الجوال وضع الصامت = وضع الاخلاق manners mode يعني عيب يرن جوالك او تكلم في مكان عام ( تعالوا شوفوا ربعنا),anger
افتتاح الاوليمبياد دايما كان بيمثل بهجه بالنسبه ليا.. كنت بحس انه اخر مظهر للعالم بيحترم بعضه.. وبيتوحد.. علي رياضه..,joy
اي خايف هالخلايق انها تحسدني فيك,fear
انتوا ممكن تشتموا الناس بتاعت الاوليمبياد لو الدوله مهتمه بيهم و مهياهم كويس للحدث ده و هما فشلوا..,none
هاي الشكوه قبل ينه يمكن و ع الفاضي جد انكو افشل شركه ب الاردن بس شاطرين تسرقو مصاري  معا لمقاطعه شركه زين  ????,anger
اؤيدك في نقطه ذكرتها بان الجمهور زعلان علي سان مارتن ولكن سان مارتن لايستطيع ان يؤدي مركز 10 وانسب لاعب حاليا للمركز التون,sadness
مفاجاه.. نقيب الصيادله: 919 دواء مختفي من الاسواق وارسلنا حصر بهم للوزراء.. وعضو بالاطباء: الشركات ستتوقفت.,surprise
بولت و فيليبس دول لو مصريين كانوا هيخلصوا الاوليمبياد و يرجعوا مصر يبيعوا الميداليات دي,none
صباح الخير يا غايب يا سكر في العسل دايب عسانا بس في بالك عسي ظني ماهو خايب,joy
كي يُغرم بكِ زوجكِ من جديد، اقراي هذا المقال حتي نهايته!  زواج,love
:  سندريلا التويتر الراقيه ????   ???? وهل هناگ اجمل منها اميرتي ❤ بين نسائم حروفها رقه المعاني تغزل احساسها جمال????,love
: تسيل دمائهم وتسيل ادمعنا ويكتوي القلب من حزنٍ وخذلانِ..! في  سوريا مجازر فاقت كل التصورات ياوجع قلوب,sympathy
: من  الجزائر 😉 🇩🇿 الف محفظه لتلاميذ  الصحرا الغربيه 👌🎩👏 نحن معكم للابد حتي الاستقلال 😍 ✌ ❤,sympathy
: قربنا نتخرج وزمايلنا لِسَّه محبوسه من سنه تانيه والله اعلم هيخرجوا ولا لا،ربنا يصبرهم ويصبراهلهم،و ينتقم م الظالم.! *افتكروه…,sympathy
اليس غريبا ان يكون الملح هو مايجعل لطعامنا مذاقا مقبولا !!!,surprise
هخش الاوليمبياد وهلعب رفع الروح المعنويه وزن الدبانه : D,none
انا دايما تلاقيني بخاف.. لقدرنا يكسرني ويكسرها. انا عمري ماخوفت من حاجه. لكن انا خايف اخسرها.,fear
ياجماعه في لايف يديد وحيل قوي وانشالله مايقصر وياكم والكل يضيفه😻🔥 Snap?Live al3a9ma لحد يقصر ويانا💙💙💙💙💙💙💙   Al3a9ma,love
Mayar  اجمل احساس في الكون والله,joy
و كريم اصلا شكله غلبان جدا من غير حاجه، ربنا يصبرهم باذن الله,sympathy
طب مش تقولوا يا جماعه ان الاوليمبياد مذاعه بدل الحماس وطيش الشباب اللي انا كنت فيه دا,surprise
aljohra:  رب في يوم الجمعه لك عبادٌ ينتظرون فرجًا فبشرهم وعبادٌ يسالون شفاءً فعافهم وعبادٌ يرجون فارحمهم وامواتٌ ينتظرون دعاء…,sympathy
حماده طلعت ده يرجع من الاوليمبياد يعمل مقابله مع عمرو خالد عشان يتحجب و يقعد في البيت,none
شكلي وانا خايفه من الم الاسنان.,fear
ايه الكلام دا ؟؟ دا كدا الدكتوره لو كانت بتفكر ترجع في رايها مش هترجع 🐸,surprise
يستاهلوا كل خير الله يحفظهم ويحميهم من كل مكروه ويحفظ امن وامان بلد الحرمين    اسقاط قروض الجنود المرابطين,joy
حابب تعبي لانه عشانك ، راضيه بغلبي لانه معاك ♥,joy
: وراحت امي مطلعالنا ظرف احمر... سالتها .؟ قالتلي دا جواب من باباكي الله يرحمه ... قلتلها هو لسه بيبعتلك جوابات ؟,surprise
انا مبسوط فشخ ب الاوليمبياد و مش عارف ازاي في ناس مش متابعاها فايتكوا كتير,joy
اجمل حاجه هو المواطن الشيفوني المصري اللي يقولّك  احنا 90 مليون  ومتفرعن علي مفيش ومصر وزنها زيرو في الاوليمبياد ادّام بلاد تعدادها الاف!؟,surprise
اختي في لاتلطمي ولاتصيحي,sympathy
ذهبت الي الاوليمبياد فرايت قطر بلا قطريين  Rio2016,surprise
مش عاوز اتخيل : D : D هنعملها من غير جمهور ما تقولولنا كده تخيلاتكم لو مصر نظمت الاوليمبياد مره تفتكروا هنبهر العالم ازاي,surprise
i miss اوي اني اسمع صوت النشيد المصري في الاوليمبياد 😂😂,joy
لك ولصوتك حب ثاني . ، ، 🔕♥️,love
هاني رمزي الافضل للفريق ويقدر يعمل فرقه زي منتخب الاوليمبي اللي كان معاه في الاوليمبياد  السوبر الاهلي,none
لك نصف  الحُب جهرا.. ونصفه الاخر  دعاء,love
: مع ان ليس لها ثقل ولكن ان سقطت تزيل شيئا بالقلب كان ثقيلا !,sadness
يا جدعان انا بعاني والله قاعد بسمع حاجات خدتها من 4 سنين في اعدادي هندسه  بؤس,sadness
:  خذها قاعده 👌: لو داخلك خوف، العالم مخيف، الناس وحوش، القدر نظام صدمات مجهول، الله معاقب منتقم، المشاعر قلق، الحل: انسحاب!,fear
هنخرج الاوليمبياد دي بالبرونزيتين بتوعنا وكده فل 😂 الله يحفظ كرم جابر ، كنا بندخل الاوليبماد واحنا ضامنين دهب او فضه,none
اللهم انت المتصرف في الكون والقادرعلي كل شيء وقدحرمت الظلم بين خلقك ووعدت المظلوم بالنصر اللهم ان اهل سوريا قدابتلوا بظلم عظيم فانصرهم,sympathy
Dandy: الجو بدا يتحسن ولا ايه .. ؟!! * خايفه تصدق *,fear
: وصفه قلبيه لا تتكرر ... لكل قلب وصفه .. 💘,love
كم اتمني لو ان علي هذه الارض منطقه مخصصه للحروب وتصفيه الحسابات والخلافات ،بعيده عن الاطفال والنساء والكهله .. لان مالهم ذنب بشي  سوريا,sadness
لا بجد الدول اللي بتجنس لعيبه تلعب باسم بلادهم في الاوليمبياد ..بيحسوا فعلا بالشرف والفخر ان واحد اصلا مش من بلدهم هو اللي كسب ميداليه؟!,surprise
للاسف ... نهائي اقوي سباقين في الاوليمبياد:   400 متر جري رجال   100 متر جري رجال الساعه 3 و 3:15 بس الفجر 󾌼󾍂󾌹,sadness
امي   ابي يا لغه فِي فمِي يا قره العَين يا ثوبيَ الدّافِئ فِي صقيع الشتَاء من علمني…,love
شكر ا حسين الجسمي نشكرك من كل  قلوبنا انو فكرت بينه وهديتنله هاي الاغنيه الجميله الرائعه يا مبدع????????????,joy
واحد مصري بيلعب في الاوليمبياد رفع علم السعوديه مع علم بلده وهو رايح يمثل مصر هناك !,surprise
اووووووووووووووووووووووووووووه سيمون بايلس مره اخري 4 دهبيات في الاوليمبياد يوم تاريخي تصفيق هستيري في الملعب,joy
هو افتتاح الاوليمبياد الساعه كام ؟,none
غير ان اي حد بيروح الاوليمبياد من عندنا بطل ولو مرشح لميداليه وجابها فهو بكل الابطال,none
فريق الهاند بول اثبت بعد الاوليمبياد انه فريق ساذج و ينقصه الاعداد النفسي و العقليه اللي تخليه يلعب علي بطوله  يتبع,sadness
فجاه كل البنات جمالهم طبيعي 🙂 عيل الزحمه والطوابير الي في عيادات التجميل منو؟!!,surprise
تدري وش اللي يذبح  احساسك انك بدون  اخطاء بس تدفع . .  ثمن !,sadness
اعششق شخصيتك بكل مافيها تاكد ان لاشبيه لك ولاتفكر للحظه ان غيرك اجمل منك لذاتك تعني الرضي تعني التقدير تعني الثقه  ثرثره صُنع✒,love
صباح الخير والحريه صباح الشموخ والاباء صباح الخير ياشعب اليمن العظيم قلوبنا وارواحنا معكم وسدد الله خطاكم ونصركم✋🌷,sympathy
.. تعبت احبك وانت ساهي ولاهي محتاجه فرصه غير كلمه ظروفك ..❤️,sadness
هو ده مستوانا احنا بعيد فشخ عن الناس دي كسبنا ماتش كوبا قبل اللي فات وده كان اول فوز لينا في الاوليمبياد في تاريخنا,none
هي البنات اللي كاتبه في ال bio انها مبضونه .. انا مش معترض انا عايز اعرف بتعملها ازاي بس,surprise
واحد بيقول لحبيبته ينفع اجيب الشبكه فضه .. قالتله ليه طالعه التانيه في الاوليمبياد هق هق هق,joy
كيف يفكر الغرب  تصريحات خطيره كسينجر الحرب العالميه قادمه  وسوف نقتل كل المسلمين ونحتل مصر ومخططنا بدا التنفيذ...,anger
يا اهل الشام اصبرو فقد تكفل بكم الله النصر صبر ساعه,sympathy
لو مصر ترخص اسعار العقار كان دخل علي مصر عمله اجنبيه صعبه تسهم في دعم الاقتصاد المصري وتدفع عجله التنميه .,anger
خايفه من ثريد يونساي 🙄 مابي ارد لجيمين,fear
انا خايفه اوي علي المترو 😭🔫,fear
كنت حذاكر لامتحاني بس الحين ما اقدر لاَنِّي لسي خايفه من وجهك كانو فيلم رعب😭😭💔💔💔,fear
:  صور | جانب من مسيره طلابيه في مدينه رفح جنوب قطاع  غزه تضامنا مع الاسير الطفل  احمد المناصره  قناه القدس,sympathy
💌  الحُب مفتاح العطاء  بس اقول  همسه,love
انا مع هيئه الامر بالمعروف والنهي عن المنكر قلبنا و 🖒🖒💖,sympathy
اقسم بالله هناك وزراء يحتاجون مشانق حتي يتعض غيرهم منصب وزير تكليف بالخدمه بكل العالم غير الخليج عباره عن جاه وهياط وصرف.,anger
: ماتغووور بقا ????????????????????  نطالب برحيل مرتضي منصور,anger
طب ادهم قشطه بيتعصب ، هاجر فريزر يا جماعه ????????,anger
يااا حــراااام 😟 قطّعت قلب البنوته الحلوه بحركتهاا هـذي !؟ بس حركااتها مِش ممكن 😀 ربّـي يحفظها هالبطينيه الصغيرونه…,sympathy
حب عظيم للناس اللي لمن نحكي معاهم نحس ان همومنا انتهت ، بالاصح نتعافي 💛!,love
انا اسفه دوست علي رجلك👣 لا عادي ولايهمك😔 انا اعرف وحده داست علي قلبي ومتاسفتش💔 .,sadness
: نفس الاتنين اللي اتفقوا ومابينهم وعد، خايف بايديهم يتفارقوا ويموتو بعض.😔😓💔,fear
ماتعرفش تسرق في مصر الا بمباركه ومشاركه من كبار موظفي الدوله يعني مش اي حد لابد ان تكون من عيله حرميه معروفه وموثوق في قله شرفها ولها سوابق,anger
25jan   اعوذ بالله مايسوي هذا الرز اللي تحكوا عنه قطره دم لواحد من اخواننا المصريين الله يحميك يامصر ويحفظ اهلك 💔قلوبنا معكم,sympathy
علبه كشري وسط ب 6 جنيه !!!! يعني لو اربع افراد ب 24 جنيه !!! بلد مفيش متها امل ..,surprise
وشفيك خايفه,fear
الوجع بداخلك شعور يحزنك ولكن لاتستطيع ان تبوح به تكتفي بـ فقط,sadness
: اوعي تفكر ان القوي الدوليه ح تدي صندوق النقد فرصه انه يرفض اعطاء السيسي 12مليار دولار خطه اغراق مصر  السيسي عميل,anger
لكل من يتحدث من خلفي ..  لو انك مكتمل الرجوله لتحدثت في وجهي!   فهيد,anger
: الله معكم و يرعاكم و يحفظكم...جيشنا ..حشدنا  صولوا بيهم ياولدنه,sympathy
:  ماذا يحدث في مصر حاكم خائن بدرجه بلطجي يعتلي عرش  صلاح الدين قاهر  الصلبيين ، مصر تحت حكم  البلطجي,anger
دينا مشرف ناديه نجم فريده عثمان ... بنات مصر مشرفنا في الاوليمبياد يا رب تكمل علي خير,joy
ما اجمل رساله الشكر من صاحب السمو امير بلادنا الموقر يهنئ ابطال الكويت   فهيد الديحاني   عبدالله الطرقي  ويفتخر بانجازهم ،،، ????????????,joy
mf5 كان الله في عونهم,sympathy
ودي اسوي هالطريقه بس خايفه منها والله 😑,fear
مصر اكتفت بالتمثيل المشرف في الاوليمبياد ✋ ايه ده مفيش كمان تمثيل مشرف 🙊,surprise
بقيت خايف من كل حاجه !,fear
اختبرت الين خلاص بس برضوا خايفه,fear
جيلان ليش متردي,sadness
: خَايفه عليكِ من كبريائِي ، خايفه اذا قسِي قلبي وقتها اسالك منو انت؟,fear
لم يَقْسُ بالاحبابِ طُوفانُ الاسَي الا مَدَدتُ لهمْ حبائلَ رُوحي . وحَملتُهُمْ في  القلب نحوَ مَرافئي فكانما قلبي سفينهُ نوحِ,love
: خايفه اتعود علي حاجه و ابقي مبسوطه بيها و اصحي من النوم ملقيهاش في يوم من الايام 😞😟,fear
عامل عبيط وبيتفرج ع الاوليمبياد لو كان حاجه ضد الزمالك كان زمانه بيتكلم,none
خايفه تحمل لي الماده ثم اقعد بها,fear
almn: ليه متوجع علي ناس ماتت وشبعت موت ؟ ليه حتي يرجعوا لذاكرتي؟ ليه النسيان عصي علي الانسان لما بدو ينسون؟ اااااااههههه ي وجع…,sadness
مصرع المئات من الضباط والجنود السعوديين في نجران وجيزان وعسير والملك في طنجه المغربيه يصيف  استشهاد بداح سعد السبيعي  ال سعود طغاه مجرمون,anger
والله اشبيليه فريق مرعب الله يعيننا عليهم💔,fear
ونحن نحذر جيش المخلوع بشار حافظ النعجه  عليهم تسليم نفسهم لدوله الاسلاميه الاوله  بعد 48ساعه سوف يكون الحكم عليهم اعدام قتل اي شخص نقبض عليه,anger
في الحب اقتنعت : تذهب الاقوال وتبقي الافعال .,love
كل حاجه من عند ربنا بتبقي خير ليك فمتزعلش ع حاجه حصلت وانت مش عاوزها ممكن ربنا يبعدها عنك بعدين خلي عندك امل ف ربنا الامل ف الناس,sadness
المصرين والله ان قلبي معهم  تيران وصنافير,sympathy
هب مصر راحت الاوليمبياد علشان تودع بس ،،،,none
شئ محزن ان الدوله متفكرش تعمل لحاجه لطالبه ثانويه عامه رايحه تمثل مصر في الاوليمبياد ، الناس دي بره بيتعملها الف حساب ، متعلمتوش من بوجي ؟!,sadness
: بعد ان كنا نخاف علي ابنائنا صرنا نخاف منهم تقرير اميركي عن انتشار العنف في اميركا  عنف  اميركا  تقرير  تقارير,fear
لا الاوليمبياد دي فاشله انا هروح اشجع احمد زكي في النمر الاسود,sadness
m562x: فاااااطمههه ???????????????? عشان لو تسمحتي هذي والله ماتنزل شي,anger
المصريين رايحين الاوليمبياد عشان يخرجوا منها 😂,none
:  الشباب في خطوته الاولي نحو كاس سمو ولي العهد .. بدعمكم حتماً سيعود ????,joy
نازلين 11 11 عشان اهم شي رجعو مرسي وراح يصلح حالكم بالتوفيق وقلوب المسلمين معكم علي الطاغيه السيسي,sympathy
في داخلي شوق لو تقرا حروفه تعرف انك بالحشا همي الوحيد وفي عيوني خوف ماودي تشوفه خوفي من الوقت ياخذك عني بعيد,fear
انا حالياً عندي قدره اخسر اي حد قدامي ف محدش ييجي علي سِكتي دلوقتي عشان هشوطه اقسم بالله وهلعب بيه الكوره ابعدوا عن وش امي انا مش طايقه نفسي,anger
المصري عبد الرحمن عرابي X الكرواتي سيب هيرفوجي ملاكمه Bein 7  مصر في الاوليمبياد  ريو دي جانيرو 2016,none
شنهق انبح ماعندي وقت ضيعه مع شعب جاهل,anger
قتلوا فينا كل شيء  فمتنا وعاش  ،،,sadness
ابتسسم فلا احد يهتم لحزنك .  💔🎷♩❋ ء,sadness
هذا الليل الذي يبدا بك مغمورٌ بالحب .,love
ي جماعه اساسا احنا رايحين الاوليمبياد او اي مشاركات عالميه للتمثيل المشرف ده ان وجد مبقاش لايكلف الله نفسا الا وسعها .,none
كده بقوا اتنين هنتكلم عليهم بعد الاوليمبياد حماده طلعت واسلام الشهابي,none
من اهم الحاجات اللي بتخليني ادعم شباب مصر في الاوليمبياد انهم بيكونوا عاملين نفسهم بنفسهم.. ومافيش دوله بتصرف عليهم اللافات ولا بتقف جنبهم,none
هنا اتسائل عن موقف وزاره الشباب والرياضه والمعينين بالانابه عنهم في الاوليمبياد,none
فقط في  الحُب تُسيطر العاطفه علي جميع القرارات💕،،؛,love
علي سبيل حُب التملك يا عسي ربي ما يحط بقلبك الا العافيه وانا💜  رتويت  رومنسي يبتي  جميل  رائع  شوق  غزل  صباحيات  بوح  خواطر,love
ابناء محمد السعد العجلان يحاولون تشويه صوره عجلان العجلان وتخيل شخص يخسر شي من جهده وماله للتخريب علي شخص اخر اعوذ بالله من هالحسد   3zu,anger
يا رب شفاك لمن مسّه الضر و لمن ضمه التراب.,sympathy
انا اول مره اشوف حد من المنصوره وحش وكمان ضيف رغاي اووي يعني,anger
ايوه ايوه هم راحوا الاوليمبياد باجتهادات شخصيه يعني دفعوا الطيران وعملوا الاجراءات واتدربوا في فسحه بيتهم ايه ياجماعه بتناقشوا ايه,none
رساله من قلبي لاهلي في الموصل هي و فلسطين و بورما و مصر وجميع بلاد المسلمين  رب يا قوي…,sympathy
سباح 🏊حصل علي مركز 47 في الاوليمبياد من بين 47 متسابق 😄 الحمد لله انه مغرقش  ملطوشه,none
هذا اللي كان خايف منه مدربهم,fear
. احسنوا لمن تحبون فالشوق بعد الموت لا يطاق ..,love
ماما ممكن تفكر تبعتني الاوليمبياد لمجرد ان في ناس كتير بتتجوز هناك اهو,none
يوم لفاني الضيق سمّوني القطوع وانا خايف يفيض دمعي لا حكيت..,fear
ghamri:   teni   alhaaaaarbi    من ايد الثوره علي الخليفه عثمان او سكت عن من ايدها هم سلاله قتلته واصل الخوارج ومنهم خ…,anger
~ اي اكثر شخصيه المفروض تموت فيرغسون الزباله مصختها وحتي حقدها علي سميث مو منطقي مدري هالسيزن خربو الحبكه العقلانيه شوي,anger
شعب متعاطف عفوا وليس اغبياء ،،،!,sympathy
انا متوقع لمصر 3 ميداليات ف الاوليمبياد وكان الله بالسر عليم :D,none
دخلوا بس الاسكواش في الاوليمبياد واحنا هنخربهاااا,none
pr اصل افنان بردواا محاميه و ليها وضعها ف الدوله :D .,joy
هو ان تعطي احدهم القدره علي تدميرك.. وانت تثق بانه لن يفعل.  كلام ذوالفقار,love
بنام عشان اشوفهم في الحلم و بردو مش بحلم بيهم 😔 💔,sadness
قطر داخله الاوليمبياد ب 25 رياضي😂😂😂😂😂😂,none
: يعني انتو مفتكرتوش ان التعليم بايظ غير لما زويل مات!,anger
رجاء للاخوه المرتبطين بطلوا محن شويه علي الفيس علشان احنا مش طايقين العيشه كده لوحدها     ارحمونا,sadness
اللي ميخافش من ربنا .. خاف منه,fear
هي الاوليمبياد السنه دي اشبه بمعكسر المنوفيه اللي كنت فيه كده ليه 😂😂😂,surprise
خايف اقولها اخسرك .,fear
مصر والعالم كله يودع ببالغ الحزن والاسي العملاق  الساحر  رافت الهجان  محمود عبدالعزيز رحمه الله انَّا…,sympathy
لو بابا وماما بيشجعوني نص تشجعيهم للبعثه بتاعتنا فِ الاوليمبياد مكنش ده بقي حالي 😂😂😂,none
اعمل ما بدالك...,anger
zorro   9   ياكلب حط يوزري زين,anger
ايه الدوري ده  احنا متخلفين عنهم ب 100 سنه ضوئيه ???????? كل الماتشات احلي من بعض وماتفهمش مين هيكسب مين ولا ازاي ???????? انه البريميرليج ????????????,surprise
: مئات الالاف من الالغام تتهدد مستقبل اليمنيين وتنذر بعديد الضحايا .  مليشيات الامم المتحده تقتل تعز  United kill Taiz ht…,anger
الف مبروك لفهد و للكويت بس ليه ما رفعوش علم الكويت و رفعوا علم الاوليمبياد,joy
طول ما انتي جنبي بلقيكي وش السعد عليا حبيبه قلبي ????❤,love
: تتصل بشخص يدعي بانه محامي الدعاه الذين اعدمتهم  ايران ويقول بانهم يستحقون الاعدام  محامي يتهم‼️  حمله البصق علي BBC,anger
اللي بيحب الالعاب الاوليمبيه .. في برنامج تعريفي رائع عن الالعاب الاوليمبيه علي ابوظبي الرياضيه .. جدد معلوماتك عن الاوليمبياد لانه قرب,none
الجيش الامريكي في الاوليمبياد 😂😂😂  OlympicGames,joy
elbasiony انا خايفه بس يكون في حاجه تانيه في نفس المكان او حواليه و منفجرتش لسه!!!,fear
: لا يكفي ان تُحب .. بل يجب ان تعرف كيف تُحب !,love
: اذا كان هذا هو حال فكيف هو حال سكانها ؟؟؟  اللهم الطف بهم، وعجل بفرجهم,sympathy
خلصت الجزء الاول كميه مشاعر ودموع بالحلقه الاخيره هالحقير ياريت ماسامحو بس تاثرت جدا جدا وقت سامحو,sympathy
:   لا تبحثوا كثيراً عن الفاعل فهو من تقاعس عن كسرحصار حلب ومن خرج من جيش الفتح ومن اشتهر بالاغتيالات وببيع…,anger
تراقب شخص لانك تحبه بدون مايدري ومهما صار بينكم عجزت تنساه وتمثل له انك مو مهتم ، ترا هي اصدق مشاعر الحب لكنها توجع بحجم صدقها.,love
حالتي بنص الليل وحيد وبعيد عن العالم اعيش ذكرياتي لوحدي فوق سريري لا اعلم ماذا اكتب او لمن اكتب كلهم هجروني لانه…,sadness
يوحشني كلامك واجبر الشوق بالصمت وعمر صمتي ما كان معناه اني نسـيتك  شوق  ذوق,sadness
كان بعض الناس في زينه فريد انت في خلقتك جملت الجمال♡  مشاعر حبي تقول,love
: لو روحت الاهلي يا محمد يا ابراهيم ابقي سلم علي اينو و صبري و طارق السعيد و محمد صديق  يوصل ان شاء الله,joy
هي الاوليمبياد الجايه 2020 فين؟  Rio2016,none
النمسا داخله الاوليمبياد بنفرين,none
من اكبر اخطائنا اننا نمر علي لحظات الفرح مرورًا عابرًا، ونعيش الحزن بكل مشاعرنا...,sadness
كره طائره.. مصر تخسر اولي مبارياتها امام بولندا في المجموعه الثانيه في الاوليمبياد 3 0  يلا ريو ، واصابه احمد قطب نجم المنتخب في المباراه,none
United  imrn2 شكرا علي تفهمك,love
الي يلبسون عدسات شلون يتحملووووون؟؟قسم بالله روحي طلعت رعععععب💔,fear
هو انا مش عارف كوبر حاطط الخطه ازاي بس قشطه طالما احنا فايزين,surprise
ريتك معايا تطوفي  وسط البشر والزحام  وتشوفي حيرتي وخوفي  عليكي من دي الالام,fear
انا تابعت كل العاب الاوليمبياد الدوره دي ولسه مشوفتش عروض الباليه المائي 😢,sadness
احنا رايحين الاوليمبياد نتنافس بنزاهه و نبعد الضغينه بين الدول و ننشر السلام في العالم.. بس مش هنلاعب اسرائيل علشان ولاد وسخه.,anger
دايما عندي خوف من الناس وخصوصا المقربين مني بحس باي لحظه ممكن اخسرهم,fear
لما نصعد ان شاء الله، نخرج من الدور اﻷول من غير منجيب اهداف!!!,surprise
علي المصرييييين وجمالهم ربنا يحميهم  MinaAtta,joy
خايفه بعد اسبوع اصير ماقدر حتي اوقف من السمنه,fear
والصومال والان توجههم ل ليبيا لان النفط فيها وافر ودوله غنيه وسوف تنهب خيرات هذا البلد وبعدها دوله اخري ؟ من ستكون؟,anger
Brk اين انتم من حلب الا شاهت وجوهكم,anger
المؤلم اننا نكتب لمن لا يقرا.  نوويس  خيبه  حقيقه,sadness
دول كتير اوي ودمهم خفيف العماره اللي انا فيها كلها سوريين والاطفال عسل,joy
: مُش معقول انا ايدي لامسه ايديك .. خايف اكون يا حبيبي بحلم بيك.,fear
للامانه خايفه😂💔,fear
كمان كام يوم الاوليمبياد تخلص وتظهر حاجه جديده للهري .. تويتر دا محتاج واحد زي نجيب محفوظ يكتب يومياته عليه.. يضغط الوقت ويفرده بحرفنه نجيب,none
يقعدوا يقولولك انت مش نافع و مش هتنجح  و مع اول نجاح يروحوا قدام الناس يقولوا  ان ليهم حظ الاسد في نجاحك .. يا اخي احا!,anger
: يا ابطال  القطيف لا تهنوا ولا تحزنوا وانتم الاعلون نحن معكم وسنبقي ندافع عن مظلوميتكم حتي يمن الله علينا باحدي الحسنيين  انقذ…,sympathy
اي تغيير بيحصل بينزل علي موقع الاوليمبياد ومافيش حاجه اتغيرت علي الموقع لحد دلوقتي,none
البرازيل بتلاعب جنوب افريقيا في الاوليمبياد واضح اني مش هذاكر في السمر,none
: لحظات مؤثره لانقاذ طفل من تحت الركام في .. لا نقول سوي  حسبنا الله ونعم الوكيل,sympathy
اشرق وكان الكون كله لك 💕💕 صباح السعاده متطوعينا 😊😊  متطوعو الاردن  تطوع  سعاده  عطاء  اطفال متطوعو الاردن...,love
من يعمل لِمصلحه الوطن والمواطن يستحق ان يُذكر و يُشكر كُل عمل يقوم به ومن لايشكر الناس لايشكر الله ..  شكرا وزير الزراعه السعودي,joy
هههههه !! هو فيه كده يا عالم ؟!!!,surprise
وحلفتُ اني لن احنّ اليه ، واليوم جئتُ مُكَفِّراً مُستغفرا .  خواطر,love
مع الاسف يابونواف..حتي انت اللي كنا نقول انك من عقلاء الاعلام. انجرفت مع المحتقنين. اين انت من هدف نجران في النصر الذي الغي,sadness
نلعب ونسلم عليه، الاوليمبياد مش ساحه سياسيه.,none
: مالي اري في اعين الناس عيناهُ ؟  ادبيات  مالي اري  شعر فصيح  ادب عربي  اقتباسات  مقتطفات شعريه,love
نهيص مع الاوليمبياد بقا و احسن حاجه في تنظيمها في البرازيل هي ان توقيت معظم المنافسات بعيده عن وقت الشغل,joy
:       خايفه من كلمتك يومته 😭,fear
مريم حضرت حفلتك غيرانه منك من حبنا لك تبغانا نكرهك  كلنا ضد مريم بيفور65   كلنا ضد مريم بيفور66,anger
: •  الحُب ان احتاجكِ فاجدكِ بجواري، ان اتالم فاشعر بيدك علي كتفي، ان اسمع سؤالك عن سبب المي قبْل الاخَرين.! •  كتابات يوسف  كوب…,love
متضامن مع نائب الشعب المحترم هيثم الحريري Haitham Elhariri,sympathy
altoaimi:   sdeer     hushan             ويسعدكم اجمعين امين يارب,joy
يعني علي سبيل المثال هاشتاق الصرخي ! سويتون الضابط محمود مرجع وشيعي وعربي واصيل ؟وهو هارب من العراق اصلا,anger
daly   دفعت هذا المبلغ لايران ولكنها ستبيع بضعفه الف مره اسلحهلدول الخليج التي ستتصور من هذه الخدعهان ايران تخيف حتي امريكا,anger
. عفوا. انا ايضا تخيلت في البدايه انها من الاوليمبياد ثم لفت نظري انها غير متداوله في الفضائيات الرياضيه فبحثت عن اصلها.,none
ليه كل اما اقول لحد اني كنت مع      محمد امام و غاده عبد الرازق      ف نفس المكان و مكلفتش نفسي حتي اقوم م ع الكرسي اشوفهم م قريب اتشتم !????,anger
خايفه تجيب اختي ولدها قبل يرجعون اهلي..,fear
رحم الله الدكتور  احمد زويل فقد انقذه الله من الاحتراق بنار السياسه في بلده حينما رشح للانتخابات الرئاسيه بها بعيد اقصاء مبارك عنها.,sadness
وضع البرازيل غير مؤهل لاستضافه الاوليمبياد ، يارب تعدي علي خير,fear
كلنا هنشيل لا استثني احد,surprise
: الظاهر اني ابتديت وعلي حبك غديت  شعر  الرياض,love
هي جنات ده كائن بشري زينا ولا ملاك نازل من السما ???? يخربيت حلاوتك ????,love
ff2f2ff :   اللهم اشفِ كل جسد يضج به الوجع وكل روح تعج بها انفاس الالم ربي اشفِ جميع شفاءً لا يغادر سقما .,sympathy
اللهم انااعيننا وقلوبنا تعبت من صور اطفال سوريا يارب فرج همهم ويسر امرهم وسخر لهم الخلق ياكريم,sympathy
: الجيش الحر يقبض علي داعشي وهو مصاب يدخن ويقول امراء داعش بتحشش ؟,anger
الحمدلله علي حياه يدبرها الله وفق رحمته...,joy
الدول كلها رايحه تجيب ميداليات دهب ف الاوليمبياد ومصر اكبر بعثه تقريبا ف البطوله مع الصين ومش عارفين نجيب الا ميداليتين برونز    حسبي الله 😏,anger
انشاءالله  الزمالك هيفرحنا انهرده ويعوضنا عن حرقه الدم بتاع الاوليمبياد ده ❤,none
اكثر موضوع يحزن واكثر موضوع موجع في هالحياه مجهول الابوين مساله انك ماتعرف من انت ومن امك وابوك مؤلمه مره 💔 كان الل…,sympathy
وتعيش يا جيش بلادي,joy
: ياريت يا جماعه حد يمنشن الاجهزه المعنيه عن الكلب ده والصفحه القذره دي ليل نهار تهزيق في مصر وفي الريس  جبهه شعب مصر,anger
من سخريه القدر ان الميداليتين اللي جابهم مصريين في الاوليمبياد سيدات و رجال يكونو في اكتر رياضه مصر بتدرب الشعب عليها,surprise
الله يسامحك مابي ادعي بلحظه غضب ..,anger
بحب اوي اشوف العرب بيكسبوا في الاوليمبياد او الدوري الماسي او بطوله العالم ..,joy
فعلا يبقا ف ثوره ويبقا دا هدوء ما قبل العاصفه ؟؟ظظظ,surprise
يا جماعه في مواطن مصري كان مسجون ف المانيا السلطات الالمانيه حرقت جثمانه هو عادي كدا ولا ايه النظام,anger
نبتعد ف نشتاق ، نقترب ف نُكابر ، تباً لِـ  الحُبّ .!,love
انا خايفه و مرعوبه عشان كل ما بحس ان مفيش سواد اكتر من كده بتضلم اكتر,fear
فجاه كلهم عندهم OSN 🙂😂,surprise
الاوليمبياد عمومًا بتبدا منافساتها من الصبح بدري جدًا اللي هو بيوازي وقت الظهر عندنا,none
: الناس اللي معترضه علي فرحتنا بال6 بونت النهارده معترضين علي ايه !!!!!!! دا اكبر دليل ان ولا الناس ولا البلد فارقه معاكم,surprise
لا ده هو بيحبها وعايز يكمل وكل شويه يجي يقولي انا هوصل الاوليمبياد اللي جايه ان شا الله😂,none
غدا نحتفل بتحرير مكيراس وبعد غدا بيحان ان شاء الله يا باش مهندس النصر حليفنا عاش الجنوب حرا ابيا شامخا,joy
في سباق في الاوليمبياد اسمه cross country حاجه كدا فشيخه. .!  Rio2016,none
خايف تروح وغيري يخونك ، مابيها تتضايق عيونك وانا يمّك همي همك .. ياكل الحياه,fear
شفتـهِ في هوي غيري ، سعيد ابتسمت من الحزن غصب عني .  فراق,sadness
خايفه اقوله عن شعوري واخسره 😩❤️,fear
t232 يالطيييف هذا اللي كنت خايفه منه اني اتخون 😭😂,fear
salyy: كاني مت ، وكاني قتلت نفسي بنفسي,sadness
كره القدم النسائيه بتطور بشكل كبير جدا المستوي الفني في الاوليمبياد عالي جدا والاداء ممتع  Rio2016,joy
ﻛﻞ ﻣﺎ ﺍﺷﻮﻓﻚ ﺍﻗﻮﻝ ﻻ ﻣﺶ ﻣﻌﻘﻮﻝ اﻧﺎ ﻗﻠﺒﻲ ﺍﺯﺍﻱ ﺑﻘﻰ ﺑﻴﻚ ﻣﺸﻐﻮﻝ ﻭﺑﺴﺮﻋﻪ ﻛﺪﻩ❤,surprise
لا هو بصراحه خوف دون عمل,fear
مشهد مؤثر لاب سوري يبكي ابنه الذي استشهد جراء غاره جويّه استهدفت حي  الفردوس بـ ! اما ان لهذا الليل ان ينجلي ؟؟؟,sympathy
alrsam71 قلوبنا معكم 🌸❤️  العشق الابدي  الشيخ قيس الخزعلي 🌸❤️,sympathy
حلب حماه سترون الجحيم من اهلها يابهيمه اليهود والمجوس عجز جحشك عنهم انهم سيف من سيوف الله وجنده????مسكين الطم وبقوه????????,anger
ارحموا من في الارض يرحمكم من في السماء ارفعوا الحظر استيراد الادويه  الاطفال السرطان .😣😣,sympathy
كنت اسمع بودكاست امريكان عن السله وقاعدين يضحكون علي قطر والبحرين والتجنيس في الاوليمبياد هههههههههههههههه,joy
يارب انت اللي حاسس بيا انا خايفه 😞🙏🏻,fear
هيخش الاوليمبياد الجايه و ادي دقني اهي لو خدنا حاجه :D,none
: ما يهون الحزن لو قلنا يهون لو تركنا شوي لحظات ورجع نخفي الاوجاع عن كل العيون واليا طفينا النور نبكي  قروب روح وحده للد…,sadness
في ماتش ف الاوليمبياد خلص 8 0,surprise
اللي عندي يحرقون المسلسل علي🚶🏻.,sadness
.. هو ارتياح قلب لـ وجود قلب ❤️,love
من غير نت يومين معاش عرفت شن صار في الدنياحتي لوالقيامه قامت ماكنتش حنعرف امس/اولامس حطيت علي افتتاح الاوليمبياد حسبته اعاده وهو مباشر,none
انا افهم التطبيع انك كلاعب رياضي تروح اسرائيل عندهم تلعب ماتش استعراضي وتبوس وتتباس وتتصور وترجع لكن لاعب هتلاعبه ف الاوليمبياد فين المشكله؟,surprise
افتتاح الاوليمبياد مباشر دلوقتي حالا علي Nile sports و Dubai sports للي عايز يتفرج،,none
بيحاول يحتفل بالهالوين السنادي. *بيتابع اسعار الدهب والدولار*  رُعب   فزع,fear
دوله عشان تنظم الاوليمبياد، قتلت اطفال الشوارع بدم بارد (وكانهم حيوانات ضاله) عشان منظر الاطفال هيسيب انطباع سيء عند الزوّار المشجعين  ريو 🤗,sadness
لا تعتذر! ماعاد ابي منك حاجه قهرتني.. يا جعل ربي يحاسبك ابعد ،، تري قلبي يزيد انزعاجه تكذب عليّ وتبغي اني اجاوبك؟ ،  بوح  ارشيفي,sadness
المتسبب الاول في عدم وجود نهضه وتطور في شتي قطاعات الدوله هو ؛ ( مجلس المناديب ) ⚠️حيث بدا المنحي في الانحدار  بشكل رسمي وملحوظ ⚠️ كويت,anger
ليالي قناه الواقع20   علي الهمش  انشوده ايه ياقلبي تكلم بارتياح ماشاءالله مبدع  الله يسعدك,joy
اللي مصمم يسيّس الاوليمبياد.. هل تعلم ان الرباعين ساره وايهاب تنافسا مع الاسرائيليين ومع ذلك انت تحتفل بانتصارهم؟,none
: اعاهدكم الله ان لانخون دمائكم وتضحياتكم وان لا نقبل الالتفاف عليهاوانتقاصها وان نبقي معكم وان لانحيد عن غايتكم مهماكان ح…,sympathy
Azim حضرتك شوفتي المسرحيه ؟؟؟؟؟؟؟؟؟؟؟؟  للاسف تدفعو ورا السلفيين اللي شعللو الدنيا .... والحقيقه انهم الحقراء,surprise
تبقا بطل القاره بتاعتك و في اول ماتش في الاوليمبياد تخسر بفارق 57 نقطه .. مش ممكن علي قله القيمه يعني,sadness
مش قادر افهم ليه زعلت لما علاء ابو القاسم خرج من الاوليمبياد ؟ ، مش فاهم ليه سلوك الانتماء عندي بتتظبط مع اي حدث رياضي مصر بتبقي فيه ؟,sadness
كل عام وانتم بخير 2015,joy
هي حاجه محزنه نوعاً ما فعلاً,sadness
: . ساعد الاخرين اذا استطعت،  اما ان لم تستطع، فلا تؤذهم علي الاقل . دالاي لاما .  الرحمه…,sympathy
المنيا.. 15 يومًا لـ 19 متهمًا بفتنه     كوم اللوفي,none
901:       حطو لنا دبلوم تربوي ابرك لنا   تخلونا نتشرد في الرياض ????,anger
ولو طلعت الثالثه في الاوليمبياد كانت الشبكه برونزيه,none
tshreen الله يوفقهم وحررون القدس,sympathy
خايفه اتخرج من هالاشي ✋✋,fear
هو مفيش رياضه الطاوله في الاوليمبياد ؟,none
انت وكل  الشوق ياغالي عمري كله هواك 💜,love
حاله من الاكتئاب و البؤس ..,sadness
مواعيد الاوليمبياد حلوه جدًا .. بتبدا من بعد الظهر تقريبًا بتوقيت مصر وتخلص علي 12 بالليل,joy
منت قد الوسط الرياضي روح استقيل,anger
اول مرهازعل علي حد مااعرفوش سواق كنت بركب معاه كان محترم جدا كان كل ماحد يضايقني يقولي انا هادبهولك كان وشه دايما بيضحك  الله يرحمك يامحمد ????,sympathy
رحمه الله علي الفنان الكبير محمود عبدالعزيز عظيم من عظماء الفن  محمود عبدالعزيز,sympathy
وجع يومي ربنا يصبرهم ويربط علي قلوبهم,sympathy
نشوه الفوز علي الفتح ربما تتسبب للفريق بالتراخي . اهمس لبعض اللاعبين لازال مستواكم هابط وخصوصا خط المقدمه.,anger
اخيرا ده انا قربت انسي اننا دخلنا الاوليمبياد اساسا,joy
راقت لي مات فقيرا من الجوع فذبحو كبشا في جنازته ! منافقين !!,surprise
fopya: و خايف اشوفك عشان ساعتها همشي و اسيبك..,fear
لو مكنش عندي برد كنت شخرت,anger
الموت ماهو مخيف الي يخيف الحياه اعلّم اللي يخاف الموت ما خافها الموت مره وتبقي تحت رحمه اله اما الحياه انت بين الن…,fear
الْحَبُّ يَبْدَاُ بخطا غَيْرَ مَقْصُودِ ، وَيَسْتَمِرُّ باخطاء مُتَعَمِّدَهً,love
: ضحكتك تستحل قلبّي بشكل مش معقُول.,surprise
يا عمري متعاطفه معاي,sympathy
العاب القوي مكناتها في الاوليمبياد اعلي من السباحه برده,none
مسا ءالحب والجمال 😍  مساء  الجمال,love
n7rer:  تركي العواد يسيء للسعوديات احذروا من الاسقاط علي والده المذكور فليس لها علاقه بسفاهته وتفاهته وسقوطه ام فاضله ربت وتعبت و…,anger
في دوله في العالم رفعت علمين مع بعض في الاوليمبياد غيرنا مفيش طبعا...ام الدنيا ✌✌,none
بناء علي فكره بيع الجنسيه المصريه ورفع علم السعوديه في الاوليمبياد ليه ما نعملش مساحه في العلم تبقي sponsered و المعلن يحط فيها للي هو عايزه,none
مدري ليش السخريه من اصحاب اللحي والملتزمين وكانهم ليسوا منا وكانهم كائنات فضائيه غريبه عنا!هم ليسوا واحدا اونسخه واحده  لا تتزوجي مطوع,sympathy
7575:   مين اللي عمل لك بلوك يا جاسر وبعدين لاهو الضحك دلؤتي عيب وبيبلك صاحبه ده لو كده ابقي انا المفروض اتحبس اربعين سنه…,anger
هههههههه انا مبطل من زمااان بس اسمع هنا بيقولوا الافغاني صرف مش متخلط حاجه فخيمه خالص بس بعيد عنك الطرف ب 500 ريال,surprise
القانون يقول كل عامل له كفيل رح كلم الكفيل يصلح السياره مالي دخل انا كفر ماكسس يمشيك عشر دقايق قبل ماينصلخ تقوم تمشي فيه للبيت ياتيس,anger
الاوليمبياد بالنسبالي هي كره القدم وكره السله وبعض مباريات اليد خصوصا الادوار الحاسمه زي قبل النهائي والنهائي غير كدا شكليات,none
ندعي لايمن فايز يا سلاح الشيش يا جماعه، اخوات اصحابنا لازم يطلعوا بدهب من الاوليمبياد :D,joy
اتندم علي الساعه يلي فتت فيها الجامعه الهاشميه،,sadness
شكرا يادكتور,joy
اللهم ازل الغمه عنهم واجبر كسر الامه قالوها ونعيدها: مالنا غيرك يا الله,sympathy
فجاه الكل بقي يهتم بالميداليات و الاوليمبياد 👀 منورين السوشيال ميديا يا جماعه والله 👏👏,none
مبروك فك حصار حلب الحمدلله الذي بنعمته تتم الصالحات.. اللهم انصر اهل الشام علي طاغيتهم,joy
rm70 هتاخد زمنها و زمن غيرها,anger
تعالي مافيه غيرك يدفي القلب لا شتاق تعالي ياللي مسكنك وسط الضلوع,love
لاعيبه مصر في الاوليمبياد يعملوا كل حاجه وبييجوا يتعولقوا ف الاخر,anger
ياسيدي علي الاوليمبياد وسباقات الخيلو و الليلو والبيداءو تعرفوني،،،والخيلو والليلو والزعبوطو    و القلمو!؟,surprise
kg2 انا خايفه بجد من الناس تقوم علي بعضها وساعتها الكل هيتاخد في الرجلين عاطل مع باطل مش هيفرقوا,fear
وانتي يا حبيبتي .. انتي كل الحياه &lt;3,joy
اللهّم رب الداء والدواء لا شفاء الا شفاؤك اشفِ ابي وابسط عليه و اجعل ما اصابه تكفيراً ثم اجراً ثم عافيه..,sympathy
هيتقيد بس مش هيلعب ماتش زيسكو عشان هيبقي في الاوليمبياد,none
انا في دوره الاوليمبياد دي كلها مبتفرجش غير علي الافتتاح😂😂,joy
:   بِكل خطوه ، بكل دمعه ، ليتنا كُنا معكُم .. 💔  زوار الاربعين,sympathy
الله يعن كل فقير كان الله في عونهم,sympathy
للاسف اتهزقنا زياده كده و بقينا فرجه 👎🏼,sadness
في حاجات كتير قوي هتتغير فحياتي الفتره الجايه و مش عارفه ده للاحسن ولا للاوحش و بصراحه خايفه جداً,fear
الفرنسي مبتفرجش غير علي باريس سانجيرمان، عشان لويز وابرا وبس :D,joy
: بالصوره..  «النابالم» الروسي يحرق  داريا السوريه !  اللهم دمر روسيا ومن ايدهم ومن وقف مع الطاغيه بشار,anger
علي قد ما شايفه ان لازم الناس تنزل 11/11 علي قد ما خايفه ان مصر تتفشخ بعدها,fear
انا لما مش بلاقي حد اشتغله .. بقعد اشتغل في نفسي و اضحك :D :D,joy
انسي الاوليمبياد، انتصرنا وربحنا كل شي  طرد الاسراييليين من الحافله,joy
: انتِ لي كل الفرح وانتِ لي اجمل شعور✨❤  رتويت  بوح  خواطر  رومنسي  عشق  حب  حبيبتي  جميل  رائع  صباحيات  ذوق  صباح الخي…,love
althani: تري حلاه العمر مع من تحبه .. شخصٍ تريده من جميع المخاليق ..  بوح  ابيات,love
حصل حوار ابن وسخه حالا في الاوليمبياد !!!!!!!!!! التحكيم الفاجر والله,surprise
خايف انا خايف لو امشيلك سنين!,fear
: نشرت صحيفه ذا هيندو الهنديه تقريراً اتهمت فيه تحالف العدوان الذي تقوده  السعوديه بارتكاب الكثير من الجرائم بحق الشعب اليمني,anger
بمناسبه الاوليمبياد.. كوت باعظم الرياضيين اللي شفتهم في حياتك 5 ع الاقل يعني,none
nooriraq: مجلس النواب ذكروني من جنت صغيره من توكف علينا مراقبه ومانقبل نسكت????????نظل نصيح بالصف ونسولف.النواب شنو صغار خوما صغار !!????  العر…,anger
: هل يتوقع من حاصر حلب ان اَهلها سيستلمون ليصيبهم  ما اصاب اخوانهم في العراق من قتل وتهجير وتشريد   ملحمه حلب الكبري,anger
Mo3gza البقاء لله ي صحبي :((((,sadness
Ismail ريكو هيخلص  بس هيطول شويه النصيبه لو مرتضي مش مهتم ممكن الاهلي يخده او الاسماعيلي هم عوزينه و الشرطه موفقه لكن ريكو عوز الزمالك,anger
خايفه علي صغيري يحلم بالصراخ,fear
لا حول ولا قوه الا بالله محمود عبد العزيز حقيقي من الناس اللي بعشقهم الفلام القديمه دي عشق وافلامه ليها عشق خاااص,sympathy
:  StarAcademyNews احدث اطلاله للنجمه  ابتسام تسكت    IbtissamTiskat,love
اسوا ما في الصدمات محاوله ... استعابها !.  ليبيا,surprise
واضح انك لاعب وصخ جيت بشر !!,anger
هو الاسكواش بقي من العاب الاوليمبياد ولا لسه؟,none
ضعت انا او حبك اللي ضاع بي في سراب العشق كما عاشق فني لاني اللي فزت بك ولا فزت بي اهتني عش وانا معك مهما صار…,love
: خايف اخسرك واخسر هالشعُور احِبك لكن خايف.,fear
بخاف ارد علي الكلام دا خايفه اوعدهم موفيش خايفه اقولهم هفضل ومفضلش بقيت خايفه اكتر منهم !,fear
ودي العب بهالزحليقه بس خايفه م ازرق منها انشب بالنص😖😖😩😩,fear
نحن كمصرين معك قلباً و ً و في السراء و الضراء فالك الفوز يابرنس,sympathy
الحُب مو كلمه احبّك ، الحُب احيانًا : فزه قلب من تنبيه ، رساله ، سؤال ، اهتمام ، كلمه حلوه ، دعوه حلوه .,love
العشره مش هانت دي اتهانت !!,anger
الاوليمبياد يا حاج 😅,joy
يارب اجعل والدي ممن يساقوا الي جنان الخلد محاطه بموكب من ملائكه النعيم تغشاها وتملؤها الفرحه بلقياك يا رب💙.,sympathy
: الله ينصركم قلوبنا معكم اينما تكونوا دعواتنا لن تغيب عن الستنا 🙏🏻🙏🏻🙏🏻🙏🏻🙏🏻🙏🏻🙏🏻  جيشنا نهج السلام,sympathy
التايم لاين كله فشله ... طيب فين الدحيحه ؟؟,surprise
اسئله توضح معاناتي.,sadness
حتي ابطال الاوليمبياد ماسلموش من لسانتكم ..يا اخي شتيمه الست الوالده بتاعتك مستحقه يا اخي بطل عهر وعلوقيه بقي عيب,anger
مفيش حد ابن حلال كده يركب صوره عصام سراج علي احمد حلمي في الناظر و هشام سليم بيقول الشئ ده كل ما يتكلم ينرفزني,anger
اصلا مسلسل الشمال والجنوب ده بكرهه كله علي بعضه كفايوه فانزه الغتت,anger
منتخب الطايره خسر 3 ماتشات ف الاوليمبياد وبيخسر حاليا اهو من الارجنتين والمعلق مصر برضو اننا كسبنا كوبا...😂😂 بلا وكسه 😂😂,sadness
يالله انا معكم Euf  عين الشرقيه,sympathy
afana   انا خايفه 😂😂👻,fear
دي تاني واقعه في الاوليمبياد,none
و تعليقها كريه جدا .. الاوليمبياد الماضيه الناس كرهوا الوليمبياد بسببها,anger
ما شيكا قبل كده اول ما جه من اليونان راح الاهلي مستبعدش الصراحه انه يكون مضي ومن قبل لاعيبه كتير مضت للاهلي,joy
حفل افتتاح الاوليمبياد حاجه كده ايشي خيال ياناس 👍,joy
e      f84 افا.. شفيج خايفه,fear
الله يوفقهم ويوفق جميع اولادنا واولاد المسلمين يارب,sympathy
هل من الاسلام نقض العهود اما فكره بيقبضوا من امريكا !!!,surprise
كله عشان خاطرك يا سبووووووتي مع اني مكنتش ناوي انزل اساسا,joy
amr:   انا احببت صديق   وانت صنعت من الحب صديق !!❤ ..📝,love
منك لله ياحسام يابدري مش كان زمنا بلعب في الاوليمبياد دلوقتي 😕,sadness
توني صحيت وودي ارجع انام بس خايفه انام واقوم والاقي الويكند خلص,fear
: جمعه حزينه بذكري استشهاد زعيم الجامعه الجعفريه مولانا الامام الصادق ع,sadness
: الخنزير جواد ابن الحيوان زميره نصر الشياطين، ورث جينات الدياثه عن والده زميره كلب نظام المجوس الشركي والاباحي.,anger
:       khalil علي التويتر يشتموك وعلي ارض الواقع لو تقولها يقتلوك ثم يقولون,anger
عماله اع?د ف?ه سمعته بتاع خمستاشرمره :D  pt,joy
اهلاً بالعريس .. تو مانور التويتر 💙,joy
عندما يعاقبك من تحب علي اقل تقصير ..فتاكد انه يكتب نهايته بداخلك بحبر من وجع .....,sadness
kokaice76 بس بيشتم مينا !,anger
يا اخي انت ايه ؟,surprise
اجاااازف واسويهااا 😫😬!  خايفه,fear
الروبوتات في تغطيه الاوليمبياد!󾌴,surprise
: فان كانت الاجسامُ منا تباعدت فان المدي بين القلوب قريبُ ٰ  جماليات  القريض  نمير البيان,love
خايفه اعمل حاجه وفي الاخر اندم عليها ياااا رب 😔😓,fear
ابويا بنقوله احمد زويل مات قال يبقي اكيد اتقتل ????,anger
هو الليزر ده مش ممنوع؟ !!,surprise
لقد وضعت قلبي بين كفيكي ❤ واقسمت ان لا ابالي ❤ .,love
ايه تراوري علي sky sports بتقول انهم هيكسبوا امريكا في الاوليمبياد  برشاااااااااااااااااااااااام,none
: ليس هناك ﺃﺟﻤﻞ ﻣﻦ ﺃﻥ ﻳﺨﺒﺮﻙ ﺃﺣﺪﻫﻢ ﺑﺄﻧﻚ ﺍﺣﺪ ﺃﺳﺒﺎﺏ ﺳﻌﺎﺩﺗﻪ !   AhmedGamal On CBC Sat11pm,joy
اه ياا يوونس السوشيل ميديا كلها بقت  لكل حااجه والله  وقصه غريبه انهم ممكن يوافقوا يفضحووا نفسهم   3alahwa !!!,surprise
بنت بعيون زي الكمانجا مليانه خوف 😔,fear
بطله مصر عبير عبدالرحمن صاحبه فضيه الاوليمبياد اللي فاتت لندن 2012,none
: اهلا يا معلم منور.  الله يخليك. لا مش اوي كدا..قلل الbrightness شويه.,none
هلا عنجد المفروض انو هي احلي ايام حياتي ؟ لا عنجد عنجد ؟ طيب.,surprise
وبروح علي صورتك اخدها في حضني وانام اهي حاجه بتصبرني علي الايام دايما روحك حوليا وفي كل مكان   وحشتني اوووووووي,joy
امريكا قفلت ال 100 ميداليه واحنا فرحانين ب 3 برونز الي خدماهم󾌴󾍂  Rio2016  الاوليمبياد,none
فيه لسه حد من المبرراتيه ماقالش من غير السعوديه ورز السعوديه ماكنتش مااسر لقت فلوس تودي حماده واخواته الاوليمبياد من اساسه 😂😂,surprise
:  الحشد حامل رايه التحرير قلوبنا معكم ودعواتنا بان يحفظكم الله في موقعه الموصل المرتقبهنصركم الله يا جيشنا العراقي و الحشد ✌✌✌…,sympathy
اه يا بلد ..,anger
عندما تكثر الاعجابات بمنشور تسب فيه الشيخ الصادق او دار الافتاء او قناه التناصح فهذا ليس دليلاً علي اعجاب الناس...,surprise
: بلامستشفيات وجرحي ينزفون حتي الموت وتساؤلات من اطباء عن جواز التعجيل بموتهم الجواب:ليس الا الصبر لامر الله لكن السؤال…,sympathy
حسن فرحان يدعشن جماهير انديتنا هذا وامثاله الرافضه لم يسلم منهم الصحابه فهل تريدون ان تسلموا منهم هؤلاء لابد لهم من دِره عمر او سيف الحجاج,anger
والله اني خايفه ع عيالها كيف بيطلعون 😭😂.,fear
دايما منوره الدنيا,joy
: وياخذني الحنين اليه.. عبثا احاول فتنهمر دموعي اااه من هذا بقلبي يتذكرهم وهم في طور النسيان➿ h…,sadness
عفي  الله عن جوفن بهہ م ينشاف يكن  الضيق في صدره ولا جاب لهہ طاري..,sadness
عمري ماتخيلت اني ممكن اقعد اتابع الاوليمبياد بس الفراغ يعمل اكتر من كده😂,surprise
: اللهّم خفف عن جدتي كُل ذره وجع ترهقها وانزل عليها لِتُزيل بها تعبك يا رب العالمين، اللهم اشفها وخفف عنها مراره الا…,sympathy
ده مين ده؟!  ده واحد عمال يعمل Check in كل شويه و رايح جاي من الساحل لـ شرم الشيخ و انا مرارتي بتتفقع ???????????? ????????,anger
الاغنيه حلوه فشخ.,joy
التمركز بتاع خط الضهر كله كان بليله متقوليش هاني كان هايجبها ومتنساش ان في علق واقف جون يعني,anger
لم يتغير شي ابدا ❤ مازلت انظر الي عينيك ب ❤,love
لا شجب .. ولا تضامن .. ولا جلسات خاصه !!! لانهم مسلمون وليسوا نصاري او شيعه او يهودا.... في  سوريا قتل طيران...,anger
: * هُناك يمر بنا دون ان نراه ،ﻭَ هُناك اخر نمر به دون ﺃﻥْ نسكن فيه .. ﻭَ هُناك الحب الذي يمر بنا ﻓَـ يتمكن منا ﻭَ يس…,love
09: فهد الهريفي كان احد اكبر صناع الفرح النصراوي، من كان يتوقع ان يظهر بهذا الشكل؟؟ من كان يتصور ان الاسطوره سيكون مثير للشفقه؟؟!…,sadness
يعني ماريتيمو عايزين 7 مليون جنيه علشان يرجعوا محمد ابراهيم وانبي عايزه 9 مليون في مومن زكريا !!!!,joy
:  العريفي في اختلاط فاضح اتق الله يامن تدافع عنه وتعلم تميعه✔تلاعبه بدين الله,anger
A: اشعر بحرقه كبيره جداً علي طفل قُتل في فلسطين علي اسره هُجرت من سوريا علي ام مكلومه في العراق علي شاب اُعتقل في مصر.. كل همّ عر…,sadness
في الاوليمبياد مع نيجيريا,none
لا لا لا لا ما اصدق !!,surprise
طيب واش الحل انا مره خايفه وكنت اعتقد انو نفس الثانوي بس للاسف انصدمت ومن اثر الصدمه مو قادره اذاكر,fear
اطماع خليفه المسلمين اردوغان في الاراضي العربيه! الي متي؟,anger
وطن 💗,love
دوي الرعد مخيف جدًا يالله لطفك,fear
خايف في مره تقول يا ريتني ما عملت كده 🙁,fear
alh1133: ولقمه من يده ممزوجه بالود والرحمه ، تغنيني .  رباب الكلم  قهوه السابعه  كوب لشخصين,love
مخيــــف : هــوَ الوقت الذي تستغرقه في محاوله استيعاب فكره رَحِيل احدُهم الي الابد,fear
مودين واحد مصاب الاوليمبياد ...,none
طلعان عين ابونا في الثانويه العامه دي,anger
انا اكثر انسان جرب شعور يا فرحه ما تمت.,sadness
sen:  السيد الصرخي يحطم كهنوتيه السيستاني السيستاني افسد من السياسيين,anger
wdx مش معقوووول من يصدق,surprise
من الساعه 8 الصبح مشاكل ، يا رب اخلص من حياتي دي بقي,sadness
:  هادي العبدالله اخاف عليه كما اخاف علي اخوتي .. هادي العبدالله صوت الثوره و صورتها .  دمشق  حمص,sympathy
اه بلّش الاوليمبياد؟,none
مش لو كملت لعب طايره كان زماني في الاوليمبياد دي و بكسبهم بدل ما هما بيخسروا كده كل ماتش :D,none
احس اني خايفه بس مدري من ايش ، معقوله من الاختبار؟🙄🚶🏽,fear
لا مؤاخذه يا مخ هو المنتخب وصل الاوليمبياد و انا معرفش ؟ 😏😂,surprise
ماسبق من اسئله مفيد فوزي العميقه ليسرا  حدث حالاً  شلل  الحقوني,anger
lly   لايخلو العراق من شرفاء امثالها لم يرضوا علي انفسهم ان يكونو اذناب للمجوس نفتخر بهم وندعوا الله ان ينصرهم,sympathy
x: .. ان كنت تشكـي بـ الخفــا عشـق وجروح غيرگ يموت بصمّت في  عشـق روحـگ 💔 ..,love
خايفه نرن علي ساره توا تقتلني,fear
انا متعاطفه معاك والله,sympathy
مباراه مثيره بين سيدات المانيا و سيدات السويد في المباراه النهائيه لكره القدم في الاوليمبياد .... مباراه مثيره فنياً مش حاجه تاني 😎☺️,joy
يعني حفره قناه السويس يتعمل ليها اجازه رسمي..... 🐸 امال افتتاح الاوليمبياد ريودي جانيرو ايه ده ياجدعان.....😍😍 تحيا البرازيل تحيا البرازيل,joy
لعبه الرجبي السباعي لاول مره تُضاف الي المُنافسات الاوليمبيه في الاوليمبياد الحاليه,none
واحده في الاوليمبياد في سباق ال 400 متر اسمها تناكه 󾌴󾌴󾌴󾌴󾌴󾌴  tanaka get first ☝☝,none
hijazi: ذعر في الضاحيه بسبب عدم نشر اسماء قتلي حزب الله في  ملحمه حلب الكبري حتي الان,fear
هو اللي مظبطنا :D,joy
aid     511 بن هادي كان في بين الدوادمي  وشقراء (عاليه نجد) وانتقل للعمق بعد المعركه (وسط نجد) لانه اصلا كان طاعن بالسن,anger
alkhal:  يوسف الخال عن وجود المراه في حياته : «انا رجل غير متهيّج باي شيء. انا معتدل، عقلاني! الصداقه اهم بكثير من الحب لانها ا…,joy
وادي منتخب  كره اليد شال اوبح من  المانيا ف  الاوليمبياد وصيفنا احنا كمان بدري بدري ومن غير خطف  ريو2016  Rio2016  المخطوفين طلعو بيصيفو,none
: ◾️لن نستسلم لاجرامكم و  لن تموت حلب نحن احفاد محمد ﷺ  سنخرج لكم من تحت الركام  ملحمه حلب الكبري,anger
و انت طيب و بخير يا رب ^ ^,joy
اني نتعاطف ديما مع الشينات والشينين،،متضامنه معاهم،،،حتي بنياتك متعاطفه معاهم،،،،ربي يهديك وخلاص😕,sympathy
استغرب من غياب شبكه المجد عما يجري في حلب لا تغطيه لا اخبار عاجله ولا حتي نشره اخبار اين هي قناتكم الاخباريه وهو دورها؟؟,surprise
لا انا محظوظ للدرجه دي 🐸✋😂,surprise
بتعرفوا كم بيرفع معنوياتنا بفلسطين هذا الحكي للسما الله معكم ويبيض وجوهكم ...,sympathy
حماده طلعت، الضابط بالقوات المسلحه، اللي راح الاوليمبياد رفع علم السعوديه وبعدين روح بعد ما طلع الـ39 في الرمايه,none
مبروك لابطال مصر في الاوليمبياد.  محمدايهاب .  سارهسمير  الميداليهالبرونزيه رفع اثقال.,joy
: ..❥ اِنْ هَذَا اِلَّا  عِشْقٌ يُؤْثَر ،، مَعَ كُلِّ نَبْضَهٍ مِنْكَ يَا قَلبِيْ 💔..!,love
: احببتك بطريقه تمنيّت ان يُحبني احدٌ بها  غزل ❤️,love
ksa: يرددون شعارات قضيه  غزه  حلب لكسب العقول . والحقيقه  اردوغان وحزبيته تنتصر بالتطبيع مع  اسرائيل و  روسيا و  ايران مع من يقت…,anger
لا واسلام ملتحي كمان..شكله هيبقي ماتش الاوليمبياد :)),joy
فرحه رافا نادال برفع علم اسبانيا في افتتاح اوليمبياد ريو .  براء,joy
انت لو قاصد تاخد الناس اللي احنا بنحبها مش هتعمل كده,sadness
الحـب واحد ..  والمخـالـيق مليـون وانـت الذي فـ داخل  القلب بـيتـك لولا  الملام ..وخايف  الناس يدرون  لكتب علي جدران بيتـك    فديتك,love
: ???? الحقوقيه عون: قلق علي صحه المعتقل جعفر عون بعد ظهور انتفاخ كبير في راسه ومماطله في اخذه للمستشفي  البحرين,fear
:  ملحد   الشيعه  ترك الملحدون المواربه تزامنًا مع ترك الرافضه للتقيّه!,anger
في الحب كنت اردد صباحك سكر في الشوق كنت اردد صباحك لك في الانتظار كنت اردد لاصباح بدونك  غزه  تونس الخضراء,love
1 ترا حساب سوريا الوطن اللي جالس ترتوتله كذاب &lt&lt&lt انمسح فيكم الارض ????????بس حبيت خبرك لان شمتان????,anger
اي عقوبات تتوقعون ان تقوم دوله  تحيا مصر  بتوقيعها علي اللاعب الخائن المنحط  حماده طلعت اللي رفع علم السعوديه في طابور الاوليمبياد الرسمي ؟,none
كده يا ايناس! خلاص انا هنتحر عشان مبقاش حد يقف جمبي ويواسي احزاني :(,sadness
الجيش اعلن انهم من ابناء القوات المسلحه، لكن حماده طلعت، الضابط بالقوات المسلحه، اللي راح الاوليمبياد رفع علم السعوديه (2),none
من المسؤول عن فشل الاوليمبياد ومن ورط المسرحي في المنشطات ليتم ايقافه ، من المحبط ان الاعلام مو مهتم بفشلنا في حدث عالمي !!,none
هاتيهم اخرج بيهم انا,joy
: مفيش حاجه بتقهرني وتوجع قلبي اد صورتي وانا عروسه كنت فرحانه قوي ومبسوطه معرفش علي ايه 😞😞😞😞😞😞  خيبه,sadness
يا رب برحمتك الواسعه انا نسالك الشِفاءُ لكل روحٍ قيّدهَا و نسالك المغفِره لِكُل نفسٍ احتوَاها التُراب  يارب,sympathy
انا لوحدي بالغرفه يمه والله خايفه 😭💔💔💔,fear
: ((اللهم صل علي سيدنا محمد صلاه تنور بها وجوهنا وتشرح بها صدورنا وتطهر بها قلوبنا وتزكِّي بها نفوسنا)),love
Helmy T انا مضايق قوي ..  بصوت فداء,sadness
و اذا كُنتُم تريدونَ  الحُب ، اعشقوا مَن  يخافونَ الله 👑😍,love
يا ايتها النفس المطمئنه ارجعي الي ربك راضيه مرضيه فادخلي في عبادي و ادخلي جنتي. وفاه  الساحر…,sympathy
انا خايفه اقوم الصبح الاقي البيت اللي حيلتي اتعوم,fear
واد رفع علم السعوديه في الاحتفال ببعثه الاوليمبياد,none
M وانتي حد وجهلك كلام,surprise
خافوا الله فيهم يامن تخلونهم تحت ايدي من لايخاف الله. حسبنا الله ونعم الوكيل 💔  الاطفال,sympathy
ساره احمد برونزيه الاوليمبياد في رفع الاثقال سيدات لاول مره في التاريخ,joy
:   ربنا يكرمك يا دينا يارب ???????????? بحبك جدن والله ????????❤,love
: فُتن عقلِـي بالهلال فّـ سلام علي عقلٍ جُن بـ هواك يـا هلال ????  تويتر الهلال,joy
وبالمناسبه برضو، فيه سباح امريكي رفض يسلم علي المنافس الروسي في نفس الاوليمبياد، ومحدش رفعله المشانق,none
في داخلي رغبه بالكلام مع احدهم دون ان اعرفه ولا يعرفني احكي له وبعد ذلك اسير وكل منا يذهب في طريق!,sadness
ان العين لتدمع وان القلب ليحزن وانا لفراقك لمحزونون ربنا يرحمك ي كابتن احمد 💔,sympathy
زويل   رحمك الله مش باقي غير مجدي يعقوب ومش هنلاقي حد ف البلد دي,sympathy
كلمه حق تغطيه بي ان سبورت لمنافسات الاوليمبياد اكثر من ممتازه قمه في الاحترافيه لهم الف شكر,joy
شغل مفيش شغل ،، سفر مفيش سفر ،، حتي النوم مفيش نوم  .,sadness
::   علي راي عبد المنعم محمود ....ياتري فيه كام واحد زي محمد حبيب لسه في الاخوان و لم يكتشف ؟؟؟؟,surprise
العشري جون  الزمالك الاول جول واحمد الله لانها لم يحتسب كاد انا يغير الناتيجه  احا نعملكوا ايه تاني يا ولاد المره  عوزين حكم من الصين حكم مع,anger
لعيبه مصر في الاوليمبياد السنه دي معظمهم مركز خامس عشان الحسد ، السنه الجايه هنجيب ميداليات باه ان شاءالله 😅,none
معلش هوا سؤال خطر علي بالي دلوقت:: لو اقيمت الاوليمبياد في يوم من الايام في اسرائيل الدوله المصريه و لاعبيها هيعملوا ايه؟؟؟؟؟؟؟؟؟؟,none
انا كنت محبطه بجد وعماله ادعي نحصل علي فضيه يقولولي خلاص الاوليمبياد بتفنش وكان عندي امل 🇪🇬🇪🇬,none
يستاهل كل خير اميرنا الغالي  دعم محمد بن نايف مليون متابع,joy
مشيشتش بقالي اسبوع، انه انجاز :D,joy
: منتهي الاناقه: حين يكون فكرك اكثر تهذيباً من شكلك، ومشاعرك ازكي طيباً من عطرك، وخلقك اكثر جاذبيـــه من خلقتك,joy
Ali   Yasser10 اهم حاجه البورتلاندي اصل لمؤغذه العمود من دول لازم يبقي متيين :D,joy
دا الدين في عرف الحر هم و مذله و مر,sadness
هياها ليا احالها عامله حفله وغمزها كاهم ولاد صغار وما احتفلت ولا اد من طلاب ستار اكادمي,joy
هو في ايه في الاوليمبياد دلوقتي اتفرج عليه ؟؟,none
انا لو كنت هزيت طولي و رحت وقفت حارس لمنتخب اليد في الاوليمبياد مكنتش هبقي اسوا من كريم هنداوي 😣😣,anger
مات من لا يستحق لاجل ان يعيش من لا يستحق  الحياه الله يرحم  الشهداء,sadness
فاطمه الشرنوبي احتلت المركز الاخير في سباق 800 متر في الاوليمبياد 󾌴󾌴 ووصلت متاخره بعد اكثر من 5د من وصول باقي المتسابقين 󾌴󾌸,none
انا عايز انيك اي واحده جميله,joy
لقاء مرتقب بين الرئيس  السيسي وابطال الاوليمبياد بـ «الاتحاديه» EMY,none
سالت  الموت انتا فين قالي متخافش اבـنا هنروح من بعض فين :$ :( •  Ahmed 😍,sadness
اتبكي وتحزن وبيدك كتاب السعاه الابديه اتبكي فقرا ام قهرا ام جوعا وتشريدا وقتلا اعلم بانهم زادوا شرا وعند ربك كل خيرا,sadness
شماعتنا الوحيده التي علقنا عليها كل شيء، مسكين هذا الحزن ليس لدينا غيره لنطلخ به تهمه الغياب والجراح والاكاذيب!** .  بوح  مقتبس,sadness
: قلوبنا معكم يا جماهير الاتحاد عظم الله اجركم و رحم الله رئيس نادي الاتحاد احمدمسعود و اسكنه فسيح جناته,sympathy
76 لي سنه وشي ومحتاره خايفه اغيرها وتجي العن ☹️️,fear
البعثه المصريه في الاوليمبياد هديه  مصر لاي حد عايز يكسب 😄😂  Rio2016  Olympics2016,joy
الاوليمبياد  سرده انو بالنسبه لرفع الاثقال  هيدي رياضه او عقوبه؟,surprise
مش عارف اجيبهالكو بحب ثنائيه غالي و السوليه اكتر من عاشور و السوليه,surprise
خايفه ،، متضايقه ،، متوتره 😔,fear
مازلت ابحث عن الطريقه المختصره لانهاء تزايد هذا الحب الهائل لان مش معقول !,surprise
: فراس: مشكلتنا ليست مع الدين بل مع فكر ديني مشوه انتج هذه الحركات الاسلاميه فيما بعد  انكتاب,anger
فيديو : مذيع مصري لـ السيسي: افرم يا ريس !,love
مش عايزه انا غيره معايا. ❤,joy
لو انت فاكر يا يونس سيلفيا زي القصه بتاعه زمان   سيلفيا تعود   :D   Youness   3alahwa,joy
ايتوبو ده لو كنا جبناه و لعب الاوليمبياد ويجيبله 8ل 10 اجوال  كانت هتبقي احلي مصلحه,none
Alain: علي هواك كلمه قلتها اوجعت فيها قلبي  وانت لو تدري شوفتك  تفز فيها القلب..????,sadness
ازاي بس هيمشو عالحيط صباح الخير,surprise
الله يحفظهم يارب ..💚💛  الاطفال,sympathy
الصحبه في الطريق :)   Alex  Rest  OnTheGo  Sky  View  Winter  Traveling  Sunset  17.04  Egypt…,joy
اجراءات العبادي تجاه من ذكرهم خالد العبيدي روتينيه جدا و تعمل علي التسويه بين الفاسدين بدلا من محاكمتهم.,anger
يوما ما هتابع الاوليمبياد من مكانه,none
انا متعاطف مع الاشياء التي تُشتم بلا جريره الا التعبير ببلاغه عن فظاعه الوضع,sympathy
فخور باي بطل وصل الاوليمبياد واللي حققوا، بيكافحوا لوحدهم بيروقراطيه وغياب الدعم وتسليط الضوء، مبروك للي وصلوا مصر للمجد مش مصر اللي وصلتهم,joy
كسم الغباء يعني بدل ما يشتموا في الهاشتاج بتاعهم بيكتبوا برضوا الهاشتاج اللي باسم عامله و يزودوا التويتات اللي فيه…,surprise
السيدات في الاوليمبياد حاجه مشرفه. ويجي واحد مالوش اي تلتين لزمه في جريده وسخه يشبهم بالراقصات,anger
قلوبنا معكم بالتوفيق لكم,sympathy
اللعيبه خايفه تشوط علي الجون,fear
قرصتني ام 44 وتوجعني مكان القرصه خايفه تكون تاذي ولا فيها شي 💔,fear
في صوره مؤثره تحمل في تفاصيلها معاناه مرض السرطان اب يلتقط صوره لاخر رمش لعين ابنته المصابه بالسرطان بعد خضوعها للع…,sympathy
يولد حولك الضباب فيعيق لك الرؤيه ولكن مصيره ان يزول حينما تشرق شمس روحك من جديد بالامل,sadness
Balgasem: اذا عجزنا عن نصر المستضعفين بالدعاء مع يسره فنحن عما سواه اعجز,sympathy
في فقره كده خايفه اقولكم عليها،، متوجسه خيفه 😂 تقليص عدد موظفي الحكومه .. بس دي مش عارفه هيقدروا عليها ولا لاء، وازاي كمان!,fear
تنام ساعه تحلم بكل الميتين صحيو والغايبين رجعو,sadness
هو انك تحب وانت معندكش سبب واحد يخليك تحب اللي قدامك 😍❤👌  Dodo,love
رنا سماحه فخامه الاسم تكفي   رنا سماحه مع عمرو الليثي,joy
رسالتي لخنازير الخليج والله انكم لن تنالو ماتريدون بل نحن سننال مانريد ولتعلمو وليعلم العالم اننا لن نستسلم ننتصر اونموت علم,anger
محمد الوحيد اللي معندوش امتحان ونايم بدري.,joy
شوفت فتي احلامي في لاتينو داون تاون.,joy
من يمـر طاريـك اعثــر بالدمــوع مدري اصرخ لو ادگ صدري احير ارزقني رحله عشگ مابيها رجوع لو اموتـن لــو ارد م…,sadness
وانصف العرب الاحرار نهضتهم شيدوا لك في ساحاتها النصبا لو الف المجد سفراً عن مفاخره لراح يكتب في عنوانه حلبا  فك حصار حلب  ملحمه حلب الكبري,joy
ما شاء الله انت وولي امرك مطبقين الدين مزبوط استحي علي لحيتك يا رويبضه مش شايف ولي امرك متحالف مع كل ملل الكفر لحرب المسلمين,anger
حلب كان الله في عونهم، اضافه الي القصف ليل نهار ، تقصفهم هذه الايام موجه برد قارصه تقارب الصفر وتشتد في الايام الق…,sympathy
فيه العاب في الاوليمبياد بابقي محتاجالها مترجم وانا باتفرج عليها.. بس باصبَّر نفسي واحاول اخمن قوانين اللعبه!,none
salyy: ابتعدي حين تشعري انكِ عبء حين يكون الطرف الاخر متصالح مع غيابك حينها ،، توقفي قبل ان تتوقف الدماء بقلبك ،،,sadness
هي الاوليمبياد اصلا بالنسبالنا عباره عن حاجه بتفكرنا بيك يا ماجيكو,none
الحب الحقيقي .. هو اقتسام بعض نفسك . .مع شخص اخر .. اقرب اليك من نفسك !   ـ احلام مستغانمي,love
ليه باقي لك وسط صدري وليه كل ما اكرهك ما اكرهك   ٰ💔.,love
مش معقول د. باسم يتابعني؟,surprise
عيش علي مبدا   اللهم نفسي,sadness
صور: هذه رساله جندي سعودي لعروسه قبيل استشهاده بلحظات😢💔    الله يرحمه😢💔,sympathy
05b5: ⠀ ⠀ لـ غيابك : وربّ الليل ، انا معاد لي طاقه ولا لي حيل 💔ء ⠀ ⠀,sadness
الاوليمبياد لو اتعملت في مصر الافتتاح هيبقا شويه فراعنه ماشيين وسواقين مشغلين مهرجانات بيرقصوا عليها وامناء شرطه .,none
: عبد الله السعيد ربنا يحميك احمد عادل عاااش مروان محسن حاجه نضيفه بس محتاج وقت اكتر فتحي رجوله وليد سليمان مجهود جبار سعد مجتهد ع…,joy
نفسي اعرف لحد امتي هيفضل الحال دا تتفرج ع الاوليمبياد تحس مصر ميته من خمسين سنه,sadness
علي مدار الساعه   الله ينصركم ويثبت اقدامكم اجعلو التكبير سلاحكم فهي تزيد معنوياتكم وترعب عدوكم  الله اكبر الله اكبر,sympathy
احسن لعبه في الاوليمبياد الكره الطائره الشاطئيه حريم بلا منافس.,joy
مظاهرات في شوارع الاحياء المحاصره في  حلب ابتهاجاً بفك الحصار عنها ...,joy
رغم الادله بالصور وتوثيق ذلك بالفيديو الا انهم مازالوا يبرؤون عدوه الوطن ويكذبون ابناء الوطن !!,surprise
: تحت الركام ودماء اهلها تجري كالانهار وصرخات الثكالي اسمعت من باذنه صممُ فاين ابناء امه المليار ؟؟ اغضبوا لاجل اهل …,sympathy
حِين يقُول لي اُحبك ينزاح الظَلام ويعُم السلام ويُغني لي الزهُر ..!,joy
: ☂ ، قل للغياب قلوبنا ماهي بخير لكن كرامتنا وش العذر منها ؟!  بوح  حزن  حب  خيانه  تعب,sadness
يا ربِّ لُطفك بالّذين نحبهم حقِّق امانيهم، وفرج كربهم واقر اعينهم بفيض سعادهٍ وبغيث عفوك فاروِ  ربِّ  قلوبهم 💛,sympathy
الله يجزاهم خير الجزاء و يوفقهم ،ليت بعض الشباب يتعلم كيف الرئفه بالحيوان وليس تعذيبه و قتله! فا هذا جهاز…,sympathy
الشركه خايفه من مبيعات الجزء الجديد لدرجه انهم دخلو الريماستر معاها,fear
i5: . يارب اشتد الكرب وعظم الخطب تكالب عليها اعداء الاسلام؛ فاللهم فرج كربهم، وانتقم من عدوك وعدوهم، واشف صدور قوم مؤمني…,sympathy
ان تصمتا انتما الاثنان فيحلو الصمت، ويتكلم احدكما فيحلو الاصغاء.  مصطفي محمود  مساء الخير 🌹…,love
اللهم انصر اهل علي اعدائهم الفرس والروس وجميع الصهاينه والصليبيين ياواحد يا احد يافرد ياصمد يامن لم يلد ولم يولد ولم يكن له كفوا احد,sympathy
:  كلنا ضد مريم بيفور64  الهكر محال كلنا معك,anger
الان اسرائيل تغتصب ارضنا وعرضنا ! اما ايران ( تدعي) صداقه العرب وما يبدر منها ليس ضارا بالعرب مثل دعم حماس مثلا,anger
اللهم اخواننا في الموصل قد تكالبت عليهم الامم اللهم فرج عنهم واكبت اعداءهم وردهم خائبين,sympathy
تولع يارامز انت ورمضان اللي جننتوا العيال,anger
والله اننا نتعاطف معكم ومع حزنكم الشديد ولاكن هذه حال الدنيا لابد لشمس الحقيقه والحق من الظهور كان الله بعونكم,sympathy
الحين نادينا مافيه صاله حديد ولياقه !! !!,surprise
كان نفسي اشوف الاوليمبياد من اولها 😅😢,none
احس خايفه علئ اسبوع الاجازه ويروح هباء منثوره لانه اخر امالي هو,fear
حين تكتشف انك مجرد تسليه بيدهم . وهم كانوو اهم الاشياء بحياتك,sadness
بنت وامها اللذ لذه في الكرسمس,joy
هل سيعاقب الاتحاد البرتغالي نادي بورتو علي هذه اللافته !!؟,surprise
قاعده اكبر شكلياً بشكل مرعب وسريع,fear
نادال بيلعب من اول الاوليمبياد تقريبا كل يوم زوجي و فردي,none
: نباح مرتزقه ايران ومحاوله استفزاز رجال الامن في  البحرين    الاكشن امام الكاميرات لقناه العفن وجريدتهم الصفراء,anger
هذا مستوي السعوووديه !!!! مش معقووول والله 👎,surprise
المصريين اللي في الاوليمبياد عمالين يخرجوا واحد ورا التاني طبعا شئ طبيعي مع منظومه الرياضه في مصر,sadness
طالما الاوليمبياد فيه جولف يبقي واجب يكون فيه بولينج بردو!,none
مصر اخدت ميداليه ف الاوليمبياد 😂😂  طلع اشاعه جديده,none
والله يا جماعه محدش يلوم اللاعيبه بتاعتنا في الاوليمبياد . لو اتوفر لحد فيهم ربع اللي بيتوفر للاعبين في مدغشقر حتي هيفرتكوا الدنيا 🙃,none
حلب متابعه التحرير وكنس خنازير  حسن نصر الشيطان و  بشار الجحش  مطايا  ايران التي استعملهم ثم ترميهم في سله الزباله????,anger
كنتي ملكه يا شيرووووووو  عايزين مينا علي تويتر  ♥♥♥♥☺☺☺☺☺,joy
558: . ربي امسح علي قلب امي براحـه تسّر نفسها و تهديء قلبها فَـ انت ارحم الراحمين ..,love
: داعش رفضت تتبني ارهاب الايراني علشان ما تنفضح و تبنت ارهاب السوري و تقول هذا من جنودنا,anger
الواحد شاف كم هائل من الفخاد في هذا الاوليمبياد.,joy
مُش معقول اني اعيش فتره شبابي مع ناس تقرف زيّ كذا؟؟,surprise
الامير منصور بن ناصر بن فهد ال سعود انت تشتكي من خلل بالسياره ورفست النعمه وحطيت برسيم ، وغيرك يظل دهر عشان يجمع قيمه سيارتك ويوكل عياله,anger
عن الحب يقول الشاعر  مشاعر حبي تقول العظيم لا يولد في اوقات الفراغ .. بل في اوقات الاصطدام ، في اوقات الزحام ، في اوقات الموت .! 💔💔💔,love
:  عاجل  تردد قنوات الجزيره مباشر مصر التركيه دا التردد ياشباب 10921 علي معدل ترميز 27500 مدار 3 نايل سات مبروك يااحرار شير,joy
ف بنت من كوريا الشماليه اتصورت سيلفي مع بنت من كوريا الجنوبيه في الاوليمبياد فاتحكم عليها بالاعدام نظراً للخلاف الشديد بين الدولتين يعني :D,none
طبق الرمان بيعمل صوت طقطقه كده ..انا خايفه اكله والله,fear
ماليش نفس اتفرج بجد.. عمالين نخرج واحد ورا التاني من الاوليمبياد.. ولسه عايشين ف الوهم ده.. الرياضه مش اهلي وزمالك  يلا قمه  في القمه,sadness
الدجاج VS تشبسي .الخميس القادم بالتوفيق للحكام D,joy
elbakry:   ????????????????كل سنه. وانت طيب يا نجاتي. عارف. انو دخول مفاجي هيص ياعم عقبال التخرج كده ونفرح بيك ????????,joy
:       من كثر ماعندي فوبيا من هالاشياء احس اني راح اموت منها .. الله يكفينا الشر بس 😑,fear
دي مقبره عربيّات ف دبي حد يعمل ف النعمه كدا 😬,surprise
عبد الرحمن الجلادي وعبد الرحمن الصباغ اخدوا حكم 15 سنه عسكري !! مفيش كلام يتقال والله ..ربنا يصبرهم ويصبر اهلهم !,sympathy
: لم يُخلق  الحُب بداخلي الا لها 👌💕,love
مخيــــف : هــوَ الوقت الذي تستغرقه في محاوله استيعاب فكره رَحِيل احدُهم الي الابد rkx,fear
كل ما افتكر ان الاوليمبياد من غيرك عشان ناس متخلفه في البلد ببقي حزين يا ابني والله,sadness
: يا الهي،يدُك. انا مرعوبهٌ من داخلي علي داخلي.,fear
:  بوتين ينتقم من اطفال حلب غريب اين انتم من الطائرات الاسرائيليه التي تقصف المدنيين,anger
خايف انا خاايف 🎶,fear
المفروض يبقي اسمها بطوله الكادحين، مش الاوليمبياد 💪👏,none
فيه ملاكم مصري هيلعب دلوقت في الاوليمبياد علي دبي سبورت4,none
لما بتشوف الظروف ال الناس فيها دي بتعرف اد ايه مشاكلك دي تافهه و ولا حاجه اقسم بالله ✋ ربنا يصبرهم ❤,sympathy
اكره مينا دي حريتك الشخصيه بس متحجرش علي راي غيرك ويكفينا ان كنوز بتحبه,anger
وماذا قدم السيسي لمصر ؟   فقر وبطاله و اقتصاد متدهور وعمله منهاره  ما ذنب شعب مصر يموت جوع ؟,anger
بطالب بضم رياضه العلوقيه في الاوليمبياد,none
: وعلاقته بالفيزياء. الاعتراف بالحب لمن تحب ....طاقه كامنه تحتفظ بقوتها مكان ما وضعت. تباً لمن اسماه.....ضعفاً,love
حفل افتتاح الاوليمبياد .. ايه الجمال والروعه دي اقسم بالله 😍😍  Rio2016,joy
تعهد حكومي يرفع الايقاف ونتمني من الجميع المشاركه بالهاشتاق لتصل الرساله للمسؤولين .. الكويت تستاهل ???????????????????????????????????????????????????????????????????????????????????????? طيح الله حظكم ..,love
يارب ارحم ضعفهم وتولي بعنايتك امرهم وتقبل شهدائهم . 💔💔💔,sympathy
: نصرالله: سنكون في حلب من اجل فلسطين ولبنان وسوريا هع هع هع اه والله العالم يدور حوالين نفس الغازيه واحنا قاعدين,anger
عذرا يا من  مات  تشرد  ظلم  بكي  جرح  تالم انت لست ابن فرنسا و او المانيا او هولاندا او غييرها من دول اوروبا كي يدافع عنك حماه الطفوله,sadness
الي هو خايفه بجد اخسر اغلي ناس عندي بسبب دماغي وبسبب الوسواس الي دايما في دماغي,fear
كان بيرقص بعد الماتش والطبل البلدي وبعدها اتاثر وكان هيعيط ع محمود عبد العزيز ؟!!!!!!!!!!,surprise
خايفههههه😭😭😭,fear
الاوليمبياد بتيجي علي bein بس ولا علي التليڤيزيون المصري عادي يا جماعه؟؟,none
رقيه فزّت امن النوم مرعوبه وتدير العين مذهوله فكره ظلت تتلفت يسار يمين 💔  جابر الكاظمي |  باسم الكربلائي…,fear
يا دفع البلا بطني يابنات دخل انا خايفه الله يستر علي مساعد  زد رصيدك19  عوده مساعد حماد للقريه,fear
صباحووو ^ ^,joy
يارب ادم علينا راحه قلوبنا ✨,joy
:  حنا لها ريناد المطيري يارب شفاءً لمريض بكي من المه واستصعب دوائه ولازال يناديك طالبا الشفاء,sadness
يعني لما انا داخله الميدتيرم بشابترين و مش عارفه اذاكرهم .. هاعوض في الفاينال ازاي بس !!,surprise
: اللهم اصلح شان اخواننا المسلمين اهل  السنه في و  بورما و  اليمن وفي كل مكان ،ربنا واحقن دماءهم واجمع كلمتهم واصلح ذات ب…,sympathy
يا شباب كدا فريقنا كل يوم بينقص !,surprise
دعيني والغروبَ فانَّ عندي له سِرًّا من الحُلم السعيدِ 😍😍  الغروب  غروب الشمس من  الهمك…,love
شي بيوجع انك تشتاق لحدا بعيد عنك لحدا مو الك لحدا مانك ع بالو و لا مفكر فيك 💔,sadness
خلصت الحلقه و تقهويت وباقي ما جات الساعه 11 ، يا نهار ..,surprise
بالذهبيه ال 23 لفيلبس اللي كانت من شويه ... الامريكان وصلوا للذهبيه 1000 ايوا الف في تاريخ الاوليمبياد !!!,surprise
خاميس مع كولومبيا مختلف جداً علي ماهو عليه مع الريال .. شيء,surprise
الواد الكازاخستاني سجد سجده ابو تريكه و قام رقص رقص مهرجانات بمنتهي الرشاقه 💪👏  weightlifting  في الاوليمبياد,none
سبحان الله الناس ماسحبو وحسو ببطئ الاحداث في ون بيس الا لما ظهر ارك بلاك بسوبر ناروتو سنوات ولاصارت معه هذي الصدفه…,surprise
عليك السلام في قبرك يافقيد قلبي عليك الرحمه التي تنام معك طويلاً عليك الامان ليوُم يبعثون.,sympathy
يارب مالنا سواك يا جبار ياقهار يا عظيم يا منتصر للمظلومين يا قاصم الطغاه يا مذل الجبابره انصرنا وفرج عنهم يااااااااارب,sympathy
الحقيقه كنت عاوزه اكتب يا بختكم ببرود قلبكم بس حسيتها هتقلب علي اغنيه حزايني لطارق الشيخ.,joy
: ؟ سوني بتشتري نيكون ؟ .  تصوير  اشاعات تصوير,surprise
هو افتتاح الاوليمبياد امتي والساعه كام بتوقيت مصر؟,none
اللي يشوف الاوليمبياد وروعه انجازات الرياضيين الاجانب ، يتمني ما يشوف اللاعبين العرب علشان ما تخترب المتعه 👎,sadness
داعش مش في الاوليمبياد، ولا في سياق ان حد يرفع علمها في محفل دولي، بس الفكره وصلت,none
: يمهد السيسي وعسكره لثوره الغضب لن تكون عاقله وسلميه مثل ثوره يناير ، الجائع الغاضب لا عقل له ، ستكون ثوره دمويه عنيفه تاكل ال…,anger
كم يا وجع داخل  اليمن وكم يا قلوب قتلها لفراق من تحب اللهم ارحم  شهداء اليمن والحقنا بهم  جنات عدن التي وعد…,sadness
: جعل الله صباح  يوم  الجمعه لكم نوراوظهره سرور وعصره استبشار ومغربه غفران   صباح الخير  جمعه مباركه,joy
1:  دعم حساب خطر ايران كلنا معك وكلنا داعمين لك باذن الله  بارك الله فيك وفي مجهودك الواضح .,love
لويزيانا الامريكيه غرقانه من الفيضانات ...فين الحلوين بتو اسكندريه بتغرق ؟ جاتكم القرف .,anger
: تعلمت منك الحب والاكتفاء  روز,love
فرنسا: ذعر بميناء مارسيليا بعد انفجار ذخيره من الحرب العالميه الثانيه,fear
انا متفائله ومتحمله انا خايفه من اللي مش قادين يتحملوا,fear
عيال ابرز بطولاتها في حياتها انها عندها تويته عليها كام ريتويت بيتكلموا عن زويل عمل ايه ????وبيقولك ازاي تترحم عليه هزات اوي والله ????,anger
ههههههههههههههههههههههههههه اقسم بالله !!,joy
الاستاذ صلاح حموده في زمه الله وهو خال الاستاذه ساره صديقه الصفحه فبرجاء الدعاء له بالرحمه والمغفره...,sympathy
يوسين بولت، ثالث اعظم رياضي شارك في تاريخ الاوليمبياد ، الاول ميسي ( اولمبياد 2004) الثاني مايكل جوردان ( اولمبياد 1992),none
المصيبه قطّع قلبي، وادمع عيني، واعجزني عن تعليق لا يقدم ولا يؤخر.  ولله الامر من قبل ومن بعد,sympathy
: سوف تاخذون لزياره الحبيب سوف نبقي بانتظاركم ارواحنا تحسب دقات قلوبكم وتعد خطواتكم فياليتنا كنا التراب الذي علي اكت…,sympathy
المفروض الجيش يتدخل ويروح الاوليمبياد,none
اسوا ما في الاوليمبياد النقل التليفزيوني :/ مفيش حاجه كامله ،،اووووف بجد,sadness
معنديش مشكله مع الامال العريضه اللي بنحطها علي اللاعيبه المشاركين في الاوليمبياد، بس الهحوم الحاد عليهم لو منجحوش بجاحه مش مفهومه بصراحه,sadness
ههههههههههههه اهم شئ لوح,joy
فين ايام الاوليمبياد قبل التاريخ .. هي دي اوليمبياد ياجدعان  رافت الاباصيري,none
:  اكتب تغريده لجنودنا البواسل والسنتنا تلهج لكم بالدعاء فالله يحفظكم ويرعاكم ويحرسكم بعينه التي لاتنام,sympathy
doaa: فوبيا الخوف من المجهول,fear
ميرو مرعوبه المعلمين 😍😎😌,fear
انا خايف عليك تاخد نفس من دول تغطس متطلعش تاني,fear
انا شايله هم اهلهم وشعورهم لمايشوفون بناتهم ياربي تلطف فيهم وترفع عنهم ولاتبلانا  مراهقات في احضان المروجين,sympathy
اكثر المشاعر تعباً..!؟ هـي.. انك لست حزين ،، ولكن !! الاشياء المركونه في صدرك تحتاج الي عناق لتبكي...💘,sadness
خايفه من شي ثاني 🙄,fear
ده غير ان خالي امبارح كان في دخول بعثه مصر في الاوليمبياد و مشوفتش الدخله عشان كنت في فرح 😂 .. انا قليل الادب اوي و الله 😂😂,none
هو بلال عندما قال في سكرات موته غداً القي الاحبه محمد وصحبه,love
انا حقيقي بحب الاوليمبياد ومتابعها كلها كل مره،، ومن احلامي اني اشارك فيها 🏃🏃,none
r2:  ولي العهد يمنع الاختلاط   خير خلف لخير سلف          اطال الله عمره      الله لوترجع الهيئه بكل صلاحيتها  وهو من كل خير قرييب,joy
والله ماعارف ايه التخلف ده ، شويه وينزلو هاشتاج ، هل تتزوج فتاه اول ماتصحي من النوم بتفتح عينها ؟؟!!!,surprise
احمد مصطفي الاحمر هو اللي هيرفع علم جمهوريه مصر العربيه في الاوليمبياد ده قرار نهائي للبعثه تم اعلانه من قبل اصابه علاء وتم تاكيده  Rio2016,none
وش فيـكِ؟ .   فيني خُوف غيري ياخذه مني وانا احبه .,fear
مشدلتلك,joy
متعاطفه معكم ، لكن الي بجامعتكم لا تعممونها بجامعات المملكه كلها ، مو الكل مثلكم ، والله يعينكم ويصبركم ويوصل صوتكم💗💗  قوانين جامعه حايل,sympathy
alnssr:  راتب شهر للمرابطين في الحد  اطال الله في عمر القائد الاعلي لكافه القوات العسكريه وجزاء الله  سماحه المفتي خيرا  وسود الل…,joy
الواحد قرب يحفظ النشيد الوطني الامريكي من كتر ما بيسمعه في الاوليمبياد !,surprise
اسال الله العظيم ان يدمر بشار القرد وروسيا وامريكا وايران وان يزلزل الارض من تحتهم ويحرق قلوبهم ويشتت شملهم,anger
💗مهما بلغ مقدار البعد عن من نحب 💗 فقلوبنا لن تتوقف عن خفقانها بجنون لتلتقي بهم💗  11/11 يوم سحري,love
اوجعني جداً اخر شخص تكلم عن اولاده 💔 الله ينصرهم,sympathy
والله الاوليمبياد دي من الحاجات العظيمه جداً اللي في الدنيا,joy
بسم الله والحمد لله مش لازم ابدا نكون في دائره الضواء علشان عايزين ننهض بمصر لا احنا ممكن نبني مصر وننهض بها من اي موقع,love
: * وكلما تعمقتُ بتفاصيلكِ اكثر .. يزداد جُنوني بك.. ..™,love
Sharaf الي بيحرق ويعري الستات الاقباط علشان كنيسه الدوله بتصالحهم باجبار القبطي علي الصلح ولكن البحيري قال رائيه يتحبس مافيش مراجعهته,anger
مصر رقم عالمي في الاوليمبياد و تنهزم من روسيا فقط في 17 دقيقه في الكره الطائره... مش هزار رقم اوليمبي فعلا 󾌴,surprise
البرازيل نظمت كاس العالم من سنتين و دلوقتي الاوليمبياد و احنا مش عارفين نلعب الدوري بمجهور,none
ياجدعان الاوليمبياد دي لو انا في البرازيل انا كنت هاحضر كل الالعاب .. مش ممكن كم المتعه !! ..  مصر برونزيه  الاردن ذهبيه,joy
اليمن ولدالشيخ انت نخاس سنه6اشهر ماذا عملت لليمن العدوان والحصار والدماء مستمره؟كان الاولي ان يمسك ملفات اليمن انسان عنده ضمير وعنده اخلاق,anger
Azim مش بعرف اعمل ريبورت .... بلوك بس,anger
مساء الورد مساء الحب مساء العشق  جده  مساء الحب,love
يا تري من بعد اوليمبياد اثينا 2004، حايجي اليوم تاني الي نسمع فيه النشيد الوطني المصري في الاوليمبياد ؟؟,surprise
605: حبيبتي فيها الحلا عرضٍ وطول من زينها الفاتن وسمح المحيّا  شعر  عمر بن صبيح البدراني,love
: انا معكم ....صراحه ...محد حاس  اضراب الاطباء العمانيين5,sympathy
مَا كَانَ قَلْبِي فِي مَـدِيحِكَ يَشْتَفِي  اَوْ يَكْتَـفِي بِفَصَاحَهِ البُلَغَـاءِ,joy
يا حبيبتي البعد ناار قلبي داب من الانتظار ♡,joy
عبد الخالق البنا يحقق اول انتصار لبعثه مصر في الاوليمبياد ويصعد الي الدور ربع النهائي في مسابقه تجديف فردي رجال,none
كليه كلبه جدا !!,anger
اشوف ميتين ام الاوليمبياد منين يا جماعه,anger
اول مصري اشوفه من ساعه ما الاوليمبياد بدا,none
كلما زرعت الحب وسقيته بماء روحي نبت لي شوكاً ادمي فؤادي وجعاً,sadness
دينا مشرف تودع الاوليمبياد بالخساره 4 1 امام منافستها التايلانديه بعد نهايه الشوط الخامس بنتيجه 11 9.,none
طريق حفرالباطن الدمام امر مؤسف جداً ان لاتتم معالجه هذا الطريق الذي اخذ الكثير من الارواح  اين وزير النقل عنه؟؟ علماً انه طريق دولي !!!!,anger
اعجبني فيديو   من     عدنان ابراهيم : احتقر دموعك لانها,anger
Abdefatah ???? منها لله اللي وقعت قلبي عالصبح دي ! بص خلاص كل فاينال هيبقي فيه فري ستايل قبل الامتحان !  رشا  عمراوي ????,anger
Rio2016 الاوليمبياد ده اكتر حاجه بتاكد لي ان احنا عالم تالت فعلا..ولا تالت كمان..لو تالت كنا خدنا برونز..احنا عالم عاشر,sadness
3otaibi: اللهم عجل بكشف الكرب عن اخواننا المؤمنين المستضعفين في و  العراق و  بورما و وفي كل مكان يا رب العالمين,sympathy
TwiPress تسلم :),joy
الاطفال احفظوهم فهم في رقابكم . في ملابسهم الستر وتربيتهم ولا تحرمونهم اي شي بخاطرهم ..,sympathy
انتوا متخيلين ان حد ف مصر يوصل الاوليمبياد وياخد ميداليه ده كان مشواره ايه! لو ليكوا اصحاب بيلعبوا العاب فرديه خلوهم يحكولكوا ع اللي بيشوفوه,none
وش جوك الناس خايفه ومرتبكه علشان الاختبار وانت تبي تحدد تقول شات تعب قلبي🙂؟,fear
: يا بختك يا احمد، معاك بنت اهاتها فياچرا,joy
alriyadh يعني بياخذها بالقوه ؟,surprise
بس انتا بردو ابن كلب,anger
: بالفيديو.. جوده عبد الخالق يعلق علي قضيه فساد القمح: الدوله العميقه شغاله.. وعدم ذكر اسماء الـ 13 متهماً شيء مريب... ht…,anger
حماده طلعت طلعت اللي رفع علم السعوديه في طابور عرض الاوليمبياد صف ظابط في القوات المسلحه....,none
😕😕متاكد هذا من اللي جالس يقول وش صايبه...عقله معه اول مره اسمع رجال يتكلم كذا وش السالفه؟ ؟ ؟ ؟ ؟  نشامي …,surprise
العاب قوي بقي حيث الاوليمبياد الحقيقيه👏🏼👏🏼👏🏼👏🏼,joy
albishri: لاتستغربوا الكذب الاصلع والصفاقه من زبانيه حسن البنا و سيد قطب,anger
منتخب البرتغال يهزم الهوندوراس بهدفين في الاوليمبياد  ريو16  Rio2016,none
في معارك  صارت في حلب اليوم  بروح اشوف المقاطع حقتها  فلللله(:,sadness
عندما لايريدك شخص الا ان تكون مجرد الم في الماضي  خيبه,sadness
ايه يابن المره المتناكه مبسوط انت دلوقتي وامك اللبوه الشرموطه بتتشتم ده انت كس يلااا تعمنيقق,anger
الاوليمبياد ده حدث بيتكرر كل كام سنه ماينفعش اثناء طابور العرض اللي بيعرف الجمهور و العالم علي بلدنا وعلمها اني ارفع علم دوله تانيه,none
الي يوم في كاتمندو مع هيك حاسه انه الي سنه عايشه هون!!!,surprise
الملاكم المصري هيلعب دور8 لو قدر يكسب النهارده تبقي تالت ميداليه اوليمبيه لمصر.. منافسات الملاكمه ف الاوليمبياد التالت والرابع بياخدوا برونز,none
2014: يا ابطال  القطيف لا تهنوا ولا تحزنوا وانتم الاعلون نحن معكم وسنبقي ندافع عن مظلوميتكم حتي يمن الله علينا باحدي الحسنيين…,sympathy
لو كل شخص جرّب يعيش حياته بدون ليوم واحد فقط ..! لما بخس حقوقهم     🙄 حال عدوك    كان الله في عونهم    تسريح العسكريين البدون  البدون,sympathy
جنون العظمه لدي القذافي انتقل بحكم الجيره للسيسي ........... وجهان لعمله واحده,anger
: صدفه  حزن ابكتني لحد الالم😭💔,sadness
حفتر. الحجازي. صقر الجروشي. الغرياني. السويحلي. بادي.   لقد كان عاما اسودا يوم ما شفنا خليقكم   مارك عفاريت هيلد,anger
لما بيبقي عندي مشاكل مهما كانت ببقي عارفه اني هبقي كويسه لو فضلت ف البيت وسط اهلي  بس لما الاقي فيه مشاكل ف البيت اكتر وقت ببقي خايفه.,fear
طالما هو تحت رعايه الدوله وسافر وانضم الاوليمبياد علي نفقه الدوله كان يجب وضع القواعد جميعها بوضوح,none
انا عايز اقول حاجه في موضوع لبس المصريات دا في الاوليمبياد ان في ناس شايفه ان لبسهم دا تبرج وازاي يلبسو لبس يصف كدا ويلعبوا قدام رجاله اجانب,none
:  لا يستقيمُ  الحُبّ الاّ علي ساقين .ساقُ  الاهتمام وساق الاحترام .اذا فُقِدَ احدهُما فهو  حُبٌ اعرج  والحبّ الاعرج لامكان له…,love
كلش ما اتخيل اجوف لبنانيه مو حلوه. هل انا عنصريه؟,surprise
افشخ معلق ف الاوليمبياد,none
وائل كفوري  عششششششق 🙈 اتمني ان اتخلص منه لادخل الجنه 😢💔  Admin👸,love
بهزر طبعا يا مها يعني😂,surprise
حرام اللي بيحصل دا والله منكم لله يا ظالمه هتروحوا من ربنا فين ربنا يتولاهم برحمته  انقذوا اطفال السرطان,sympathy
مش عارف كم السخريه من اللاعبين المصريين في الاوليمبياد الناس دي بتتعب من 4 سنين عشان تشارك تجيب ميداليه متجبش دي مش بتاعتها يعني,sadness
:  نطالب برحيل مرتضي منصور ياخي انت جبله مبتحسش معندكش دم دا تالت هاش ياخي نعملك ايه تاني نقولك مش عاوزينك ازاي ????,anger
اذ خانت المراه فهي تبحث عن الاهتمام .. و اذ خان الرجل فهو يبحث عن عاهره,sadness
جماعه ملخص يوم مصر في الاوليمبياد كان عامل ايه؟,none
تصحيح ، المصري اسلام الشهابي يلتقي ضد لاعب الكيان الصهيوني في اطار منافسات الاوليمبياد 2016 في لعبه الجودو.,none
. . ليتك تحس بحرقه قلبي عليك .. وانا خايف من هالدنيا تضرك💔😔,fear
الله ينصركم .. كلنا معكم قلبا و .. هذي حقوق وليست مطالب 👌🏻  اضراب الاطباء العمانيين,sympathy
ياصباح الفل..,joy
الكويت ((((( بدون )))))) عَلَم في الاوليمبياد  ريو2016,surprise
احنا فعلا لما بنركز مع حد في الاوليمبياد بيخسر 🙄,none
ياريت لو حد عنده جدول منافسات البعثه المصريه في الاوليمبياد يباصيه,none
ShameL الله يرحم والديك لا عاد تصور 😅 انا خايف ان  واس  تسرق صورك 🙃,fear
بولندا خسرت من سلوفينيا ، كده نكسب نعدي ، سنبدا بالحزق  Egypt  rio2016  في الاوليمبياد  handball,none
: اهم جزء في الحب هو الاهتمام، فاذ لم يجد الهتمام انعدم الحب. 💔💔💔  حبیب الله اخلاقی  اخلاقی  سنبل حياتك  لاجلك امي  …,love
البنات عاملين شغل حلو في الاوليمبياد الحقيقه ...,joy
الاوليمبياد شغاله والمصريين شغالين يجيبوا ذهبيات في بطولات خارجيه ده فكر خارج الصندوق :),none
اكتر حاجه مفرحاني في الاوليمبياد هي فرحه اللعيبه المصريين بفوزهم محفوظه لهم في التاريخ بالصور فرحه عن استحقاق بعد جهد طويل لها طعم فريد :)),joy
فيديو | حادث مرعب لسحق سياره صغيره بين شاحنتين .. مقتل 5 افراد من عائله,fear
عندك حق والله بتشتم البربر و1/3 مصر اصلا بربري وجبتلها امثال مع الدليل,anger
محمود بكر الله يرحمه كان هو افضل واحد هيعلق علي افتتاح الاوليمبياد :D 😂😂😂,none
ابدا يكون الهوم كله عندي باسم يوسف يشتم خالد صلاح و خالد صلاح بيرد عليه بجد ... ايه الهبل ده !؟,surprise
تقرير عمرو اديب عن الموصل تقرير مرعب مرعب ربنا يحفظ بلدنا,fear
اللي قاعدين يتذمروا علي اللي لبسها قصير او طويل في الاوليمبياد .. هما لو بيسمعوا كلامكم كان زمانهم اخرهم زيكم قاعدين زي قلتكم كده,none
لك الله يا  حلب يتعرض الان لاعنف قصف ب  الصواريخ الفراغيه و  الطائرات الروسيه وقوات حزب  ايران  الرحمه  سوريا  سوريا تباد,sympathy
للجيران الي مفيش عندهم دم و نازلين رزع و تخبيط علي الصبح صباحكو زفت ????????????  تقول لمين صباح الزفت,anger
ندي معوض ودعاء الغباشي برافو بجد لاول بنات مصريه تروح الاوليمبياد في الكره الطائره الشاطئيه وسنهم 18 و 19 سنه 👍🏻,joy
: من يصدّق انّ هذا الشاب المكّي سيتراس النادي الاهلي ويحقّق الاهلي معه ثلاث بطولات متتاليه الاهلي ومساعدالزويهري???? غير!,love
منوره الاوليمبياد يا بلدي❤❤✌  كلام معلمين الجمعه,joy
لو اصبح ما يمارسه الاعلاميين والبرلمانيين المصريين رياضه اوليمبيه لسمعنا النشيد الوطني يتردد في الاوليمبياد ولاحتكرت مصر الذهبيه.,none
HBI: 30 |  رمضان ????  اللهم اعِدهُ علي الامه الاسلاميه وهي ترفل في ثوب الصحه والعافيه والنصر علي الاعداء يا سميع الدعاء  . .????????,joy
دينيس مباراتين وديه افترس ام اللعب كيف بارسميه الله يحفظه بسس,joy
واكيد لا الاوليمبياد ولا غيره مبرر ،يعني لو اتحطت بين انها تغير لبسها او متلعبش اكيد مفيش تفكير ومفيش مجال لكلام زي ده طموحها وتعبها فتتنازل,none
علي ربيع  جاااااامد مالوش حل,joy
والجدير بالذكر ف الاوليمبياد ريو دي جانيرو .. ان الكفار حصدوا الذهبيات ف السباحه والرمايه وركوب الخيل واحنا لا =D,sadness
هل الا  اب و  ام !؟ لا اعرف معني الحب ولا اؤمن به الا لمن تعب لاجلي وسهرا لاجلي.. رباه شكرًا لك علي نعمه وجودهما.. فاطل  يارب عمرهما..,love
نيمار ياخد دهب ف الاوليمبياد ونسمع صياح الكتلان بقي ونيمار وسواريز وجريزمان هما اللي يستاهلوا البالون دور 😂😂😂😂,none
انا لله و انا اليه راجعون  طب ممكن لينك المكتب الحقوقي,sadness
انا متضامن مع الحمله ضد stc  اليوم 75 stc راح نفلسكم,sympathy
قد  اصابني من ما اصابكم فلا تياسو  والله يسمع دعائكم,sadness
واحببت فيك الاشياء كلها يا كل الحَواس. ..,love
قليل هذا الحكم المفروض 25سنه لمن يهين قاضي,anger
: حزين واتهجي علي روحي الموت مرهق علي حد البكا دون دمعات. .  بوح  شعر,sadness
والله معكم ❤😢,sympathy
العب بعيد يا خفيف انت حوحو ده وفكك من اللطافه دي والله محبي لكح ساكتين ع اشكالكوا كده بالعافيه ومش عايزين نفشخ حد,anger
ف بدايه السنه الجديده دي حاجه حلوه و مبشره كميه المصريين اللي مشرفنا ف الاوليمبياد دول..شكرًا 😊😍,joy
وهب الله لنا الحياه لكي نعشق  الاهلي فقط هذا ليس مجرد نادي انه ♥♥♥♥♥♥♥♥♥♥,love
والله هعيط يعني خايفه اتحمس ارجع اتكبس ونتوكس 💔😭😍🔥❤  KiralıkAşk  Deföm,fear
تيشرت الاهلي والاسكارف حاضرين في الاوليمبياد,none
لا يا عم احتفل لوحدي ازاي بس,surprise
اسمها ابتهاج وكلينتون عبرت عن سعادتهابمشاركه اول امريكيه محجبه في الاوليمبياد،انتخابات وكده,joy
يا صباح الهلال يالحب القديم يا صباح الوفاء لذاك الزعيّم..😴💙✋  الهلال  وطن  نودي  صباحات الهلال,love
خايف ياكلني جوعي ويتمرّد فيي الاحساسْ عم اتعذّب ودموعي بتتفرّج عَ ضحك الناس,fear
ده الجزء الثاني، الاول هو الانضباط والالتزام بالقواعد وادبيات الاوليمبياد,none
خايفه اخسرهم فبخسرهم ...,fear
الشيخ  اسلام الشهابي طلع مايتين امه ف  الاوليمبياد يا سماح,sadness
والله انه قلوبنا معكم يااهل الشام فانتم راس الحربا  لسنا تكفيريين يا عكاظ,sympathy
. . . وبين اسمك ودُعائي  حُبّ  صَادِقٌ لا اُحَدّثُ بِهِ غيرُ اللهِ ...,love
نكذّب الظنون ، و نصدّق الاحلام . نحنُ في الحب اغبياء فعلاً .,love
خايف اقول اللي فقلبي تتقل وتعاند وياي ولو داريت عنك حبي تفضحني عيني في هواي انا زارني طيفك في منامي قبل ما احبك...,fear
المرعب في هذا الادراك ان ما هو مخيف في الحياه يحصل بهدوء وبشكل طبيعي .,fear
يعني النوم هو الحل بردو بس كده هسقط,sadness
: نحن معكم قلبا وقالباولسنا ممن يترززون بالاعلام وويستخدمون الاقاب والمراكز وهم ممن عفي عليهم الزمن  اللجنه النسائيه با…,sympathy
عارف بس انت و يكانك اشعلت شعله الاوليمبياد ليهم ف هن wait &see فشخ يعني :D,none
لازم يخترعو جديده اسما فوبيا التخرج,fear
الدقيقه 11وماتش نيجيريا واليابان في الاوليمبياد 2 2😂😂هيخلص 10 10باين,surprise
الله يحميك و يحمي كل مقاوم و جندي سوري و مقاتل حليف يجاهد معكم ضد وحوش الارض و انجاسها.. اين انتم يا لمحيسني و موس…,sympathy
ياحبيباً شوفته خوف وحذر.,fear
: بالمقابل خساره حلب لا سمح الله تعني افغانستان جديده بنكهه سوريه وهو ما غردت عنه سابقا انسحب الروس من افغانستان وصار الافغان ي…,anger
انتِ خِتام الشُعور فِي صدري ما عاد فيني قُوه لـ حُب غيرك 💭💕  رتويت  رومنسي  بوح  خواطر يبتي  جميل  رائع  غزل  شوق  ذوق,love
مصر عامله احلي اداء في الاوليمبياد في كل الالعاب ما شاء الله 😂😂,none
hassan1 امتحاني بكره :)  بس كده,fear
هو يحبني .. ومستعد يتقدم لي .. 💞 الشيخ عبدالواحد المزروع    سند للاعلام 🎥,love
انا ممكن بسهوله شديده اجيب لمصر ميداليه ذهبيه في الاوليمبياد في حاله لو تم ضم رياضه النوم كلعبه اوليمبيه للاوليمبياد,none
يا جماعه قسماً بالله رايكوا ما هياخد دهبيه ولا برونزيه في الاوليمبياد ، بطلوا فتي وارتقوا.,none
: اللَّهُمَّ كُنْ لِلْمُسْلِمينَ وَالمُسْتَضْعَفِينَ فِي كُلَّ مَكَانٍ؛ فَرِّجْ هَمَّهُم، وَنَفِّسْ كَرْبَهُم،وَتَوَلَّ امْرَ…,sympathy
اوف الاوليمبياد بدت,none
: اللهم اشف قلوب العاشقين، واجمع بينهم.  دعاء,love
اعلام مرعب يخلق حاله فزع لا ارادي لدي الحكام . فهمها كان الحكم محايد فهذه الضغوط تحكم تصرفاته لااراديا باختصار استبداد اعلامي,fear
شوفت تعريض كتير و قليل لكن في الاوليمبياد دي جديده الصراحه,surprise
انت مش متابع الاوليمبياد ولا ايه 😂😂😂😂😂 مفيش مبروك مفيش هاردلك 🙄,none
شوفي كده تلات اربع اللعيبه اللي طالعين الاوليمبياد...فشله بمعني الكلمه..في ابطال كتير احسن منهم هنا برده بس ده ابن فلان😏,anger
الناس دي مش بتعرف تطبخ ازاي بس !!,surprise
المصريه ساره احمد الان نهائي رفع الاثقال Bein 7  مصر في الاوليمبياد  ريو دي جانيرو 2016,none
لايصير لك في العشق وجهينّ تري اللي صادق بحبه عمره مايحب اثنين❤️❤️.  وفاء,love
الوضع مزري زي كل ترم يخرب الموقع من الزحمه :) متي تسنعونه ????!!!  جامعه القصيم,anger
هو لما وليامز ودجوكوفيتش مش بيفوزوا في الاوليمبياد .. مين اللي بيفوز طيب! :D,surprise
تركي العواد يسيء للسعوديات  للاسف ويكتب عن وجود علاقه سببيه وكانه اطلع ع دراسات وبحوث علميه اكدت ماذكر. هذا لايعدو راي طفل متحمس مرتزق,anger
Nizaru: انَّ الغرابهَ كلَها.. انّي محاطٌ بالنساءِ.. ولا اري احداً سواكِ..  نزاريات,love
بدل عملت اللي عليك ومقتنع ده اللي قدرت عليه وحتي لو ملقتش تقدير فجزائك عند ربنا اكبر واعظم  الاوليمبياد وحاجات تانيه,joy
هذا راي الشعب الي اجداده فدو الارض هذه بدمائهم واخرته تجنيس للاجانب طامعين بخيرات البلد حتي السعوديه الي ماخذها مصلحه فقط,sympathy
الدوله الاسلاميه تعمل دخول مفاجئ بقي في الاوليمبياد بمتسابق واحد..والاخير :D,none
صور السيسي مع اللاعيبه دي قبل الاوليمبياد,none
احنا اخر مره كسبنا ميداليه ذهبيه في الاوليمبياد كان المقاولين حامل لقب الكاس,none
احاااااا .. شريف حازم جاله شد .. قام حاسبله فاول,anger
العشق الحقيقي نبض متكامل لايفصل العيوب عن المحاسن في عيون المحب.,love
بومتين بيسمعوا الاوليمبياد 😂😂😂 اللاعيبه خلصت كفايه علينا كده😂,none
يا بت كده !! طيب قولي كلام غير ده !! 😍 هو انتي حقيقيه يعني بالشكل دا !!,surprise
مشغلي واحد بساله مين ده بيقولي علي فاروق ده مغني ولا بتاع حشيش,surprise
مفاجاه غير متوقعه في  طقس الايام المقبله!,surprise
مستوي التنس الاوليمبياد دي ضعيف بطريقه مستفزه,anger
ksa الله يسعده مثل ما ساعد ويجعل الجنه داره وينصره,sympathy
عرفتوا ليه الفيزيا كانت صعبه .. عشان الاوليمبياد يا اغبيه 😂👊,none
الاختراع الجديد الي عملوه في الاوليمبياد  فريق اللاجئين حاجه حلوه وانسانيه جدا حتي لو مش هياخدو ميداليات وجودهم في حد ذاته مبهج 󾮞,joy
انا بستني الاوليمبياد علشانها هي و السباحه و الغطس,none
: اعتقد الكلام بالادله ولايحتاج تاويل. الي يقول قذف  (المحصنات العفائف) مو المجاهرات بالمعصيه   كلنا ضد مريم بيفور65,anger
ده عصام حجّي بيغسل ايده من رابعه فاضل مصطفي حجازي يجي يعمل علينا قديس,anger
بوست عجبني بجد  السوريين اللي شرفونا مصر من 4 سنين. بقوا اصحاب مشاريع و تجاره و اتجوزوا عندنا.. و احنا لسه بنشتم في بلدنا! تسلم ايديك فعلاً,sadness
الله يبارك باهل العراق خدام مولانا الحسين عليه السلام هنيئاً لكم وَيَا ريتنا معكم,sympathy
حماده طلعت العرص المصري اللي رفع علم السعوديه في الاوليمبياد,anger
ان حد ميت يوحشك و تفضل تفتكر مواقف ليه معاك تضحك لحد ما تدمع : ),sadness
الناس اللي متضايقه من اللاعب حماده طلعت اللي رفع علم السعوديه في افتتاح الاوليمبياد   الراجل مغلطش في حاجه هو ممثل عن بعثه تيران وصنافير,surprise
حقيقه انت مريض ومنافق تشتم رموز الشيعه لي تجعل بعض الشيعه يشتمو ن عائشه صحيح من قال عليك انت ابن حرام لك حيوان انت غبي,anger
AJL هههه فقط انقطاع اسناب شات اهالي  حفرالباطن  يشتكون من انقطاعه يارجل الكهرب تنقطع عن الاحياء اللي علي طريق الكويت اقسم بالله,sadness
وحشني احساسك وحشني حبك المجنون وحشني صدرك الدافي يا اروع حب في الكون,joy
خايفه اكون من الناس اللي ما الها عزيز ولا غالي..!💔,fear
13: خايفه من بكرا واللي حيجرا لما تروح ..   ورده.,fear
عايزه اشارك في الاوليمبياد بقي 😔,sadness
باحث تونسي عن المحاصصه الحزبيه: دمّرت عراق ما بعد صدّام ونخشي ان تدمّر تونس,sadness
مبروك يا فهيد الشعب يشكرك علي رفع اسم الكويت عاليا واتمني لك التوفيق والسداد في حياتك   فهَيد الديحاني,joy
Salem 10   b aa   Khalfan   يا اغباء من خلق ربي ايران اخذه ثلاث جزر من حقكم لو انت كفو وابن ابوك كان تمرجلت ع حقك,anger
وزير الاعلام يهنئ «شادي الخليج» بنجاح العمليه الجراحيه,joy
بنتي مش حاطه كذا قناه رياضه وال عندي عليهم الاوليمبياد,none
لانو حرام اللي بصير معكم,sympathy
والله الشئ مرعب😂,fear
الله يسلمك ياشيخ توفيق والله انك شيخ جدير بالاحترام ترحمك علي المرحوم طلال يدل علي فهمك وانسانيتك,love
فاتنه في كبود اهل الحسن والمقام تمشي بكعبها ياليتها حافيه وجهها نور لو تشيل عنه اللثام تحلف ان النجوم المنوره طافيه…,love
تري حلاه العمر مع من تحبه .. شخصٍ تريده من جميع المخاليق ..  بوح  ابيات,love
: الملك المغربي يتهجم مره اخري علي  الجزائر  و يصفها بالخصم,anger
عَيْنَاكِ وحْدهُما هما شَرعيَّتي 💜✨🐰❄️ |  نسرين طافش  مسلسل شوق,love
اللي فهمت انت تكره هذي البنت وعادي عندك تدمر نفسها,anger
احضُنيه لو عصبي، و اسمعيه لو ساكت، و راضيِه لو غيران❤  واخد بالك معايا 😂,love
الله يوفقهم ياااارب!ابذلوا ارواحكم واموالكم في سبيل نصره عقيده التوحيد والسنه! التشيع ينتشر ليس بسبب قوته بل بتخاذل…,sympathy
هههههههههههههههههههه مسخره هههههههه موتني ضحك,joy
السباحه امل مصر الاوليمبياد دي,none
:  ليه انقلاب علشان خطف المعارضين   السيسي خراب مستعجل  اوقفوا الاختفاء القسري,anger
: لعب من اجل النصر! اعطي من اجل النصر! ضحّي من اجل النصر! والان.. يحفز جمهور من اجل النصر! (الذهب)لايصدا يا(ماجد(!  الاسطوره يد…,joy
حصل حادثه تاني ف الاوليمبياد ?,surprise
الاوليمبياد فيها شويه مصريين يفرحوا القلب الحزين.,joy
كهربا خرج ! ده انت مدرب ابن وسخه .. يلا نكمل الاوليمبياد بقي,surprise
في حد عنده لينك نتابع من خلاله الاوليمبياد ؟؟ يبقي متشكرين له جدااا,none
وقد تاتي السعاده علي هيئه ورده سُقيتْ بحبٍ وقُطفتْ بحبٍ واهديت بحبٍ لتزرع في القلوب الكثير من الحُب مساؤكم ♥ و  ورد من  لاسيريان نيوز,love
العيال ام تكبر بتتملي مساخه,anger
كسم نيمار اللي لخصتوا الاوليمبياد كلها في ال 15 ثانيه بتوعه,anger
ايه الكرسي البيئه البشع اللي هو قاعد عليه ده !!! بشع بجد,surprise
حبكم بَالدم بي يجريِ، ما اريّد العُمر من دونكّ💙ِ,joy
يعني اول ما اصحي من النوم اشوف احمد الاحمر وهو داخل بالعلم في الاوليمبياد 😍 ده صباح الخير بزياده يعني 😍,joy
بعثه المنتخب بكل لاعيبتها في الاوليمبياد تقريبا معدتش فاضل حد تحط املك فيه بميداليه ..,none
alawady:     q8 انه كلب مسعورماجور استلم اجرنباحه من عبيد اسرائيل من (من ال سلول .وتميم ابن موزه العهر )ف…,anger
واخيرا نت واخيرا شفت امي✌️✌️,joy
عيل عرص ماشي مع بعثه مصر في الاوليمبياد ورافع علم السعوديه وعلم مصر,anger
كاريكاتير معيب ويدل علي خلل فيكم هي واخواتها كانوا السبب في مشاركتنا في الاوليمبياد وعلي الاقل هي يكفيها شرف المحاوله.,anger
حبه لها مخفيه حتي عن اخوه،، وشعره بها يلقيه قدام اخوها،،   💤😴  نجران الان  بوح  بيت  شعر  قصيد  درر  شطحات…,love
تعزيه بلغنا ببالغ الحزن و الاسي نبا وفاه جده العضو و صديق الصفحه  عبد الرحمان ،و هي المريضه التي ظلت تكابد...,sympathy
: الاخوان الاعضاء في مجلس الامه،،اين انتم من تلك المساله وماذا يكون دوركم فيها وماذا ستفعلون  انفخ يا شريم  اعضاء الامه  زياده اس…,anger
لازم يتحبس حد برضه يتكلم ع الفساد في مصر وما يتحبسش  هشام جنينه,anger
وياخذني الحنين اليه.. عبثا احاول فتنهمر دموعي اااه من هذا بقلبي يتذكرهم وهم في طور النسيان➿,sadness
هتلر كان بيتفرج عليه و اتجنن من انجازه و كان حديث الاوليمبياد و اتعمل باسمه شارع في برلين,none
هي منافسات الاوليمبياد بتتعرض علي قناه بس متكونش مشفره؟؟؟,none
010 ممكن نتعرف علي هالطيز الحلوه,joy
هاشتاق الامارات  مفاجاه مدويه.. ميسي يقرر مغادره برشلونه,surprise
18 غبيه,anger
الله يوفقهم وينصرهم,sympathy
: يالحسنك حضاره وحير التاريخ تاسع معجزه يا لوح مسماري  بابل ما رات مثلك ولا  اشور خدك  سومري والطول  عشتاري   خاص لشخص غالي   …,love
حين تكون معي يكسوني جنون العشق حين تكون معي تضطرب نبضات القلب حين تكون معي استطيع ان اقول اني احب  صباح الخير,love
افتتاح الاوليمبياد يا اخوانا يا اخوانا يا اخوانا,none
الجو مرعب اليوم بشككل 😫.,fear
الاوليمبياد السنه دي عرفتني انه قد ايه الرياضه مش كره قدم بس وفي العاب تاني اهم وارقي بكتير..  Rio2016,none
: طبيب يبدع في مداعبه الطفل ليصرف انتباهه عنه الخوف من الابره💉 حينما تكون المهنه رحمه وانسانيه  عطف  رقي,sympathy
s 2009  لا بهذه معاك حق????????+ كنت راح اتزوج اوباما بالحلم صحاني اخويه يسال عن الشبكه ????????????????????.,surprise
حوار الموت فجاه ده مرعب جداً,fear
ساره سمير، الطالبه في الثانويه العامه، ومحمد ايهاب، الموظف بشركه الكهربا، اللي حصلوا علي الميداليه البرونزيه في الاوليمبياد، (1),none
: نثق بكم ،، كلنا معكم ،، فالنا التوفيق جميعا 💛💙,sympathy
عارفه انك خايف نتغير وانا كماان خايفه ..,fear
مفاجاه من العيار الثقيل.. يوم شؤم يهدد  ترامب بعد 5 اسابيع قد يخسر معه الرئاسه !!    امريكا,surprise
الاعراس عندنا مثل الهالوين ...,fear
: كده تو ماتش يا شريف تو ماتش????????,anger
Madaniah الله معكم وهوا القوي والاعظم من هذه الدول والجيوش جميعها,sympathy
دجوكوفيتش برا الاوليمبياد لم يسموه اكبر محفل عالمي بالصدفه,surprise
الاهلاويه عاملين هاش  صالح سليم فكرك بالقديم والزملكاويه عاملين هاش  صالح سليم خامورجي وعمالين يشتمو في بعض وسايبين مهرجان زي الاوليمبياد :/,none
10 مدري خايفه🌚😂,fear
ضياء يابن المجانين لا لا لا لا 4  ArabsGotTalent,anger
: كل عام وانتِ بخير زينب عزيز????✨، عام سعيد????، وحشتيني????????,love
ما كل هذه القرود التي نبتت في وادينا المديون !! افاتح العيال في تفاؤل ببكره ازاي بس ؟!,surprise
ابن الروشه اللي رفع علم السعوديه في البعثه بتاعتنا في الاوليمبياد دا لو عاملها باوامر يبقي احا عاملها مع نفسه يبقي احتين,sadness
الاُنثي تَسْكُنُ قَلْبَها طِفْلَهٌ صغيره دائِماً خائفه والاحتواء هُوَ ما يُشْعِرُها بـ الامان والطمانينه..!,fear
الله يشفيك 😢 متعاطفه معك جدا,sympathy
الله اكبر اول مره في الاوليمبياد دي احنا اللي نغفل الماس مش هما اللي يغفلونا,surprise
سوري بس لازم نوصل لاللي بيعملوا الاوليمبياد انهم فقدوا عامل المنافسه والاثاره 😭😔😔,sadness
رايت  الموت يطوي الناس تكرارا....... فكتبت اسمي قبل  الموت تذكارا,sadness
حلمت حلم يخوف من كثر مايخوف خايفه اقوم من سريري واروح الحمام خير😭😭😭💔.,fear
انت اكبر طائفي وحاقد ومسموم واتمني من الله ان يفضحك امام الشيعه الذين تقول انك متعايش معهم,anger
:  السعوديه ام الارهاب تم تعريه المهلكه وزهايمرها المستخري,anger
: مشتاق انا ل فنجان قهوه نتشاركه سويه وكلمات صداها اجدي من الف بندقيه ولسرير يجمع شتات افكار ثوريه هزي صندوق البريد ي ص…,love
كل ما يستضيفوا اداري في اي لعبه في الاوليمبياد يقولك للاسف كان عندنا امل بس للاسف. احا طب ما احنا كمان كان عندنا امل بس للاسف,anger
ماتشات الاوليمبياد جايه علي قنوات مفتوحه ؟؟,none
اختاه السباحه الايقاعيه ، فيها ايه لو لبستي بنطلون كارينا تحت الفستان ، وبكده تكوني ربحتي الاوليمبياد واحتفظتي بحجابك,none
قرارت حاسمه ع 2015  شخص لا يعتمد عليه    مكنتش عايز تعزمه يا ظالم,surprise
يقولي : انتِ نجمتي و الليل بداخلي ✨🎻  غزل,love
انا اروش حاجه شفتك بتشغل دماغك فيها هي سوق دوت كوم متحورش يا يسري خطط ايه بس ????,surprise
salyy: يارب انت وحدك اعلم بما يضمره قلبي وحدك تعلم بحجم الخيبه التي بداخلي يارب ارح قلبي وفرج همي ويسر امري,sadness
الاوليمبياد بشجع كل الفرق العربيه في دوله مش لاقي سبب اشجعها اولا كل لاعبيها اجانب مجنسين يعني اللاعبين مش عرب ثانيا انها  قطر بنت الوسخه 😄,none
نتايج الاوليمبياد بتاكد ان احنا معندناش رياضه نهائي من الاخر 😅😅,sadness
محدش يروح الاوليمبياد بالحجاب يا جماعه علشان شرطه الفاشونيستا هيقبضوا عليها في المطار ويحطوا كلابشات Guess في ايدها,none
انا عايزه اقولكم حاجه بس خايفه من البلوك انا متفائله 😂👍🏻,fear
d13:  حاكموا السراق اكررها للمره الالف يجب تصفيه القضاء من الفاسدين اتهامات مشعان الجبوري وثائق ويكليكس اتهامات العبيدي ..الخ ماذا…,anger
اوجعتني لجلهم وضحكت بوسط حضنهم  وتقول ابالغ في حزني؟ الله عليك ياموجعنـي الله عليك.  الم,sadness
: و متزعليش من قساوه الدنيا و عنادها العجيب انا كنت فاكر نفسي اقوي من النصيب !  هشام الجخ,sadness
: اعزل هشام جنينه  بلا وكسه والله ماتنفع رئيس مراجيح فضحتنا الله يفضحك,anger
كل عام وانت بخير، صوتك يجلب الفرح تلقائيا   عيد ميلاد عبدالمجيد عبدالله,love
وده سؤال اللي عايش في مصر  كل يوم خازوق اصلا,anger
دهبيه الاوليمبياد في انفولو للناس 😎,none
emy93 الحمد لله ع اوف الخميس صدق من يشوف مصيبه غيره تهون عليه مصيبته 😹 اجل بداوم بكره تضامناً معكم,sympathy
الاطفال امانه بايديكم انتبهوعليهم من اقرب الناس لكم لاتخلوهم بلحالهم مع اي احد اعطوهم حقهم من وقتكم لاتهملوهم واسمعولهم وابعدوهم عنالاجهزه,sympathy
خايف صبُر گلبي يمل,fear
: تستهبل   يو ار جوكينق   you are joking  اتركني وحداني    ليف مي الون   leave me alone  اريد ان اوضح    اي ونت تو اكسبلين   l…,joy
انا داخل الاوليمبياد ان شاء الله وميداليه مضمونه بسر الدعا والسجده ✌,none
twiter     انا من اهل الباحه واري تحسن كبير جداً في طريقه تفكير مجتمعها خلال الثلاث السنوات الاخيره????,love
متابعه | الناطق باسم حركه حماس سامي ابو زهري، ان نتنياهو سيبقي رمزاً للارهاب والاجرام الاسرائيلي ولن تفلح اكاذيبه في تغيير صورته الدمويه.,anger
: ما يوصلك صوت قلبي ماتحس اني اشتقت لك😟  رمزيات  رمزيات حزينه  الم  وجع  موجوعه  المي  وجعي  حزن  حزينه دمع  دموعي  دموع …,sadness
احمد ابو غوش فاز ب  ذهبيه للاردن ف  الاوليمبياد لوزن68 كغم ع منافسه الروسي وتعتبر الميداليه الاولي في تاريخ الاردن في الاولمبياد العالميه.,none
انا لغايه دلوقتي مَش عارفه لما الاوليمبياد تخلص هعمل ايه !,surprise
انا لله وانا اليه راجعون احسن الله عزاكم والله يرحم من توفي ويشفي المصابين.,sympathy
rar 4:  لحن الفرح ربع مليون محب 0  الـف مبـــرووووگ  شـاهدين لگ بالخير ان شـاء الله ????  حساب راقي افتخر به ????????,joy
ترا شعور مرعب,fear
: 3سنوات علي فض  رابعه  ابشع مجزره في تاريخ  مصر الحديث.... لم ترحم  الساجدين ...... ولم تفرق بين  الرجل  و المراه,sadness
دايما معاه و روحنا فداه.,joy
بجد يا يمي مسلسل نيللي وشريهان جامد اوي انا والله مش مبطل فرجه عليه علي اليتيوب بجد انتي واختك كوميدا جامده جدااا,love
;; الخوف اللي يخليك مش عارف تفرح دا من اسخف الحاجات ف الدنيا.,fear
لا يقاس  حْب الاشخاص بگثره رؤيتهم فهناگ اشخاص يستوطنون   القلب رغم قلـﮧ اللقاء  بعض العقول تحتاج,love
العرب محققوش ميداليات في الاوليمبياد غير لما انا دخلت نمت تقريباً و مركزتش معاهم 😅,none
اكتر حاجه تقلق ان الاوليمبياد مشارك فيها العالم كله الا داعش ..فقلقان لحسن يشاركو الايام الجايه 😱,fear
برافو عليها هدايه والله👏🏻 .. كام نفسي تكسب السيمي فاينال كمان و تاخد دهب او فضه بس جدعه والله .. اي مصري في الاوليمبياد هو فعلا حارب مع نفسه,joy
ايووووووووه بقي يا مينوووو وحشتنااااا  مينا فخر العرب  MinaAtta,joy
انا عمري ما قولت ان انا خايف غير بعد ما قلبي اتمناكي 💟,fear
الا هو نصعد كاس عالم ومنجبش اجوال ويفضل مجدي عبد الغني يذلنا برضه؟!,surprise
q8 88: كَلِمهٌ مِنْكْ . . . اخَذَتْني الَي عَالَمٍ اخَر لَمْ اسْتَطِع بَعْدَها سَماعَ باقـي الكَلِماتْ ♥  عشششششق,love
تايوان والفلبين وكسوفو حققوا ميداليات ذهبيه امس في الاوليمبياد واحنا اصحاب 7000سنه حضاره بندور ع التمثيل المشرف كفايه قله ادب وكوسه بقي,sadness
:  الحُب : هو اسهل فكره نكتُب عنها واصَعبُ عمل نقُوم بِه .,love
بيوحشني صوتك الهامس بسرح لما نتهامس في صوتنا لما يتلامس,joy
ككلمت ايلي وهو طمني عليه وخلاني اككلمه امبارح,joy
كنا نتمني يا كابتن انت كمان تكون في الاوليمبياد وكنت هتفرحنا اكيد,sadness
سحب فيدال و هوميلز والله خطير عثمان ديمبلي لاعب موهوب😍  دورتموند بايرن,love
دائما ما تشهد مباريات وسط الجدول العديد من المفاجات,surprise
حتي اقرب الشخاص يخذلوننا وما اقساها من  خيبه,sadness
:  قُبلهْ واحده، بامكانها جعل الجسد باكمله يبتسّم  امير,love
الاهلي يفوز بمجهود لاعبيه ولم يحتاج مساعده حكم او لجنه من لجان اتحاد القدم . الف مبروك للملكي وجماهيره الوفيه,joy
هل يطهر «داعش» الصحراء المصريه من الالغام؟,anger
لا جد خايفه اغرد واتفشل😂😂😂,fear
في الداخل اشد  قسوه والماً من بكاء  العين    فكثير من  الاشخاص تبكي  قلوبهم في صمت و  عيونهم هادئه.. 🚫 ابوصقر )🚫,sadness
مبيقهرنيش قد المشاركه في الاوليمبياد وانتظار الحظ انه يلعب لعبته ونفوز باي حاجه تيجي..تخطيط لميداليات يوك..هدف رايحين من اجله يوك,sadness
يارب  خذ بيدي                 رب  احفظني من الشياطين انسهم  وجنهم رب  اشفيني  واشف كل مريض,fear
بيجيبو الكلام لنفسهم ........,anger
: مااخذبالقوه لن يستردالابالقوه والصهاينه اغتصبو  فلسطين بالقوه بدعم الاستعمار وتواطيءوتخاذل العرب وخيانه بعض الفلسطينيين…,anger
102006: تنام عيناي .. ولا ينام قلبي ! يالبعثرات قلبي .. الا تهدا !!  مشتاق,sadness
جمهور الاهلي لازم يتفرج علي نيجيريا في الاوليمبياد عشان يتابعو نجمم الجديد  اجاي  اللي هيكون موهبه مهمه جدا في مصر وافريقيا الموسم الجاي,none
: الحريه لابراهيم ويوسف وزاهر..الحريه للزمن..الحريه للصحافه  تضامن مع الزمن,anger
15 4 المشكله انا خايفه من ضلي كيف اخطف😂☹️,fear
خايف دموع عيني تفضحني كل ماطروا اسمك دمعت عيني ....,fear
يمه خايفه يصدمون جدار القريه او يهاجمونهم💔  زد رصيدك19,fear
اللهم اشفِ مرضانا ومرضي المسلمين.,sympathy
ندي معوض ودعاء الغباشي برافو بجد لاول بنات مصريه تروح الاوليمبياد في الكره الطائره الشاطئيه وسنهم 18 و 20 سنه,joy
تخيل كده بتتفرج ع الاوليمبياد وفجاه Here come dat boi! 🐸 😂😂😂,none
: تحميل كلام الاخ لبيب ما لا يحتمل وتقويل الناس ما لم تقل ظلم كبير لا نقبل به ونربا بالجميع الترفع عنه.. ابو يحيي المصري  لب…,anger
ذكري رابعه الثالثه  اللهم انتقم من السيسي الظالم وخذه اخذ عزيز مقتدر,anger
sweet: ياحلو لندن وطاريها ينعش الخافق و يحيني ❤️,love
احتفاليه ذكري قناه السويس الجديده جاءت لافساد بهجتنا بحفل افتتاح الاوليمبياد,sadness
تكون لي  حُب اكون لك لحظاته .,love
الاوليمبياد دي هتبقي فاتحه خير ان شاء الله 😂😂😂,joy
كم ٱشّتُقَتُ لكَ وِ لسًٱعه ٱللقَٱء فُروِحًيّ تُنٌٱدُيّك الم تُسًمع ٱلنٌدُٱء؟ اتُعلم يّٱملٱكٱً انٌٱر ٱلكوِنٌ بّٱلضيّٱء,joy
اني  عشقتك .. واتخذت قراري فلمن اقدم يا تري اعزاري لا سلطه في .. تعلو سلطتي فالراي راي .. والخيار خياري 🌹 نزار ده هيخرب بتنا 👌,love
:  عيسي النخيفي يتعرض للتهديد حسبي الله و نعم الوكيل المخلصون من اجل الوطن و الشعب هم من يتعرضون لاسواء المعامله بينما اللصوص…,anger
اكتر حاجه عجبتني في افتتاح ريو دي جانيروا تحيه ال207 دول المشاركه في الاوليمبياد ل   فلسطين❤❤󾌣󾌣❤❤,joy
News: صباح الخير قرّاء «بوابه الشروق» :),joy
لان زي ماقلت سابقا الهدف مشاركه الامم بصرف النظر عن الدين و العرق و الثقافه فلسفه الاوليمبياد نقرب الشعوب كلها من خلال الرياضه,none
احتفالات الاوليمبياد حلوه فشخ، مش ناقصها غير اغنيه لايهاب توفيق و اغنيه لحسين الجسمي.,joy
كالوطّن انت ؛ حينما اتحدّثُ عنكِ يبتسِمُ كلَّ شيْء  نمير ﺍلبيان  نبض مغرد  سكع,love
الدواعش لو كانوا اعداء لكم لفجروا في طهران .. ونحن نستنكر داعش ولكن لا يمكن ان تستنكرون الحشد والحرس الثوري وحزب الله ووووالخ,anger
خايفه اقول صباح الخير و ميطلعش خير 😂,fear
يا وليد حاطط السعوديه في راسك بكل تغريداتك وانت في عاصمتها يا اخي احنا ماعرفنا نلم الغنم حقنا  نرجع نلوم الغير,anger
Osama: كلموها عني من بعيد لبعيد  عرفوها اني لسه بحبها ..  دي مليش حبايب بعدها  واللي باقيلي منها عايش علييه ????♥,love
عندي جراه اتكلم انا ، بس خايفه من كلمه  لا  !!,fear
هو ان تكتفي بها ولا تكتفي منها ❤️✋🏻,love
اللجنه الاوليمبيه الدوليه بعتت دعوات لاعضاء ف البرلمان المصري عشان يروحوا الاوليمبياد 😕😕 انترستينج,sadness
الاوليمبياد ولا السمر يا هشام ! * الاولمبياد طبعاً يا ماما ✋😂,none
:      ما ذُكر الله علي صعب الا هان ،     ولا علي عسير الا تيسّر ، .   ولا مشقه الا خفت ،  ولا شده الا زالت ،  ولا كربه الا انفرجت,love
: النواصره تحتاج منا اكثر من التعاطف الاكتروني،،الشتاء علي الابواب والجماعه غالبهم الفقر والحاجه  النواصره يفدون الوطن,sympathy
همسكهم الاتنين و اخبطهم في حيطه و نبدا علي نضيف,anger
والصفويين الجبناء اذناب الاحتلال يحررون شئ ؟ طيران الاحتلال الامريكي هو المظله لهم. الطيران الذي اباد مدن الفلوجه والانباروغيرها.,anger
سرعه البديهه و حسن التصرف المتلازمه الانجح و الاكثر ابهارا بنسبالي,joy
ء 🔸🔸🔸🔸🔸🔸🔸🔸 يا سائلاً عنّي من القلب لبّيه صوتك عزيز وغصب عنّا نلبّيك  مثلك من الاجواد لا شكّ نغليه ونفتح لك…,love
هحاول اتعامل مع اي زفت بيحصل ف حياتي ب اقل الخساير  النفسيه,sadness
sniper1 الله ينصركم ويؤيدكم بنصره وعزه نعم المولي ونعم النصير بالدعاء👍,sympathy
اقسم بالله فينغر قاعد يهين ارسنال .. تعثّر اليوم هو المسؤول عنه بدون النظر للي بيقدمونه اللاعبين,anger
كل ما اشجع حد في الاوليمبياد يخسر ،، مش عارف ده عيب مني و لا غباء من اللاعبين 󾌦󾌦,none
مرحبا كيفك احمد رقم الهاتف الجوال 01114417616 01210708003,joy
الصدمه ليست مساعده شخص لاخر !! الصدمه الحقيقه هي خيبه امل من شخص مقرب لك .. انتهي... — feeling shocked,surprise
انت ممثل مصر في الاوليمبياد صح ؟  اه   طب خد ارفع العلم ده   بس ده علم السعوديه !!   اومال هترفع علم مصر يعني  اسر,surprise
الحب يا سيدتي هو ان انتظر وريثه شعرك الاسود واخبرها بغير الحب ما كانت حروف العشق تكتب  قروب كايدهم للدعم,love
كل القارات نالت شرف تنظيم الاوليمبياد عدا قاره افريقيا,sadness
: خائفٌ جدًّا، فهَبني منكَ عُذرًا واحتضنِّي*,fear
: كونوا معنا اليوم في مسك الختام ومع الشيخ الدكتور راشد بن عثمان الزهراني والعديد من الفعاليات المتميزه ، حياكم الله .,joy
بطوله الاوليمبياد في السهر؟,surprise
ينصر الله المظلوم ، ويذل الظالم ف صبراً ثوره الشام ،، فان نصر الله قريب  *شعب الشام*,sadness
اشكي اهاتي ااااااه واه اهاتي ااااااه وقول يادنيا خدي وهاتي خدي وهاتي ده انا المغني المغنواتي ..,joy
ي قلبي ...دي مرعوبه !,fear
الحب يستاذن  المراه في ان يدخل قلبها، اما  الرجل فانه يقتحم قلبه دون استئذان   جورج برناردشو,love
ياريت لما حماده طلعت الخول ابن العرص يخرج من الاوليمبياد حد يقولي عشان نعمل عليه حفله,anger
وتسالين من انتي انتي لغه الحب ابجديه العشق حديث الروح الصامت نبض حروفي وشريان كلماتي انتي المفرده المنسيه عمداً من قواميس نسياني 💜🎵  ذوق,love
:   العصيري يقول اليوم ان الحدود السعوديه خط احمر وانها لاتتدخل في حرب اليمن ولا حتي لها علاقه بالمفوضات  يا روح امك,anger
مهو العلم علي وسط الموزه ليه بتحكموا صاحب محلات التوحيدوالنور ياولاد الوسخه,anger
مش معقوووول لعبه تسهرني للصباح 😰,surprise
انا شايل هم الاوليمبياد اما تخلص ..هيصيبني اكتئاب مابعد الحفله بس كبير اوي الاوليمبياد مبهجه جداا واجوائها مسليه وموجوده ليل ونهار,sadness
ودي ادش عليك بس خايفه من ردت فعلك,fear
هههههههههههههههههه الحمد لله اتحلت,joy
يحكي ان التعلق نص الموت .. 😢 ثم ياتي الرحيل .. فيكتمل ..!,sadness
alamarh ياخري النت مليان من فضايحكم وفتاوي الخميني حقكم والسيستاني ابن القرعه هههههههه هش هش,anger
احنا عاطفيين مهتميين اننا مسلمناش اكتر من اننا نكسب ... لما نركز ازاي نكسب هنهزمهم في الاوليمبياد وبره الاولمبياد,none
: ما رايكم ان نحيك مؤامره ضد الشعب الامريكي، وذلك بالتغلغل داخل ثقافتهم ونجعل  المراه الامريكيه ترتدي السواد الكامل 1,anger
لا تخذل فَتاه اختبات خلفَ ظًہرك امنت بعٍشقك ُ  لہا احبتك برغم ان فَي  بلدِنا شُبه  محرم فَ بربك گن ۆفَيا لاجلہا ،،,love
محتاج استنسخ نفسي و اطلع ابص علي نفسي من بره ... خايف اسب لي الدين والله,fear
كـــل عـــام وحــبــك الاجـمـــل يا مضـــوي شمعــه ســنيــني كـــل عــام وانــت الاول فــي حــياتـي وقـــلبي وعــيني,joy
يالها من موزه جميله,joy
اختر ان تفعل ما تنوي فعله بحب كبير واستمتع بالمعجزات في حياتك صباح,love
: ❣.. ||•• .. ما بقي لـزهورْ حـبنا غـير شعورنا ٱلـ ذابلْ ~ وما يمرها الا غيوم غيابنا ؛ تـسقي عـودها ٱلـ مائلْ .  نبض …,love
اطالب بتحقيق رسمي من قبل اتحاد كره اليد مع المدرب و اللاعبين علي سوء المستوي و تعمد الخساره و الظهور بشكل رديء في الاوليمبياد,anger
مبروك ياموسي من نجاح لنجاح ????????,love
خايفه اول مره اروح عزيمه لحالي احس اني بجيب العيد ف شي,fear
صباحك سكررر,joy
يا ربي السلامه فيديو مرعب فياضانات في مدينه اليوسفيه والمياه تجرف كل شيء في,fear
بعثه الاوليمبياد 150 فرد خرج منهم بتاع 100 ولا حاجه في اول يومين ..😂😂,none
انا عمري ما اعترفت بحاجه اسمها يوم التلات نحس، بس بجد فيه ايه؟ 😥,surprise
هو المفروض الدور الاول بتاع الاوليمبياد يخلص امتي ؟؟,none
مرتضي منصور: طظ في الناس.. و الزمالك عزبتي واللي مش عاجبه هدي له بالجزمه |  شوبير,anger
اتوقع نيمار راح يوصل نهائي الاوليمبياد  البرازيل مع وجود غابريل و خيسوس 👍🏼👌🏼,none
عزيزتي الاكل فن .. وانا متذوق للفن????????????              كلنا ضد مريم بيفور80,anger
ربنا يشفيه ويقوم بالسلامه ويشفي كل مريض,sadness
حبيت تعالي دا لو غالي عليك تعالي بقكر فيك تعالي دايما مشغول و بيك علي طول,joy
بيتعلقوا بايه معتز ده من الناس الي اقلق من وجودها في صفي ده عيل امنجي بيمشي بالريموت,anger
لعنك الله علي هاذا الافتراء من الذي يسب فاطمه وعلي اماانت فحمار ابن ستين خمار,anger
: ينفطر القلب ويجرح لما يحصل لاخواننا في الان اللهم عليك بالملاحده والصفويين والنصيريه المعتدين اللهم احرقهم بنارهم ..…,sympathy
: بعد تحرير اهالي  منبج من بطش داعش ظهروا امام العالم وكانهم خرجوا من [ ظلمات ]الي[ نور ] ظلمات داعش لا تقارن باي ظلمه,fear
: سود الله وجه منهو فالمواقف مايبين  لا بدا اللازم تخفا ولا خفا اللازم  حظر  . .  الشاعر نايف الاحمري,anger
سوف ينهزم حزب الشيطان وكل ما جاء الي سوريا غازيا نحن اهل الارض انتم كلاب ايران تحيه لفيصل قاسم مخوزق الفرس,anger
: ليست المره الاولي التي يغتالون فيها نهار ايامك فلقد اغتالوا بحقدهم ضحكات اطفالك اليمن باقيه رغم الالام ورغم الصمت البشع  مس…,sadness
قد اختلف معك في بعض الافكار قد لاتتشابه عقائدنا لكن حبي لك لايشبهه اخر حب مختلف متفرد بذاته حب تربي علي وجع الروح واستطعم  بكاء  القلب,love
لن اكتب فيكِ اليوم شعراَ و لا نثراَ ..؟؟ ساكتفي بان اضع قلبي علي الورق,joy
يقول لي بانه يحبني ولكني لا اري من حبه شيئا انا خائفه,fear
هو علي سياق منفصل عن الاوليمبياد يعني .. ايه يا جماعه الاسامي الغريبه اللي انتوا مسمينها لنفسكوا دي بجد والله ؟,surprise
: كسبنا غانا وهنصعد كاس عالم انتوا اكيد مخبين عليا حاجه 😃😂  شجع مصر,surprise
الحمد لله ..و يبقي  الاهلي هوا فرحتنا وحياتنا و مفيش مشكله لما يبقي ف يوم سبب حزني..بس دا ميمنعش اني فرحت كتير بسببه ع المره معاك يا  اهلي ?,joy
الشركات في مصر من اغبي الشركات كانت ممكن تتبني اللاعبين وتبني معاهم حمله اعلاميه لها ولكن امامهم الفرصه للتفكير في الاوليمبياد القادمه.,sadness
خايفه علي مصر.. من اهل مصر يارب.. احفظ مصر,fear
: اكثر انسان مرعب بالعالم  النائم المتكلم  لا ويجيك يضحك بعد ، قسم بالله ودك تشيل عفشك وتطلع من البيت🌚💔,fear
انا منكرش ان مفيش حاجه فمتعه الكوره .. بس الاوليمبياد فيها لقطات حلوه يتعمل عليها افلام والله,joy
27: البكاء في الداخل اشد قسوه والماً من بكاء العين فكثير من الاشخاص تبكي قلوبهم في صمت وعيونهم هادئه ..  حقيقه  واقع  رحمه,sadness
خايفه اتعود علي قربك : وانا ، كلّ ما قرّبت من حاجه ، ترّوح !,fear
احـــيـَانـاً ! ! في هَـذا الزمن . . الاهٺمام الزائد بـَ الاخرين يفقدگ كرامتك   منقول,sadness
ماهو انا بطلت بس اللي شيلته تعبني نيك,sadness
دام قلبي متعلق بهواك اقولها وانا كلي حزن الله علي ساعه بيها القاك يرتبها الوقت بحضور القدر …,love
: لعب من اجل النصر! اعطي من اجل النصر! ضحّي من اجل النصر! والان.. يحفز جمهور من اجل النصر! (الذهب)لايصدا يا(ماجد(!  الاسطوره يد…,love
الرقم اللي فريده عملته احسن من رقمها اللي قبل الاوليمبياد.. احتمال تترشح لنصف النهائي لكن ماعتقدش ممكن ابعد من كده,fear
في اي قناه عاديه جايبه الاوليمبياد ؟,none
يا حسام يا بدري يبنلوسخه  دوره الالعاب الاوليمبيه  الاوليمبياد  OpeningCeremony,anger
انا خايفه تكون الثوره فشلت بجد!,fear
فقت من نوم اغني شو اخبارك لنوال الزغبي مع ان مش وقتها بس حبيتها.,joy
ظاهره يجب ان تدرس وتحلل شخصيته   احمد موسي مبدع من طراز خاص انه مبدع ومبتدع علم التعريص من اجل الوصول من اول ما وصل من بلده وطلب يعرص بنفسه,anger
الجنرال الاميركي جوزيف فوتيل   حلفاؤنا بالجيش التركي في السجون.   (صفاقه لا متناهيه)    تركيا تنتصر علي الانقلاب   تركيا تنتصر   تركيا,anger
: حتي القرضاوي تزوج مغربيه عمرها 18 سنه !! وكذلك جزائريه في الفتره الاخيره وهو ينبح من الدوحه اقتلوا القذافي وبشار   زواج…,anger
Mortada حرااااااام الظلم التحكيمي الفاجر ده,sadness
Aldini: ربما تكون اكثر تعاطفًا مع من حولك اذا ادركت ان جميع الناس سيموتون.,sympathy
مولر و التمركز الصحيح قصه عشق,love
اغنيه  ملكه الاحساس فاقت كل التوقعات اليسا دائما تبهرنا بجديد.  كثير حلوه الغنيه مرسي  اليسا في القمه,joy
الاوليمبياد اصلا تاريخيا في التنس مش حاجه كبيره الجيل ده اللي اداها قيمه,none
لقد هرمناااا... اول ميداليه في الاوليمبياد لمصر احرزتها ساره سمير ف رفع الاثقال  Rio2016,joy
الموصل وجعي و وجعي و وجعي و  العراق وجعي و قبلهم كانت و ما زالت وجعي ، تتقزّم الامي الخاصه امام عمق و طوفان جراحهم ..,sympathy
وماذنبُ عيني ؛ حينَ تحبُ رؤيتك  💕  المشي فجراً  الرياض  الرعشه,love
الحمدلله ولله الحمد،، الله ينصركم ياابطال تعز الاشاوس ،، ربنا معكم، ودعاءنا لكم، لا ولن ننساءكم ، سيروا علي بركه ال…,sympathy
كان في ماتش مصارعه دلوقتي في الاوليمبياد و للاسف اتغلب ف مفيش 5 دقايق,sadness
1   at ظافر هذا يا اما انه رافضي او لاديني عشان كذا مستميت في الدفاع عن الرافضه وتلميع صورتهم,anger
متعاطف مع المواقف بكل انواعها,sympathy
استراليا كلها جايه تشارك في الاوليمبياد باين,surprise
: ُْْٰٓ …🕊 الـقلـوب تـتـالـف وتـتـقارب ..♡ مـع ان الاجساد لم تلتقي .. 🍂 والاشكال لم تـتـعارف . . 🌿 ذلك هو  الحُب في الله…,love
وصرت خايف لا تجيني لحظه يذبل فيها قلبي وكل اوراقي تموت 💔,fear
الوضع مرعب ...,fear
x890 صباح النور مع اني ماقطعت النوم الا خايف من الحسم بس😕,fear
عربي ايا افريقي اكتب عربي يخرب بيتك مصر كبرتك وعلمتك وانت بهيمه  ياخساره يا مصر هذيل عيالج,anger
في سياق اخر نهائيات الجمباز للسيدات امبارح كانت حاجه فشخ الخيال وممتعه لاقصي درجه حسيت انه فعلا الاوليمبياد وقتها,none
الاهلي سيد الدوري,joy
احنا في الاوليمبياد >&gt;&gt; انجلترا فالكوره,none
الفائز بفردي رجال   تنس   الاوليمبياد ؟  Rio2016    Olympics  tennis,none
واضح ان الاوليمبياد هتسلينا الفتره الجايه,joy
مايكل فيليبس حامل العلم الامريكي.. الرياضي الاعظم في تاريخ الاوليمبياد .,none
وظلّت روحي خائفه مرعوبه من الاماكن الشّاغره و من لافتات الطّريق و ستبقي تقرا الوداع ولم تُكمل كلمات الوصال كثيره اقرّر ان اقفل ابواب قلبي,fear
هذا انتم بالكلام تكسرون قلب حتي اليتيم وبالواقع يا حيه يم راسين طبي بجدرهم,sympathy
عادي يعني يا خونا اما لاعب رايح يمثل مصر في الاوليمبياد ويرفع علم السعوديه ايه المشكله !!! اكيد تيراني او صنافيري يعني خلوا قلبكوا كبير كده,none
Abdulla   511 اي سفير الوطن اخذ كاس اسيا ياطحلوبي انت كبيرك كاس حليب ونص طازج بدون رز,anger
مساء العسل,joy
: فِعلاً والله خايفه يبهت هالشُعور الي فيني لك بسبب برودك .,fear
بس الاوليمبياد حلو مفيش كلام,joy
لاعيبتنا رايحه الاوليمبياد تتفشخ,anger
يرفق دعاء الصباح .. و المساء احبك 💙☕️  حُــبْ  بٓــين  سعاده,love
الاوليمبياد,none
مصر جابت 27 ميداليه في تاريخها كله في الاوليمبياد ومايكل فيلبس عنده 23 ميداليه منهم 19 دهب,none
وصلنا للمرحله ماقبل الاخيره في النضوج، وصرنا ندفن حزننا بوسائدنا ونصحي ونادي مهمات الحياه ولا كان اللذي كان قد كان.,sadness
ربنا يرزقنا باي حاجه في الاوليمبياد دي,none
اكتر شي بنفرني من البني ادم انو ما يكون فيو احساس بالناس اللي حوليه او بمشاعرهم .... ياخي شو الحقاره هاي !! قررف والله وعفن بنفسياتهم,anger
:  ثوره 11 11 كفايه فوضي الشعب قادر علي التغير قلوبنا معكم يامصرين نظام السيسي نظام حقير,sympathy
الوَجَعْ .. انّ تكُونْ الامّنيَهْ والخَيّبَه تَوامَانّ لا يَفّترِقَا  شعر  حزن  الم  فراق  بوح  خواطر,sadness
حتي في الاوليمبياد الجيش المصري مسيطر علي الميداليات حبيبتي يا مصر,surprise
عموما الله يحرق الاوليمبياد علي الصهاينه بكره البريميرليج يا ولاد العبيطه 🔥🔥🔥 Can t keep calm ❤❤,anger
* ينهمر ف البكااااااااااء مره اخري *,sadness
كل نبضه لقلبي عباره عنك ♡  خربشات همس الحروف  بوح مشاعر,love
شجعوا مصر في الاوليمبياد . حيث ان الاوليمبياد ستبدا غدًا باذن الله . ولدينا بعثه كبيره هذه المره مقارنه بالمرات السابقه,none
اوليمبياد ريو غريب وعجيب لا احد يسال لماذا غابت الفروسيه السعوديه وهي ثروتنا وعزنا ومجدنا عن الاوليمبياد ومن المسؤول,surprise
انهرضا جلسه قضيه الدفاع الجوي المتهم فيها سيد مشاغب و مصطفي طبله و 15 تانيين بقتل جمهور الزمالك ، ادعولهم ربنا يرفع عنهم الظلم و يصبرهم,sympathy
:  الثقافيه   عكاظ   سوق عكاظ  شرفت بمعانقه عكاظ شعرًا مع اصدقائي الشعراء المتدفقين   شكرًا عكاظ,joy
8884   قلوبنا معكم يا يا صقور المملكه ✌️️🇸🇦,sympathy
كاني سمعت ان فيه ناس داوموا اليوم !!!,surprise
العرض بتاع الاوليمبياد عظيم,joy
علي مبارك ابن ميتين الكلب,anger
عندي مرض اسمه خايفه اطلع السلم.,fear
ينتابني الغضب فاحتاج ذراعيك بشده مهما حاولت الافلات منكِ لاتتركيني ، اهمسِ لي بتراتيل الحب وقبليني وشدي علي بعناقك ليذهب هذا الغضب..,love
نتكلم كلام علمي بقي شويه .. هل تعلم ان شعله الاوليمبياد اذا انطفات يتم وقف المنافسات فورا؟ و هل تعلم انهم ياتون بها مشتعله من اليونان؟,none
10 ان الله يمهل ولا يهمل وحسبنا الله ونعم الوكيل في كل من تسبب لهؤلاء بالجوع والعطش اللهم اهلك الظالمين الحوثه وعفاش,sympathy
هو السيسي عايز بجد رجال اعمال تستثمر في مصر ولا بيشتغلنا ولا عايز شويه اغبيه تخسر فلوسها وتمشي ولا ايه بالظبط⁉️,anger
؟! انا كنت فاكره للموضوع هزار !,surprise
مبحبش ابين اني مضايقه والله بس بيبان عليا و بقلب وشي من غير قصد,sadness
واضح كده ان العالم كله بيحضر الاوليمبياد ماعدا انا حيث كده بقي اللي زي حالتي يجيب كرسي وييجي جنبي 😄,none
: في الجوله التحضيريه   دانيلو : هدف   رونالدو : صفر  مشكله رونالدو انه جا في زمن دانيلو    غرد كانك برشلوني,anger
انا ما حزني الا النازحين اللي هجروهم من قري حجه و وادي المغياله في حرض تركوهم كذا قالوا روحوا للسعوديه بدون اكل ولا شرب,sympathy
بس انا خايف اتعود عليكي..,fear
دائره  التوتر و : * في وقت الفراغ  يا الهي !.. انني لا افعل شيئاً في هذه الحياه  * في وقت العمل  انني...,fear
الرحمه اقوي من الحب .. فالرحمه تجمع بين الحب والعطف والتسامح والود .. كلنا قادرون علي ان نحب لكن القليل من يملك الرحمه في قلبه .,sympathy
خايف ترجع تلاقيني قلبي مبقاش بايديا,fear
: اميرهٌ انا فوق عرشك سيّدي . انثاً بين يديكَ ، وفاتنهً بمراقصتك . ♥ احبّك  يا عاشقي  بقلمي  خواطر  رومنسي  موسيقي يب…,love
عدينا مرحله السياسه والقتل والدين وحتي معاناه معيشيه بتاعت الشعب مبقاش يفرق حاجه ..الاحسن ننسحب بهدوء وخلينا كوبنا افتراضي),anger
: حينما تحب شخصاً .. تاخذه بكل ما له و ما عليه .. تاخذه بماضيه وحاضره .. اما ان تاخذ كل شيء او لا تاخذ ايّ شيء !,love
رغم ان الكابتن نايف الجدعي لاعب تنس ولكن خبر الاستغناء عنه صدمه للجماهير الاتحاديه اتمني من الرئيس الذهبي التفاهم مع اللاعب وارجاعه للنادي,surprise
اللهم احقن دماء المسلمين اللهم لنا اخوه في مصر لاتوليهم من لايخافك استودعت الله اهل مصر رجالها ونسائها واطفالها 💜 ثوره الغلابه,sympathy
قطر داخله الاوليمبياد ب 25 رياضي يعني فرصه اللي عاوز يسرق قطر البلد كلها في البرازيل 😃  OpeningCeremony  احمد الاحمر  البعثه المصريه,none
بحس بامان يملاني لو بنطق حروف اسمك ساعتها لو بموت ترجعلي روحي .  في حاجه نفسي فيها ياما حلمت بيها تخدني حبيبي في حضنك ويقف الزمان  سميره,joy
بزمتك دي رجل رونالدو ????????????,anger
يالا بقوا جزيرتين وعلم في الاوليمبياد...ده النمو الوحيد اللي شايفه لسعادتك,none
gllg   خايفه عليك اتغير ي اخوي 😭💔,fear
:     والله ان العشق في خيالي سالي  ومنزلك بالقلب والله اني حافظه  مجرد مشاركه   مشاكس,love
الله ينصرهم ويحميهم,sympathy
حُب من القلب لن يشيب وان شابت  وجوهُ الزمان,love
يعني حضرتك سايب الاوليمبياد والميداليات وماسكلي في مقاطعه اسرائيل؟ طب بتشارك ليه اصلا؟نعملك عالم عموله ولا حزب الله لسه بيبعت شهريات مثلا !,surprise
في بعض الاحيان احتاجني فلا اجدني ابحث عني بينكم فاعثر علي بقايا مؤلمه عثرت علي؛  دموع  وحده  خوف  شكرا كم انتم لطفاء ..,sadness
: لا تستطيع ان تستقيم بحياه مريحه نفسياً وانت تشاهد تلك المصائب التي يعيشها اهل ، حسبنا الله ونعم الوكيل، اللهم ارفع عنهم…,sympathy
AlRoomi4: اخر الكلام .. كل شيء بالشباب غيرمستقر وكل الوعود سراب بيع عقد العويس بثلاثين مليون لتيسير امور النادي الماليه..بيع العويس ب…,anger
ماشاءالله علي جمهور  نجوي كرم ???????????? اذا فُل ، معناته بس كاظم و نجوي لهسه نجح حفلاتهم نجاح ساحق و كل التذاكر انباعت ????????????  مهرجان جرش ????,love
عفيه ولد الملحه دعواتنا لله لكم بالنصر المؤزر,sympathy
لما تحس ان وجودك زي عدمه يبقي عدمه احسن ..,sadness
انا برضه من اول الاوليمبياد نفس الحوار دا في دماغي 😂,none
هزائمنا المذله في الاوليمبياد سببها اننا نرسل لاعبين يؤمنون بان  يا بخت من بات مغلوب ..لتغيير النتائج نحتاج الي تغيير التوصيات قبل السفر!,sadness
shobbar: كل من يتهجم علي القوات العراقيه ادعوه للالتحاق بالبغدادي وسوف تقصفه طائرات التحالف في معركه الموصل القادمه وتجعله عصفاً…,anger
السباااااااااااااااااااااااااق المنتظر من بدايه الاوليمبياد المره اللي فاتت تشاد لو كلو دهب مايكل فيليبس فضيه حالا قبل النهائي  Rio2016,none
H: المؤلم في هذا الامر ان الشعوب المجاوره للعراقيين منبهره بهذه الانسانيه .. و كان العراقيين من كوكب اخر .  الصدمه,surprise
الهدف من الاوليمبياد والمنافسات دي هو رفع اسم بلدك عاليا والمجد الرياضي وبتاع ، اللاعيبه المجنسين في قطر دول غرضهم الفلوس 😅,none
واحد انهارده ف الجامعه بيصالح حبيبته بيقولها انا ابن ميتين كلب متربتش بس بحبك وماليش غيرك انا : 😨😨,surprise
انا معكم من كل قلبي الصراحه انا عندي موبايلي بس انا فداء الشعب السعودي استمرو و و و و و و و و  اليوم 75 stc راح نفلسكم,sympathy
: نظام الحقير  بشار  الكلب تسلم جثمان سجين اهله بعد حشوها بالمتفجرات فتنفجر في مشيعيه (خسه ليس لها مثيل ).,anger
ياسلام بقي لو يعملوا منافسات في الاوليمبياد علي التعريص ونبعتلهم السيساويه اللي عندنا والاعلاميين بتوعه ... كنا نلم الدهب كله في ربع ساعه,none
Madaniah:  بوتين ينتقم من اطفال حلب ... ليس تمثيل ولاهو فلم رعب.. انهم اطفال سوريا .. الهدف الدائم لاجرام بشار وبوتين ..,anger
انقذوا اطفال السرطان ربنا يتولاهم برحمته في دوله الظلم,sympathy
: هو سلاسل وقيود ومع ذلك يحتاجه الكبير قبل الصغير الحب لايولد بل يخترق العيون كالبرق الخاطف 🎶,love
Alsharqi: بالتاكيد اعتقال هذا الكم الكبير من علماء الدين  الشيعه في  البحرين ليس مشروعاً رسمياً لفتح حوزه علميه في السجون!,anger
: 📍الحب !! ماهو الا احساس تملئه العاطفه الجياشه وهي داخليه غير محسوسه .. والشيء الغير محسوس نعتبره بعض الاحيان  لا شيء,love
عيب الاوليمبياد انه مفيهوش منافسات للعبه صيادين السمك,none
خايف اوي 😓,fear
: علي الجفري يضحك علي اتباعه فيخلط بين حب الهدايه للبشر وبين حب اعداء الله من اليهود والوثنيين.فيؤكد حبه لليهود قتله اﻻنبياء  سفيه…,anger
والله جد خايفه ماش.,fear
اكتر حاجه حبتها في الاوليمبياد رفع الاثقال,none
محدش هيهتم لو رجعت البيت دلقت جاز علي جسمك الهالك وولعت مليت الحوض اخدت منوم وغرقت ..,sadness
9 كل سنه وانت طيب ياصاحبي وعقبال 100 سنه ويارب سنه سعيده عليك وتحقق فيها كل احلامك ❤✋,joy
كل كلمه هنا صح!,surprise
IINM8: خايفه يبرد شعوري لك وما عاد اشتاق خايفه يمر الوقت بدوني واحد يمليه لك خايفه قلبك ينساني وتحب غيريِ..,fear
من القلب اشد  الما و قسوهه  من بكاء العين ف كثير من الاشخاص تبكي قلوبهم في صمت وعيونهم هادئه ...   يشعر بـالحزن,sadness
otyf:  انقذوا حلب تبكي اسي تلك العيون والخوف ينهش والظنون تبالمن قتل الطفولهثم انتم تنظرون ياويحكم يامسلمون لك الله يا  تبا…,sympathy
مصر رجالتها في الساحل و البنات في الاوليمبياد,none
احنا المفروض ناخد الميداليه الذهبيه في الاوليمبياد اننا اكتر دوله بتودع الاوليمبياد,sadness
هي التكاليف دي تتذاكر ؟!!!!!!!!,surprise
بوست رياضي     بعيدا عن ان الزمالك يكسب الليله او الاهلي يخسر اهم حاجه العرب ماخدوش ولاميداليه لحد دلوقتي في الاوليمبياد  فرحان فيهم,none
كس ام الاوليمبياد انا عايز البريميير ليج,anger
مساك اروع,joy
من رضاء بـ الحُب يكفيه التغاضي..,love
عفاش النذل الحقير يترك قواعد التحالف في العند وكرش ويتجه لقري وعزل الحجريه .. ليحرق الاطفال ويرمل ويغرب النساء  اليمن  تعز  صنعاء  عدن  مارب,sadness
عندما شاهدت افتتاح الاوليمبياد امس ،تذكرت احلامي عندما اعلن عن فوز قطر بتنظيم كاس العالم لكره القدم 2022,none
حاجه بستفز منها الاطفال التبته : D,joy
بجد السواد والحقد! طب الاسلامجيه وعذرهم معاهم، انما دول ايه انا مش فاهمه! عايزينها تفضل خرابه عشان نفضل نسبح بحمد مبارك !,surprise
ربي يعينكم ويحفظكم ويسددكم ودعاؤنا لكم بان يحفظكم الله من كيد الاشرار ومكر الفجار,sympathy
قصص الرعب دي كلها خلتني انام و النور مفتوح و دايما خايفه و رغم كده محرمتش اسمع الرعب و هكمل اسمع قصص الرعب  عيد ميلاد كلام معلمين,fear
:  انام وفي القلب ثقب كبير فاوهِم نفسي باني انام...واصحو وفي القلب خوف عميق فامضغ في الصمت بعض الكلام .,fear
مدري لمن اشكي عذابيوالالام ~,sadness
يا جدعان محدش يعرف قناه بتذيع الاوليمبياد غير bien,none
الزبده انا خايفه من الكيمياء :(💔,fear
Hamza ربنا يتولاهم برحمته ويهيئ لهم من امرهم رشدا اللهم اميييييييييين، اللهم اميييييييييين، اللهم اميييييييييين،,sympathy
انا اقدم عاصمه للحزن,sadness
الي قواتنا الامنيه وحشدنا المقدس :   قلوبنا معكم وعين الله ترعاكم  ردا علي اكاذيبكم,sympathy
عمر ده ما كان شكل مصر في الاوليمبياد وكنا دايما بنرجع بميداليات ف مختلف الالعاب .. منه لله اللي كان السبب ..,sadness
سعيد بهري الاوليمبياد ع فكره ... حلو والناس جميله في متابعتها.,joy
: قـال لهـا: احّ ـّـٌٍ❣ـٍّبّكَ قالت : وما هو الحب عندك وما معناه اجابها :  عندي عفه وحياء كـ حب علـي والزهراء 😳🌹…,love
: تصريح خطير لاحد النواب لا نعرف مدي صحته لكن علي وزاره الداخليه تحقق فيه وتحاسبه كما تحاسب المواطن علي تغريداته ..,surprise
فعلا ماحدي بيسلم من الخنائه كل يوم هههههه,joy
عندنا قوات خاصه ممكن تنشن علي الدبانه تقتلها ازاي مفيش استغلال لقواتنا ديه بلاعب اوليمبي يجيب ميداليه في الاوليمبياد !!! نعم لعسكره الرياضه🙈,none
? ?مساااااااء الخيراااااات??,joy
حتي القلم يبكي ويشكي ويزعل ما زٍد رضي يكتب لقلبي شجونه,sadness
لا شيء اقسي علي النفس من رائحه الاحلام وهي تتبخر .,sadness
:     hilali rare اسامه كويس بس اعتقد ان الانسجام مع الفريق او فكره مشوش قليلاّ,sadness
يتلاشي ظلمه الاحزان حين سماع صوته فهل لي ببعض الامل لكمل حياتي ........ معه فانا اعشقه  احبك  عشق  صباح  بوح  وله,love
محمد خير كلامه بيعجبني من زمان اصلا. بيفكر شويه وبيتانّي وبيعمل ضميره، مش مجرد غوغائي محترف تهييج حافظ كلمتين كبار,joy
اليوم عيد ميلاد المبدع العظيم صلاح جاهين ،،الله يرحمه،،,joy
: وليس للحب ارقامٌ يُحدّ بها ولن يقاس الهوي يوما بمكيالِ فاجعل فؤادك كوْنًا لا حدود له وارْبــَا ْبنفسك عن ( قيلٍ وعن قا…,love
الحُب دُعاء.,love
دايما قصص الاوليمبياد ديه بتكون ملحميه،، عموماً,none
الناس اللي بيلعبو فروسيه في الاوليمبياد دول تحس انهم من ايام نابليون بونابرت الحمله الفرنسيه,none
تركي العواد يسيء للسعوديات اخلف الله علي ام سمينه تراكمت عليها الشحوم وانجبت رجل سخيف مثلك ...,anger
الاوليمبياد جايه من نادي الاوليمبي السكندري و اللي عملها محمود بكر الله يرحمه,none
افتتاح الاوليمبياد مباشر دلوقتي حالا علي Nile sports و Dubai sports للي عايز يتفرج  Rio2016,none
ذي الفتـره جايني خوف من اياامي الجاّيه،شعُـور غـريب عاجـزه اتجاهلـه بسهُـوله!..,fear
احس اني خايفه اروح اكثر من اني خايفه من الاختبار💔,fear
لان المجاهدين في العراق ارهابيين (تنظيم دوله ) لايعترفون بهم مو مثل سوريا فيها فصائل معارضه مصادق عليها امريكيا,anger
مابحبش اللي بيعاملني بمجامله,anger
عارفين قطر اللي كنا بنتتريق علي عدد سكانها ؟ ومساحتها ؟ شوفوها بتعمل ايه في الاوليمبياد باه واحنا ال90 مليون نسمه ومليون كيلو متر بنعمل ايه,surprise
Alshelaimi  لو كنتم رجال لراينا ذلك قبل عام ونصف اما الان  انتظرنا  فالبادي اظلم حفرتم قبوركم بايديكم يا نعاج الخليج  والله حسبنا,anger
نيشيكوري بوظ عليا الاوليمبياد كلها النهارده :D,none
29: يا اخي قول يمثلك يمكن شباب الخليج احق بتمثيل انفسهم مش محتاجين الي رعاع القوم يمثلونهم  كلنا ضد مريم بيفور64,anger
انا خايفه اذا حذفته بقدرش ارجعه😢😢😢,fear
اتابع رياضتي المفضله في الاوليمبياد كره الشاطئ النسائيه 😍😂😂,joy
فكره اني هصلح العجله و انزل بيها في الاجازه مع صاحبي مسيطره عليا من الصبح  و فرحان كان العيد بكره الواحد اتهبل والله,joy
10 خايفه اضيع بعد😔😂!,fear
الحاله النفسيه الزفت دي هتموتني قبل ما تخلص و افوق منها,fear
هيا مصر مش ناويه تفوز في اي لعبه في الاوليمبياد كله خساره خساره مافيش فوز 😤😤,sadness
طب م نيمار ف الاوليمبياد بتكلم عامهً كده ولسه جوميز,none
قال لي اُحبك بشكل جميل .. حتي انه لم يعد يهمني لو لم يحبني احداً من بعده.... ❤ 🌷,love
:  رساله لجندي عراقي ليتنا كنا معكم 💕💎,sympathy
قطر خاشه الاوليمبياد ب25 لاعب .. اللي يبي يخنب قطر يستغل الفرصه الشعب كله في البرازيل 😂😂😂😂😂😂,none
ميداليتين برونز في يوم واحد من رفع الاثقال وتفوق واضح في اللعبه من ابطالنا في الاوليمبياد البرازيلي شيالين حمول من يومنا,joy
اه يا مرارتي.,anger
تفتح التلفزيون تطلع لك خميس الحديدي   قصه قصيره مرعبه,fear
الماساه الحقيقيه ان مصر بتشارك في الاوليمبياد من التلاتينات باين... كسم الميدكورتي المصري ابن المتناكه في الدم,sadness
عايزين نهتم شويه بخروج حماده طلعت بفضيحه من الاوليمبياد ابن الهرمه طالع المركز 38 باين احا هو انت كنت بتنشن وانت مغمي عينيك يا عرص,anger
مريم حسين جعلك السرطان اللي يفتت عظامك ااااااااااامين  كلنا ضد مريم بيفور63,anger
مش كل مره تتقمص وتمشي  بدل ما تمشي طمني !  انا بخاف ! بخاف يا عمر  ..   حب البنات ????????,fear
ziad: لو  عكا بتخاف من هدير البحر ما سكنت عالشط  ????,surprise
Jaleel: لمَّا يُناديها تَذوبْ، بينَ يَديهِ ولا تَخافْ. .. ْ,love
مش بتحس بمعني الحقيقي للكلمه اللي بتوجع💔 غير لما حد يدوسلك علي حاجه وجعاك 😢ولا حد يملس شيء من اللي تعبك ومداريه😒,sadness
خايفه بعدين تتطور حالتي ويصير مالي خلق حتي اتنفس,fear
وشن حيصير في درب التبانه لو انا توا قاعده في ريو دي جانيرو لعند نحضر الاوليمبياد ونروح؟💔,none
RoQa: ياريت متحكمش علي حد وانت متعرفش في ايه جواه لانه اكيد مش ناقص كلمه او رد فعل منك يزود همه ✋ تجوز ع اللي موجوع ومبي…,sympathy
لِكُلِّ مَنْ اِسْتَيْقَظَ وَقَلْبُهُ لا يَحْمِلُ اِلَّا  الحُبّ ❤😍 صَبَاحُكَ  اِبْيَضَّ مِثْلَ طيبهه  قَلْبُكَ  🙈🌼🍃,love
سواء محمد او كريم واضح انهم مكسورين لكن محمد قوي وقادر يتماسك علي الاقل قدام الناس ، ربنا يصبرهم ويغفر للساحر محمود…,sympathy
الاخ اللي كان رافع علم السعوديه في عرض دخول البعثه المصريه في افتتاح الاوليمبياد,none
من في الاوليمبياد في كره السله اعظم من مانو جينوبيلي؟  بالتاكيد لا احد 👏👏👏👏👏👏👏👏👏👏👏👏👏👏👏👏👏👏👏👏👏👏👏👏👏👏👏👏👏👋👏,joy
حسبي الله ونعم الوكيل فيه...ضيع جيل ومتتخب كان ممكن يعمل حاجه في الاوليمبياد,sadness
كان نفسي اتولد مخلص ه تعليم..,sadness
اهلنا واخواننا في  حلب والله ان قلوبنا معكم وندعوا الله بالفرج العاجل والنصر القريب بحول الله وقوته.  حلب تنتصر,sympathy
مش كان زماننا بنلعب ف الاوليمبياد دي بمنتخب انستجرام,none
هي ماتشاتنا في الاوليمبياد مش متذاعه لييييه ايه التخلف ده...شفرتوا كل حاجه حتي الاوليمبياد,anger
i9: زياد فاز بالمركز الاول ك اعلي تصويت في مسابقه  فوكس تطور ، الف مبروك وراك جمهور ومحزمٍ مايرتخي يازياد ❤️,joy
في الغالب وبدون تدخل من وزاره الشباب والرياضه لو فيه في الاوليمبياد ميداليات لتعديه الشارع .. عبور الطريق.. بالفصحي كنا حناخد الدهب,none
اري حب اولادي العظيم لامهم انها الفطره ثم اانظر الي من حرموا عطف الام وحنانها وحبها فقد فقدوا اعظم شيء في الوجود اللهم ارحم امهاتنا,sympathy
😲 يا الله,surprise
كوسوفو بتاخد ميداليات في الاوليمبياد والعرب مفيش اي اداء في اي لعبه,sadness
الارقام القياسيه العالميه بتتفشخ في الاوليمبياد .. هي والفرق المصريه!  ريو2016,sadness
علي فكره جوادلخارا استقبل 8 اهداف في اخر مباراتين .. نص الفريق ذهب ل الاوليمبياد,none
بتاع جزر فيچي افتكر نفسه تقريبا رايح يعمل عمره مش رايح الاوليمبياد,none
: مزقني الحب ك قميص يوسف ، رمي الظلم علي قلبي فلم يعد بصيرا .  بقايا من روحي,love
الوَجَعْ .. انّ تكُونْ الامّنيَهْ والخَيّبَه تَوامَانّ لا يَفّترِقَا  شعر  حزن  الم  مواجع  بوح  خواطر,sadness
AHM الخبل الي يصدق قحره ياخي خلو عندكم عقل اليمن كله بر وجو وبحر محاصر يلعب عليكم يقول دخلنا شغلهم من بعيد في الكهوف,anger
علي وفاه شخص عزيز يبدا كبيراً ثم يصغر بمرور الوقت ، ولكن افتقاده والشوق اليه يكبر يوماً بعد يوم .,sadness
؟؟؟ انا افتكرتها مرتضي منصور,surprise
اه، ده حتي ما بيتكلموش عن المواد اللي بيذاكروها.. انا خايف لا يكون حصلهم حاجه,fear
: وحده الله يعلم عن حجم  انكساراتي💔 وحده الله يعلم عن حجم اتكاء وهو جاثم علي قلبي   وعن  الحنين الذي يتنهد في  صدري كل…,sadness
الحمد الله.. الحمد الله.. الحمد الله انفك الحصار عن حلب بفضل الله و همه الرجال .. لا مجتمع دولي و دول داعمه و...,joy
الصلاه والحب.. كلاهما دون طهاره باطلان.,love
طب اناخرجت الاسبوع اللي فات بميت جنيه و كانت خروجه حلوه انا خايفه اخرج النهارده :      (,fear
الواحد كان زمان بيستني الاوليمبياد عشان يشجع فريق اليد بتاع مصر .. المره ديه لا وقت ولا نفس لاي حاجه من كده,sadness
ع اد افاتارك هيكون الحك معاكي  احترمي نفسك الاول ومحدش هيجي جنبك سامع صوت بيقول الافاتار حريه شحصيه والحك برده حريه شخصيه ✋,anger
9o ???????????????????? تخلع مين ياعباس  روح نام الله يصلحك وخلي عنك الكلام الفاضي  ماادري مين ضحك عليك ???? والمصيبه انك سلمت عقلك لغيرك,anger
امينه متابعه الاوليمبياد و مظبطه تايم لايني والله❤❤,joy
الانثي لا تبكي علي رجل او غيابه ! بقدر ما تبكي علي { قلبها } وعلي نبضٍ زرعته في وريدها .. و حصدته خيبه,sadness
: يقولون بِـ ان  الحُب قدّر و  الفُراق قدّر فـ لماذا لا ياتي  النسيان علي هيئه  قدّر ايضاً .!,love
الينت ايه غير رقه و نضافه,joy
نحن قوم بائسون اعيرينا ابتسامتكِ مرهً اخري نمرر بها الثقيل من الايام ، و نتخذها درعاً امام بشاعه العالم.,sadness
الارجنتين تهزم الجزاير 2   1 في كره القدم رجال ، و الجزاير تغادر الاوليمبياد,none
: شنط السفر مفيهاش مكان مليانه خوف من المصير,fear
هو صحيح فيه لاعب من البعثه المصريه في الاوليمبياد رفع علم مصر؟ ايه السفاله دي؟,anger
: كلنا سلمان نفديك بكل ما نملك   قروب شباب الوطن,joy
اعمل جدول وما امشيش عليه    قصه قصيره حزينه,sadness
مـن يهتم بك اجعل قلبك وطناً لهہ ..!,love
عقيده الاخوان هي     بان كل شي مع انه كنت احسبهم مخلصين وثاريهم خرطي تجار دين ????,anger
حسبنا الله ونعم الوكيل حلب..حيث تذبح الطفول,sympathy
558: دَعنِي احبكَ مَرهّ اخّري اعانقك كَ اول َ مرهَ نَرتدي الفرح كما كنا   بَعيدا عنهمَ  بوح,love
الاوليمبياد دي فيها بلايستيشن؟,none
يا خيبه وفودنا الرياضيه في الاوليمبياد.,sadness
خايفه من اليوم بس بنفس الوقت ابي اسوي هالشي وارتاح,fear
تغريدات| يوسف الفضلي: يعتزل بعد عطاء اكثر من 25 سنه مع منتخب  الكويت ????,sadness
اغضبي بصمت في كل شيء ،، الا في الحب .. اغضبي باعلي صوت . . .,love
ميدو، انا عايزه اشارك في الاوليمبياد، دلوقتي، يلا دلوقتي,none
alashwak هذا اللي خايفه منه🙃,fear
طبعا في اساتذه في تبرير الفشل والكلام عن التمثيل المشرف في الاوليمبياد لكن للامانه دوله وحكومه تبيع ارضها وتتنازل عن نيلها هتهتم بالرياضه؟,sadness
بلغوها اذا اتيتم حماها انني مت في الغرام فداها واذكروني لها بكل جميل فعساها تبكي علي عساها  شعر  فرح  حب  حزن  خواطر  عتاب  بوح  قصيد,love
لست خائفهٌ من الموت لكنني اخاف ان اترك الحياه التي لازلت احاول ان اعيشها.,fear
انت عارف ولاد الوسخه ليه مش بيموتوا ؟ عشان الوسخه ولاده !! XD,anger
اشوف الاوليمبياد علي قناه ايه يا جماعه؟,none
: واستقبلتْ قَمَرَ السَّماءِ بوجهِها فارَتني القَمَرَيْنِ في وقتٍ مَعَا  المتنبي  عيون الشعر  ابيات خالده  غزل  شعر غزل,love
يا جماعه الليل بالشتا مخيييييف 😂💔 هدوووء مخييف جدا واي صوت بالشارع لو هو صوت مشي اسمعه,fear
كفو يا طيران الامارات ???????? و الي الامام,joy
الاوليمبياد،، يعني ايه اوليمبياد 😂😂😂,none
الكويت جميله وكل ما فيها جميل ،  طبعا بعد اهلها الاكوس من الكويس ????????   شنو يعجبك بالكويت وفاء اهلها لها ✌,love
انا لحد النهارده لما بابا بيسافر بكون مضايقه/خايفه فشخ ومش بعرف اكل وانام لحد ما يرجع وبفضل اعيط : D,fear
مصر تحصد المركز ال 67 في الاوليمبياد حتي الان من اصل 77 دوله حصلوا علي ميداليات. بواقع ميداليتين برونزيتين فقط. !! خيبه امل كبيره 󾰑󾰕,sadness
: (ياتي علي الناس زمان خير مال الرجل المسلم الغنم،يتبع بها شعف الجبال ومواقع القطر، يفر بدينه من الفتن)حديث صحيح   هل نقول…,fear
انا ما خايفه الا من 2017,fear
ام تفاجئ ابنها وتزوره في ثكنته العسكريه  مؤثر:   via,sympathy
: البنت دايما خايفه !! خايفه تحب اوي ف تتساب خايفه متبينش حبها فتخسرك خايفه تحكيلك ف متسمعهاش وخايفه تخب فتعرف وتبعد خليك…,fear
0: من قساوه هذه الحياه . انسان يواسي ؛ الجميع ويظل وحدهه !!  شطر,sadness
ربنا يصبرهم و يرحمه يا رب,sympathy
والله انا كل ما اشوف الناس بتتكلم عن الاوليمبياد الاقيهم بيحكوا ان ولدنا بينداس عليهم للاسف 😎,sadness
النيل واخده الاوليمبياد زي ابو ظبي ودبي وباقي القنوات العربيه ... اتفرج علي مستوي تغطيه النيل للاوليمبياد وهتعرف ان العيب في الاشخاص,none
واحده مصريه اخدت بطوله في الاوليمبياد,none
مادام طلعت حركه مباحه في الفيلم يبقي مفيش مشكله ان العدائه تكسب السباق في الاوليمبياد 😀,none
😂 اللعبه الوحيده اللي عدلين فيها مش في الاوليمبياد مفيش امل,sadness
: ايا حلما يراودني وباب امل يعانقني تهيم طيور اشواقي تتسارع نبضات فؤادي للقاء يجمع قلبينا علي ارائك الحكايات  قروب شعله ا…,love
احبك وانت كده,joy
عيد ميلاد عبدالمجيد عبدالله عيد ميلاد الحلو ممنوع حد يزعلو  وارقص وارقص ????????????????,joy
.. رياض !! رعونه من محرز !!,surprise
بعيدا عن الطقطقه غريب ان نادي بحجم الريال عنده طاقم طبي بهالسوء 5 لاعبين مصابين بوقت واحد؟؟,surprise
انكسر في القلب ما لا يمكن ترميمه 😭,sadness
دخلوا الاسكواش في الاوليمبياد واتفرجوا ع مصر، هاتوا مضرب وعدوا الذهب يا كوكب معرفش يغلبنا 💪💪  Rio2016 🇪🇬🇪🇬,none
: لا رحمه ولاشفعه  ولا نوبل ولا يحزنون وياريت ماحدش يعلق ع التغريده دي  اتفرجوا وخلاص.   حاجه تقرف  والتريخ مش هيسيبه htt…,anger
ايه الكلام دا !,surprise
احسني شوي خايفه يبنات,fear
: روح بيع وطنك بعيد ???? ، رده فعل رائعه لشاب علي محل يبيع ملابس وضع عليها علم  اسرائيل      الحياه ببساطه عزه ومبادئ     ????,sadness
: الي اطفال اليمن وسوريا.....  اخفضوا اصواتكم عند وان تبكوا .. ابكوا  بصمت لا  تزعجوا العرب فالعرب لا يحبون الا  الطرب  …,sadness
محمد شاهين   ليث المصري السادس  كنزه حبيبه المصريين كنوزتنا عايزينك تنوري مصر قريب وتحيه من مصر لاهل الجزائر,joy
:  نجران الان اهداء لكل حوثي من نجران الحبيبه ✌🏻️ بالله استمتع فيها مع هطول الامطار ي نجسس 👎🏻,love
: اللهم اني اسالك حُبّك ، وحب من يُحبِك ، وحُب عمل يقربني الي حُبك,love
والله : اني كل ما ذكرتك ؟ اكتم الوله واقول خيره.,sadness
فان كانت الاجسامُ منا تباعدت فان المدي بين القلوب قريبُ ٰ  جماليات  القريض  نمير البيان,love
ستانلي موقوف 😏😏وتقريبا اجاي فس الاوليمبياد,none
يعني يا ربي اول مره اتابع الاوليمبياد لاعبه القوس والسهم المصريه تضرب السهم بره اللوحه خالص ... الحمد لله انه مجاش في عين حد م الجمهور,none
:  بوح القوافي من لا تقوده فعوله للمكان الرفيع لو يرفعونه هل الامداح ما يرتفع . يبقي بقل العزايم في مكانٍ وضيع وتلقاه لا نافعٍ غي…,sadness
معجزه تكمن في عشق  العيون ☺,love
علي فكره احنا في  الاوليمبياد مش لاعبين وبس.. عندنا حكام كمان..  مدحت بكري حكم نهائي  سلاح الشيش  اعرفوهم,none
كل اللاعيبه من كل الجنسيات و الاديان بيسلموا علي بعض بعد الماتش في الاوليمبياد,none
: وانت مالك انت انت مال امك انت مال اهلك مال شكلك انت مش مشكلتك انت خالص مش موضوعك انت خالص مش حدوتك انت خالص  شوبير :D  …,anger
انا ضد ان اي حد يلاعب اسرائيلي في الاوليمبياد لانه بيعترف بيه و بدولته ضمنيا فكك من شغل المراهقه انه يسكبو و يفشخو و يهينه دي رياضه مش حرب,anger
MinaAtta on cbc  مينا عطا ايه دا بقا دا بقا دا بقا دا,joy
: لن اطلب من خالد العبيدي انقلاب ولا من العبادي تصفيه الفاسدين اطلب منهم فقط طرد قاسم سليماني من ارض العراق لانه نجس   اسولف بگلبي…,anger
انا خايفه انام بالغلط وتطلعلي مشاكل,fear
الاوليمبياد حلوه فالكوره مكنتش متوقع كدا قولت اشوف 10 دقايق في اليابان نيجريبا جابوا 2 2 اول 10 دقايق وخلصان 5 4 الجزائر خسرت 3 2 بشياكه :D,surprise
ياقلبي عليها 😔خايفه علي ولدها,fear
:   مجنون عايش بلا ليلي ????,love
: احنا بنفضل خايفين لحد ما نوصل للاحساس بالامان   المشكله بقي ان لما نحس بيه بنخاف اكتر ليروح مننا 😌,fear
شعوري فاق الحب والغرام شعور ماله اسم بين الاسامي احتلت القلب والهمت الكلام محدٍ يفوق بالحب حب  امي  7Nov  الكويت,love
ليس كل من قال   انا  احبك   صدق فبعض لا يحتاج للسان.. بقدر ما يحتاج لانسان .,love
kazzuz ممكن علي مناطق معينه,joy
:   sahrawiya     7     كتهربو من مشاكلكم  وتبغيو تشوهو المغرب????????  htt…,anger
38: شراشيح الاعلام ريهام السهلي اللي بتقبض ملايين بتسلم عليك ياشعب وبتقولك مصمصوا عظم مره  ف الاسبوع كفايهوجبه ف اليوم????????,anger
يمكن اني خايف لا ينسرق من سياره وفي نوع من الانواع الصقور يوصل سعرهم فوق 200الف دينار,fear
تحس لاعيبتنا ف الاوليمبياد داخله البطوله بمبدا ( عرفنا يبقي خير معرفناش يبقي لا يكلف الله نفسا الا وسعها ) فين ايام كرم حابر ميداليه ف جيبنا,sadness
ALHAMAD الله يعجل لهم بالشفاء و الصحه يارب رحمتك بعبادك,sympathy
ربي يحفظكم وينصركم يا ابطال :  قلوبنا معكم وعين الله ترعاكم ۞﷽ حصنتهم بمدينه سورها لا اله الا الله وسقفها محمد رسول…,sympathy
حبه برص و مليون خرص ????????????  بتحب السيسي عشان,surprise
مصر فاشله في الاوليمبياد وفاشله في الصعود لكاس العالم,sadness
فنّان مصري يفجّر  مفاجاه عن  فيفي عبده: «تحتفظ بالكفن في منزلها»,surprise
الاوليمبياد تفتقد فيدرر,sadness
النسيان جميل .😌 لكن اذا نسيت رمز تلفونك ..!! خلي جميل ينفعك ✌مساء الورد,surprise
: يا تحسين سماع اشاع... عنا رجال متل سباع... باشاره من دولتو... من خلي قناتك تنباع..  ع.م  تحسين مكهرب,anger
ارموهم في اعماق البحار حتي تشتت الامواج اشلائهم ..,anger
: ذبح وتدمير وفتك بكل انواع الاسلحه ، اهل يتحمّلون ما لا تتحمله الجبال ، لا مصيبه اعظم من مصيبتهم ، لا حول ولا قوه الا بال…,sympathy
ال متروقين اربعه امبارح ليهم عين يتكلمو بمناسبه ايه عايزه افهم !!!,surprise
وتلومني !! ليه اهجر الناس و اغيب معاد / اشوف ان الحبايب حبايب لا صـار من تهواه .. للغيـر ينساق خلهہ ترا في الحب مابهہ غصايب,sadness
انا ملاحظ ان المراه المصريه متفوقه في الاوليمبياد في الالعاب المعتمده علي القوه والعنف والشتيمه فقط..,surprise
ماتشات الكوره شغاله قبل افتتاح الاوليمبياد .. غريبه جدا,surprise
هيا الاوليمبياد دي هتخلص امتي عشان انا اتخنقت,anger
makkah  الشاورما القديمه حجا...وشاورما الشام بس دجاج بالرصيفه...وفيتامين بالكعكيه لزيزه ولو اكلتها في المطعم مرررره تمام...عنده عوائل,joy
اصبح كمؤامره حِيِكَ ضد قلبك...  مجرد احساس,love
يَا جَاهِلاً مَعْنَي  الهَوَي اِنَّمَا ... مَعْنَي  الحَيَاهِ  الْحُبُّ وَالانْجِذَابْ  الخيام,love
:   kuw والله الطلبه مساكين وين يسفط الواحد وفر له مسفط ومايخالف اعانتهم راحت للمخالفات ارحمو عزيز قوما ذل   …,sympathy
و عشان كده انا باحب الاوليمبياد عشان اللحظات اللي زي دي,joy
مسكين قلباً يحتري المجاهيل يـدق الحـب باب قلبـه ويخليه مع غايب الذكري وحيد الليل سلوته باقي بقايا حباً يسليه  شعر  بوح  فراق,love
اعاني من خوف مستمر لدرجه ابغا يصير اللي اخاف منه عشان ابطّل اخاف..بس اني خايفه.,fear
اشوف فِـ عيونك غناتي عن الناس واحس فِـ قلبك وفاء الكون كـلّہ💚  رتويت  رومنسي يبتي  بوح  خواطر  غزل  شوق  ذوق  صباحيات  جميل,love
فيصل الفيصل كيف قادر يستحمل مريم حسين ومياعتها يعني استغفرالله مياعه للقرف وهوا ثور زيها يعني ادا تحبها عقلها خليها تتستر وتبطل تتصنع ????????,anger
نهار  اسود مش ممكن اصدق والل اروح فيها,fear
احا ايه دا ؟؟,surprise
: لاتنسوا اهل حلب من دعواتكم اللهم فرج عنهم وارحمهم وغفر لموتاهم اللهم اميييين,sympathy
يتالم البعض عند قراءه بعض العبارات فكيف بصاحبها .,sadness
ياولاد الوسخه ده الاوليمبياد كانت جزء لا يتجزا من الحرب البارده .. ده احيانا كان اهم من حرب الفضاء بين روسيا وامريكا .. اتلموا بقي,anger
: الحب ليس بالجسد والتحام الاجساد بما يقوي هذا الحب ولكن شراره الحب كما اسمها من اثق فيه تكون احيانا قبل ان تلمس محبوبك,love
يمكن اكون مقصر معاكِ كصديق وما ادخل اكلمك يومياً بس صدقني اذا احتجتني بكون لك اقرب مِن اللي يكلمك كل يُوم.󾰴❤,surprise
هنعمل ايه لما مينا يسافر احنا هنضيع من غيره,fear
نتفرج ع الاوليمبياد بقا,none
وانا ليه اصحي الساعه 8 الصبح عشان انزل درس  .  ليه هه ؟ D :,anger
يا بنت دين الاوليمبياد,none
39: ♩♡  الحُب الذْ ان مرّ بالتلميح و نتبادله من عينك لـ عيني كان صوتك يا : حبيبّي ريح يقدر يحرّك كلّ ما : فيني !  ابيات…,love
مش مشكله مين اللي  غلطان المشكله مين ميقدرش يسيب التاني ...!!,sadness
زغروطه لـ رنا سماحه  عقب فوز شاهين بلقب ستار اكاديمي: زغروطه لـ رنا سماحه..,joy
عمر عصر يتاهل لدور الـ64 في تنس الطاوله بـ  الاوليمبياد,none
: انظر اليّ طويلاً دونما كَلِم .. فـ بالصّمت لا بالصوت مفضوح ..!!,love
: ربنا ينتقم منك و ما تموتش و ترتاح .. و تعيش مخذول متهان..زي مبارك حتي مش طايل الموت .. ان الله حق,anger
دي انجازات الدوله المصريه الاصدار الفلولي بارك الله في فلول مصر كلهم رجاله بيعرفوا يلبسوا قمصان نوم  تحيا ميسر,sadness
انا بحب الاوليمبياد اكتر م المونديال,joy
كان في اسئله جوايا لا ليها جواا  ولا رد,sadness
فيه زوجين يحبون بعض انجبوا غلا و شوق و هيام,love
بدينا الاختبار ست ونص خلصنا تسع وعشر كنت خايفه نطول بس الحمدلله تيسرت 💗,fear
لابد من نقل الحقائق ودعم قضيتنابكل المحافل لذا ارتئينا ان نساندقواتنا بالحرف معكم حتي النصرالقريب  EHS…,sympathy
اصبح العراق بين فكي كماشه شله مجرمين .. داعش من صوب و الحشد الشعبي من صوب ولا عزاء للضحايا,sadness
انت عايز تتناقش مع اهلك!,surprise
انا خايفه افتح ال App Store الاقي ال updates بقت بفلوس هيا كمان !,fear
الاطفال تقتلني الرحمه لطفله عمرها لا يتعدي الثمان سنوات تستيقظ لوحدها وتلبس لبسها وتذهب مع السائق بلا افطار ولا حتي ترتيب للشعر والسبب !,sympathy
اليابانين عاملين قلق ف السباحه ف الاوليمبياد وراهم استراليا واللي هتيجي بقوه المجر بعد كده  ريو2016  Rio2016,none
مكنتش عوزه اسيبك لاني كنت خايفه ،خايفه ابقي لواحدي، خايفه معرفش احب تاني بس للاسف الخوف اللي ضعيني,fear
99 لا مو ع كذا بس خايفه كلمه اختبار تخوف 😭,fear
جماعه حد عارف موقع live stream الاوليمبياد !,none
فجاه وبنص الامتحان ✋🏻 بلاقي حالي حافظه اغاني جداد 😂💔  الله يحميني 🙈,surprise
حقيقي فعلا لك كل الاحترم والتقدير روان,joy
متعه رفع الاثقال.. اكتر رياضه بابقي حريص علي متابعتها في الاوليمبياد,none
يا رباااااااه مالذي يحدث امامي,surprise
نفسي افهم فايده فرق زي كره القدم اليد الطايره المصريه ف الاوليمبياد ايه؟ واخدين نصيب الاسد من دعم الدوله ووملهمش تلاته لازمه بيخرجوا من,anger
ينشبك حلمك بحلمي.,joy
ilabeeb الموضوع خرج عن السيطره خايفه افتح الدولاب مثلا الاقيهم قدامي 😂😅,fear
انا لله وانا اليه راجعون توفي منذ قليل اسلام نجيب لاعب النادي الاهلي في كره السله بعد حادث سير 😕👋  الله يرحمه,sympathy
ان لله و انا اليه راجعون ربنا يرحمك و يسكنك فسيح جناته.. كنت و هتفضل مثلي الاعلي ✋  احمد زويل,love
: احب كل انسان راقي وجذاب   صدوق مع نفسه ونفسه رفيعه,joy
رحم الله الامير تركي بن عبد العزيز شقيق خادم الحرمين الشريفين انا لله و انا اليه راجعون,sympathy
Diva1 خوفتني وجدان بالصور خلاص بطلت الم شعري 😂 خايفه عليه,fear
احتفال الاوليمبياد والصور اللي عرضوها بتاعه الاحتباس الحراري للعالم اللي صورتها ناسا تقلق فشخ والواحد لازم يخاف م الموضوع ده  يلا ريو,fear
كل ماتفرج ع الاوليمبياد افتكر ان في اكثر من 70 الف شُردوا من بيوتهم والشرطه قتلت اطفال الشوارع وحاجه يعني (السعاده/ العداله ع اكتاف الفقراء),anger
منتخب اليد بيلعب في الاوليمبياد مع سلوفانيا وشغال علي نايل سبورت ..  احمد الاحمر  Rio2016,none
: اذا لم تستطع اسعاد شخص تُحبه، فادعُ اللهَ ان يسعده، فهو اعلم بمواطن اسعاده  مصلحون  Moslehoon  الدعاء  السعاده,love
غودوني وعلموني هوااك.,joy
hosny: انا مش خايفه اموت ، انا خايفه من ربنا و خايفه اقابله .. خايفه احصل كل الناس اللي بتموت دي و انا معنديش عمل صالح يشفعلي.,fear
شكل بركه الرنوشيين اتحولت للمشاركيين في الاوليمبياد بما اني رنا تعبانه اليومين دول,none
مو بس احبك ..انا والله من حبّك احب حتي ثري الارض اللي تاطاها ❤️ طلال الرشيد  وفاء  شاعر  شعر  شطر  بيت  بوح  اقتباس,love
منتخب الطائره خرج من الاوليمبياد بفضيحه ..والوزير لسه قاعد هناك,sadness
مفيش اكونت بيتابع كل المصريين اللي في الاوليمبياد بس ؟,none
انا مش متابع غير منتخب مصر للهاند في الاوليمبياد والحمد لله بتفرج علي ساعه عجن لو اتفرجتها علي cbc sofra هيبقي احسنلي وافيدلي,none
:   نعم صدقت الاف الخريجات والخريجين عاطلات وعاطلون نعاني جميعا من البطاله والسبب فساد وظلم وزاره التعليم والماليه…,anger
صباح جديد علي اهلي في تويتر,joy
ديل بوترو اخرج دجوكوفتش والان يخرج نادال من الاوليمبياد ديل بوترو يبكي,none
والله كل الصدف دي !,surprise
ومال بقت معيده ازاي بس,surprise
تعالي علي زوبري يا شرموطه,anger
:   اللهم اعز الاسلام والمسلمين .. وخل الخطوط السعوديه تكفر شوي عن سلبياتها ????,anger
Hannawi بس انا خايفه ان الجامعه ترفض لان احنا تبع الملحقيه,fear
7l1 خايفه يذبحها الجوووع😅,fear
ip7     DEMASHQ    اتعلم لماذا كان الهالك فهد يحالف نصاري لبنان ضد السنه لانه كانت صاحبته لبنانيه,anger
اتفرجوا علي لاعيبه مصر في الاوليمبياد يا جماعه :D,joy
ايام ابتداءي يعني المتعه و الهلس (كوره/7طوبات/المنديل/بيوضه) الواحد مكنش بينزل بفلوس . وترجع هدومك متبهدله من كتر اللعب... عيشه  تانيه ♡♥: D,joy
لامؤاخذه بقي.. وسيله المواصلات المتاحه في مصر دلوقتي هي السيسي ....كله يركب العرص السيسي ..والتذكره باجر رمزي او مجانا ....؟؟؟؟؟,anger
لـنْ اثـق بقـصصْ  الحـب ❤ حـتي تتحـقق قصـه  حُـبي 😍,love
النهارده في بطوله جديده هتدخل دولاب بطولات نادي الزمالك,joy
MT94: لا تكذبوا علينا يا منافقين داعش ليس جسم غريب علي المجتمع السني ولا مخلوقات فضائيه ، داعش تاسس في اول اجتماع لاصحاب السقيفه  الح…,anger
والي بعملوا ما الو علاقه بالجهاد. .وبمعني الحديث انو لو الكعبه تنهد حجر حجر وله تراق قطره دم مسلم  والدين منهم ومن فكرهم براء.,surprise
حدیث  العیون یفوق جمال حدیث اللسان الف مرھ /~,joy
مبحبش حد يقرب لحد بحبه,fear
منافسات كره القدم في الاوليمبياد هتبذا بكرا,none
هذا ايسكو اللي نعرفه ولا غيره 🤔,surprise
مغصوبين ع الحجاب كان الله في عونهم,sympathy
ان شاء الله اللجنه الاوليمبيه هتدرج رياضه التعريص ضمن الرياضات الموجوده في الاوليمبياد وهييجي اليوم اللي مصر تكتسح فيه الدهب بدل الاهانات دي,anger
مصر في الاوليمبياد احمد النمر شارك في القوس والسهم في جوله الترتيب واحتل المركز 51، وهيلعب في دور الـ64 ضد لاعب استرالي ترتيبه 14,none
ي رجال فريق فيه روني وفيلايني مستحيل يفلح بطيء فضيع في اللعب واذا استلمو الكوره يجلسون سنه يديورون وتموت الهجمات,anger
rm: كُلما هممت بِعناقِكَ : قفزت من قلبي قصيده..!  غَــرام,love
هو عامه اهلاوي ولازملكاوي هو اعلامي كويس فشخ,joy
مُرعب ان اُحبّك في موضِع هَشّ كهذا العالم ! .,fear
محصلتنا في الاوليمبياد 2 برونزيه والباقي لم ينجح احد ولا لسه برنوزيه كمان ولا ايه,none
وراء كل خوف ، ذلك الشخص الذي تريده ان تكون .  الخوف بيخاف,fear
دا احنا المنشطات عمله معانا شغل النهارده في الاوليمبياد 🚬🚬,none
Z1911 ولا بيفرق اي حد الكاميرات عليه بيتكلم ويقول ويعيد ويرجع يكدب والاعلام لمؤاخذه بيعرض عليه :/,anger
ما هذا الالم 💔!,surprise
امممين💔😢من دحين خايفه,fear
تركي العواد يسيء للسعوديات  كل من اراد الشهره قام يسب في بناتنا  كان  اللي ربته اوروبيه   اقووول لهم   ما ضر السحاب نبح الكلاب,anger
وفيَ داخلي وجعَ مؤذيّ ، وحَنينُ اخِرَسٌ وهنُاك خّيبه ، والكثيرّ منُ الياسَ مَمزوجَا بتبلدٌ ، افقدوَنيُ لذه الحّياه 📩✍🏻️,sadness
نهايه المباراه بخساره مصر وتوديعها الاوليمبياد!!,none
ي لبيه ي شمر 😍❤️  عشششق,love
الحُبّ رزقْ ، يهبهُ اللّٰه لِـ منْ يُحبّ ..♥🍃,love
مجتمعنا تحديدا الطبقه المتوسطه بتنفخ  الاطفال من سن 4 سنين في النادي لاي لعبه ايا كانت، ودا معناه اننا مجتمع  اوليمبي كمان.  الاوليمبياد,none
انا عامله excel sheet اقسم بالله بعد اللي حصل مرعوبه افتحه 😂🙌🏼,fear
والله بعرف😅ما قصدت الاوليمبياد فيها. انا الي عندي عالتايملاين كلهم بحكواعن الاردن و قاعدين بباركوا للملك و الملكه مشان هيك كتبت,none
وناس مكنتش تتوقع انهم ممكن يقفوا جنبك ..مكنتش تتوقع انهم ممكن يكونوا قريبين منك ..مكنتش تتوقع انهم ممكن يدخلوا حياتك في الاساس.,surprise
:   وطول ما النحس قاعد علي الكرسي ما نترجي منه خير نسال الله ان يزيل الغمه عن مصر و اهلها,sadness
ما شَمِمْتُ الوَردَ الاَ زادَنيِ شَوْقاً اِليِك واذاَ ما مَاسَ غُصْنٌ خِلْتهُ يَحْنوُ عَليِك  رباب الكلم…,love
: لقبورهم الرحمه والسلام يالله .,sympathy
حتي الشباب يسرقوا في صور بعضهم,sadness
هات كده الترددات بتاع القنوات اللي هتذيع الاوليمبياد,none
:   انتو اهلنا وحالكم حالنا الصبر يا اهل سوريا الفرج قريب باذن الله,sympathy
دلوقتي جاي بتلعب علي الي خبزك وعجنك !,surprise
مش عايزه اصاحب حد ولا عايزه حد جنبي فعلا  لاني زهقت من البعد صحوبيه ايه الا تخليني اتصل بيكي مترديش تشوفني مخنوقه  ولا مدايقه صحوبيه ايه !!,sadness
انتِ لي كل الفرح وانتِ لي اجمل شعور✨❤  رتويت  بوح  خواطر  رومنسي  غزل  شوق يبتي  جميل  رائع  صباحيات  ذوق  صباح الخير  كلام حب,love
وخلاص بتخلص الاوليمبياد وماطلعناش منها غير ب 3 برونزيات ايتام بعثه فيها 150 شخص ورايحين البرازيل وهازين طولهم ع 3 ميداليات برونز ~ ~,none
اسلام الشهابي بطل مصر وافريقيا في الجودو هيلاعب بكره واحد من الكيان الصهيوني في الاوليمبياد ، المرجح انه هيخسر الواد التاني رابع عالم للاسف,sadness
love كوماوا ع التعاطف😢💙,sympathy
صباحك ورد وياسمين لاحلي ياسمين,love
ساره سمير فخر مصر في الاوليمبياد ....... تسلمي,joy
وجه الشبه بين ابن سلول والنفيسي 11.وفي كل مناسبه يكون لهم فيها مشاركه الا وخرج لنا الاخوان المفلسين بكذب يشيب منه الراس  للقدح في الامارات,anger
احنا حاطين املنا فيكو ...متخيبوناش بقي  منتخب الطائره في الاوليمبياد,fear
حتي انتم يا المدافعين فيكم نفس العله، تؤيدون المشاركات في الاوليمبياد لكن بنفس الوقت تستعيبون الشيء لانفسكم,none
كفوووو شاعر ماشاء الله,joy
من اصعب الحالات ان تتعرض للاهانه بعملك وتسكت ولا تقدر ترد خوفاً من خسران العمل. 😔,sadness
صباح الهناء عوده حميده ????,love
Jooriy   ماقدرت اكمل المقطع علي طول توترت عندي فوبيا من المرتفعات ؛(,fear
: عادل العتيبي.. من الجنديه في الحرس الي دكتوراه في الطب تميز يستحق الاشاده    سعودي يرفض الجنسيه الامريكيه,love
اتفرج علي الاوليمبياد مسليه اكتر,joy
والله شي مرعب,fear
ما هي البطوله التي يستحقها ...هزيمه من لاعب اسراييل وكمان عدم التزام بلواءح الاوليمبياد .... خيبه وويبه  اسلام الشهابي,sadness
عليٰ بحّه صدي صوتك يزين الصبح في عيني ♡💞  رتويت  صوره  بوح  خواطر  صباحيات يبتي  غزل  شوق  رومنسي  ذوق…,love
المخلوق السيسي شئ من ثلاث اشياء 1   اما ان يكون غبي ومعتوه بالفطره لا يفقه اي شئ عن اي شئ ... ويقول لك احنا اد...,anger
: تبقا قاعد ف امان الله لا بيك ولا عليك تلاقي حد فجاه اقتحم حياتك وخطفك وحبيته ومتعرفش ازاي بس هو احساس حلو بس اخرته خازوق 😕…,surprise
svo:  اجمل ماقيل بالحب . الحُبّ لَيس تَقدِيم  مَشاعِر وانّمَا هُوَ صِناعهُ  مَواقِف .. !!😴💔,love
محدش يروح الاوليمبياد بالحجاب يا جماعه والا شرطه الفاشونيستا المصريه هيقبضوا عليها في المطار ويحطوا كلابشات Guess في ايدها,none
مرّت 6 سنوات ولم ولن ننسي كل شيء حدث في تلك الحرب الملعونه .,sadness
ههههههههههههه كانت اقصر مباراه علي تاريخ الاوليمبياد 🙊,none
راح نقتل الحوثيين واتباع علي صالح فقط اما الشعب اليمني هذولي هم 5 ملايين يمني مقيم في السعوديه,anger
M911:   albagoom   صح لسانك  سلطان البقوم وصح منطوق  ابن غرمان,joy
لك الله اكن بخافقي لك و انت الكل في عيني ولا تدري .. و انت السر و خبيتك وسط هالقلب و انت اعظم  شعور مر في صدري…,love
قطر داخله الاوليمبياد ب 25 لاعب منهم 26 مُجنس,none
55:   خايف عليك من الحياه ومن صواديف الزمن اليا تركتك ما تركني حرصي وخوفي عليك !,fear
الناس فاكره اننا زي امريكا مثلاً ولا الصين هنروح كل يوم نجيب 10 ميداليات في الاوليمبياد ، دا انت تاريخك كله 26 ميداليه يعني اد فيليبس بطوله,surprise
العزله بضيق زواياها تظل متنفس المثقلين,sadness
alghfaily: اللهم تشكو و تنتحب؛ رجالها ونساؤها، كبارها وصغارها، سهولها وجبالها، مدارسها ومشافيها ، فاللهم انج مستضعفيها، وانصر…,sympathy
يوميا ارجع متاخر اخد دش واحضر اكل واتفرج علي الاوليمبياد او هبه رجل الغراب وانام 😌😌,none
البعض كانه دخل الي حياتك ليكسر بها شيئ ثم يرحل..,sadness
YEMEN2t:  الامم المتحده مجرد مشروع كاذب مزيف لا انساني ربحي يخدم مصالح الغرب ويتاجر في دماء الابرياء مادام ذلك يحقق ارباح..!! htt…,anger
انا التايه في ملكوتك انا اللي برتوي بصوتك 💜✋ = انا اللمبي يا نوسه .. انا الحب ابت 😍😂😂😂,love
انت اول حب واخر حب هعيش وياه... واللي بيني وبينك احساس اكبر من معناه,joy
: الي كل الاخوه العرب  بغداد ليست كما ينقلها لكم الاعلام بل اجمل من ذلك بكثير والعراقييون من اطيب الشعوب,surprise
والعشق الذي لا ينتهي عند الانسان هو حب الوطن🇸🇦!! احد ابطالنا ف الحد الجنوبي يكلّم بنته يارب رده لها سالم غانم…,love
يا عم كسم كاس عالم شباب وخراره، انا بتكلم علي الاوليمبياد وكاس العالم، اردم علي اي حاجه تانيه,anger
صمتكم 😱 اشعر انكم تخططون  لقتلـــي 🔪,fear
لا حولا و لا قوه الا بالله ..... بصراحه شي ؟؟؟؟؟ من يتحمل مسؤوليه ما يحدث ؟؟؟؟,surprise
تصغر عينيك ويتسع قلبي، كُلما ابتسمت !  بوح  غزل  بوح تالي الليل,love
عجباً لثبات قلبك,surprise
:   ان انتشار ( الكفر )في العالم يحمل نصف اوزاره ( متدينون ) بغضوا الله الي خلقه بسوء صنيعهم وسوء كلامهم  (الغزالي),sadness
: دام قلبي متعلق بهواك اقولها وانا كلي حزن الله علي ساعه بيها القاك يرتبها الوقت بحضور القدر  غزل  درب الصداقه للدعم…,love
گل حرفٍ ينحني لغرامك .. وگل خطوه تسبق الخطوه تبيك .. برسمك صوره وابداها بسلامك .. يمگن اقدر في خيالي احتويك💭💜,love
: قالت امراه لتشرتشل .. لو كنت زوجي لسممت قهوتك .. رد عليها قائلا ... لو كنت زوجتي لشربتها بكل سرور ...,surprise
ياخي كسم العرص اللي رفع علم غير علم مصر في دخله الاوليمبياد علي كسم اللي يدافع عنه علي كسم اللي مايكسموش. هي ناقصه حرقه دم؟  رجعوا حماده,anger
عفاف الهدهد .. احنا كده ضمنا اول ميداليه في الاوليمبياد :),joy
ما للوجع صوت لو نشكي مُواجعناَ ولو يِنكتب حَرف .. رافَق نبرته غصّه  يا رب,sadness
: فتاه عمياء تطلب من امهاا ان تكحلهاا و طفل فقير يطلب من الطبيب ان يشفيه و يخفف عنه اوجاعه .. و نحن نتحدث عن .. الحمدلل…,sadness
وراك انت ماخذيتها سود الله وجهك عز مانت برجال,anger
e m o انا مذهوله يا شيمو بجد قريت الكلام اكتر من مره ومش عارفه انا كتبت كده ازاي بس مبسوطه 💙,surprise
علي الاوليمبياد,none
hfc: سحبه خورافيه من الفتي الذهبي نواف التمياط بالاعب حسين عبدالغني ????,surprise
الاحتلال الاسرائيلي يعتقل سته موظفين من الاوقاف في المسجد الاقصي,anger
برت بالفعل  الحُب اذا ماكان سبب رئيسي وفعّال في التغيير للافضل والاجمل .. فهو وهم كاذب او ركض خلف سراااااب,love
الله ينصركم ويحمييكم ويحفظكم وترجعون سالمين غانمين قلوبنا معكم صباح العزه والقوه للاسلام و المسلمين صباحك فل,sympathy
ان شاء الله لما تبتدا العاب القوي هتابع الاوليمبياد,none
. لا لا يعقل. استغفرالله العظيم. سعوديات مسلمات يقعن في شرك هذا اليهودي. اعوذ بالله,surprise
الطالب الوحيد ف تاريخ ستاراك اللي غنا لهحات ولغات مختلفه وابدع فيها  محمد شاهين   ليث المصري السادس   كنزه حبيبه المصريين,joy
ali: ولله الحمد انضميت لـ صحيفه البلاد كـ متعاون في الفتره القادمه لتحرير الاخبار ، اسال الله التوفيق ????  دعواتكم ❤️❤️,joy
انواع الخوف من غير الله : خوف طبيعي حكمه حلال كالخوف من لص وغرق خوف مذموم حكمه محرم كالخوف من الجهاد او النهي عن منكر خوف شركي كالخوف من وثن,fear
الواحد بيشوف الابطال اللي ف الاوليمبياد دي وبيحزن علي نفسه وعلي اهله اللي مزرعوش جوانا حب الرياضه ومكانوش سبب في اننا نبقي زي الناس دي,sadness
صعبان عليا انزل و اسيب الاوليمبياد شغاله 😭😢,sadness
كلنا مع محال مريم انتي وحثالتك اذا جيتو تسوو خطه فتحو عيونكم مره ثانيه ???? السالفه تفشل والله,anger
مش متابعه الاوليمبياد اوي بس مبسوطه ان فيه كذا حد مش صغير بيكسب ضد ال stereotypes,joy
قطر داخله الاوليمبياد ب 25 لاعب رياضي يعني فرصه اللي عاوز يسرق قطر البلد كلها في البرازيل 󾌰󾌰󾌰󾌰󾌰,none
لا عزيزي اسمه   الغزو العراقي علي دوله الكويت   تزوير التاريخ  مايصير نطرونا نموت عقب غيروا الي تبونه,anger
انك لما تيجي تنطق كلمه زي كلمه  بحبك وتتسال بتحب ليه او ايه اللي شدك ليا . ومتعرفش ترد ف دا اسمه . وقد ناله قلبك 💕  اجمل ماقيل بالحب,love
alamr  ياخي اعرف اغبياء ولا كن زي اغبياء الشيعه لم اراء مثلهم اغبيا بجداره,anger
ميداليات الاوليمبياد ذهب وفضه وبرونز.. وصفيح. الاخيره هي الميداليات المجنسه.,none
: 75.راقبت مره اما طفلها يبكي ويجري وهي تلاحقه وتحاول تهدئته ولم تمل ما اروع قلوب امهاتنا وكم تحملن اللهم اغفر لهن وارح…,love
M A  99:  عمر الزعيم 20k محب ????الف  مبروك عمر???? ????شاهدين لك بالخير???? ????وعقبال المليون محب???? ????????????????  حساب مبدع مميز   ????  23 ????,joy
و يوم ما حبها .. حبها من ضحكتها ♥,joy
بدخل المجلس اجيب بسيفر خايفه اخوي يهفني باي شي عنده 😹😹,fear
احنا بنتهزق في كل حاجه اساساً يمكن الاستثناء الوحيد الاسكواش اللي مش في الاوليمبياد اساساً,sadness
6 بيسخر من شكل اللي بيمثلوه في الاوليمبياد، معتقدًا انه بكده علي درب نيل رضاء الخواجه.. ده الفرق بين المتنور الالماني ونظيره المزيف المصري.,none
اتصال ❤️,love
بجد عرض و طول و عقلك صغير بالشكل ده !!,surprise
ميري كرسمس كل سنه وانتم طيبين,joy
تحيه للبطل الالماني ليمثل فلسطين في الاوليمبياد 😊👏😊👏,joy
يعيشون حياتهم مثل  الميت سريرياً  فهو عايش ولكن مُمتنع من كل لذّه في الحياه. كان الله في عونّهم.  النواصره يفدون الوطن  قبيله النواصره,sympathy
روح ذاكر يا وييييييسخ : D,anger
: القرضاوي: الله افشل الانقلاب القذر في تركيا,none
الوضع بقا مخيف جداً الناس اتسعرت,fear
حمايه المستهلك في لبنان مش نافعه لشي ما فيه محل ببيع متل التاني وفيه ناس مضطره تفوت علي ميني ماركت بفوت بيشتري...,anger
: 50 يوماً علي حصار منبج السوريه.. مئات الضحايا والمفقودين: تتدهور الاوضاع الانسانيه لاهالي مدينه منبج السوريه ...,sadness
ابني كان بيلعب في الاوليمبياد بتاعه 2016 بجد؟ وفاز بايه يا طنط؟ الميداليه الذهبيه في التعريص حبيبي ربنا يحميه,surprise
تيران وصنافير مصريه كل الحب والتقدير لشعب مصر الشقيق 👍نحن كشعوب لن تفرقنا السياسه ❤️. الله معكم ياشعب مصر والله يحمي الجميع,sympathy
انا خايفه افتح تويتر والله,fear
وطبعا كلنا عارفين ان امريكا و الصين و بريطانيا و فرنسا والمانيا هما الي هياخدوا كل حاجه في الاوليمبياد دي,none
انا مش فاهمه الناس الي بتدعي ترامب يكسب عايزه ايه؟ مش كفايه عيشتنا احنا هباب؟ سيبوا المسلمين الي هناك بعيشوا شويه زي البني ادمين,anger
ياللي وداده ناهِب القلب والروح????,sadness
انا من كتر الناس اللي بتكلمني علي مصر و الاسعار بقيت خايفه ارجع و الله ..,fear
المعارضون  ضد هيلاري كليتون رسمو صوره تشوه حقيقه المرشه هيلاري القصد من هذه الصوره تشتيت تفكير المرشحه  CNN,anger
t7b5: كيف تنام.: اتامل صُورك واغفي صدفه وانام.  ربما,love
السيسي القاتل هو ومجموعته ثم الاخوان ومرشدهم بديع صاحب مقوله سلميتنا اقوي من الرصاص فماتوا كالدواحن,anger
mnsour   اتكذب ارضاءاً لملوك العهر اتقي الله فيما تقول فلن ينفعك لا سلمان ولا غيره امام الله يوم القيامه,anger
مُتعب كَطفلٍ فقد لعبتهُ ونام من تعبِ 😿💔,sadness
messria   40   جمال ريان اشرف منكم يا انقلابيين يا قتله يا مجرمين يا عبيد البياده دمرتوا مصر وقتلتوا الشعب الله يلعنكم,anger
انا غبت شهور كروس صار افضل لاعب بالريال ؟!,surprise
: اشبيليه سمباولي مخيف الله يستر ..,fear
ان شكينا بكينا وان سكتنا قهر,sadness
: في ظروف معينه ممكن تلاقي حد متفهمك فيها او متعاطف معاك جدا او بيحاول يساعدك بس برده محدش هيوصله كميه الالم و المعاناه اللي بت…,sympathy
: يالله قد ايش خايفه من نسبتي وشايله همها.,fear
الهذا الحد يرعبكم هذا الخبر ؟؟ حياه الظالم في خوف ورعب لا يهني بالامان طالما يهضم حقوق الناس و يسلب ارادتهم ويذل كرامتهم,fear
: اقول  لل باعو مصر شوفو حزن مصر علي د زويل العظيم الشريف لانه لم يخن مصر وشوفو احتقارنا لكم في وجودكم وبعد موتكم لن تجدو…,sadness
اجمل ماقيل في الحب تذكرتك في صلاتي فاطلت في السجووووود  دعاء,love
دايما افتتاح الاوليمبياد مرتبط معايا بذكريات كتير انا بحب الاوليكبياد عموما,joy
طبعاااااا ♥,joy
joey بس الحق يتقال breaking bad مسلسل فشيخ بصراحه : D,joy
خلص اللي درس درس واللي طبل طبل  اهم اشي االصحه ✌  صباح الخير,joy
It s hard that the day of ذكري وفاه صحبتك  هو هو يوم عيد ميلاده واحده من صحابك التانيين  :/,sadness
all   alialomari   كان الله في عونهم وجبر مصابهم ، والي يده في الماء غير الي يده في النار,sympathy
اغليــــه لو انه بعيدٍ عن العين دام المشاعر في غرامه رهيـنه عند الناس كلمه وحرفين والحب عندي له معـاني ثمينه,love
: مليش غيرك حبيب قلبي يا احلي مَلاك .,joy
كفته رز ♥,joy
يا بنتِي سبونج بوب ده اتمنع من نيوزيلاند و السويد و كام دوله كده عشان بيُحرض علي المثليه الجنسيه,anger
الطعنه اللي رست فاعلي عمود الظهر يا  ليتني ما التفت ... وشفت طعانها بعض الهقاوي خطا وانشهد انها محدٍ رغب عزلته ... الا علي شانها 🔐,sadness
يا جدعان الاوليمبياد هتيجي علي قنوات مفتوحه عادي ..,none
جمهور فرحان بتحقيق لاعبهم اسرع هداف في العالم وجمهور مبسوط بتحضين فهد المولد .,joy
ريجاءاً اني خايفه ع مستقبل بتي لازم افكر واكتشف وذا انسان يناسبها وسيم ورزه وفله,fear
: الدموع ليست هي الحزن هو: ان تستطيع ان تمنع نفسك من ان تبكي امام احد من اجل هذا الاحد...,sadness
ريتويت لو حاسس ان الاوليمبياد بقالها شهر شغّاله,none
خيبه .. ان تقوي امام العالم اجمع .. وتضعف امامك .. امامك وحدك .. فتكسرها ..!!,sadness
كل لغات العالم حبيتك و الله العالم ♥,joy
: اي والله اني عليك من الوله ضامي واشفق علي صوتك المبحوح واحبه !  شعر  قصيد  بوح  شوق,love
تعبت من كتر الناس العماله تموت .. خايفه الضربه الجايه تكون ف اقرب الناس ليا,fear
هو التنس في الاوليمبياد من زمان كدا ؟!,surprise
فوز بنتين بميداليتين لمصر في الاوليمبياد ، ما هو الا امتداد طبيعي لمساهمه المراه المصريه في تقدم البلد في ظل ظروف شديده الصعوبه,none
: من خذل فلسطين 60 سنه لن ينصر سوريا في ست سنين .!   حلب تحترق,sadness
يــــــارَب لا تحــرم اي زوجُــيــــن مـــن نــعْــمـــه  الاطفال,sympathy
انا دايما خايفه من ان في حاجه وحشه هتحصل بحتاج دايما اللي معايا يطمني ان الدنيا مش هتبقي وحشه انه مش هيمشي يشيل من عندي فكره انا مبسوط بس !,fear
iman   ليش عم بتلطم يا عسيري مو انتم عاصفه الحزم و رعد الشمال ام انكم عاصفه وهم و رقص الشماخ,anger
لماذا لا يتفق لاعبي ارسنال علي ڤينجر كما فعل لاعبوا تشيلسي الموسم الماضي مع مورينيو ليخرجوه من الفريق ؟!  wenger out,anger
وديّ المه بين الضلوع خايفه يضيع.,fear
نحن بدورينا نتضامن مع سماحه ايه الله الشيخ عيسي قاسم  معكم قلباً و   الشيخ عيسي قاسم,sympathy
مذيع النايل سبورت: احنا بقالنا كتير ما اخذناش ميداليات اوليمبيه من بعد اوليمبياد لندن 2012 علي اساس ان الاوليمبياد ده بيتعمل كل اتنين وخميس,anger
altayer: كل خبث  الاخوان ولئامتهم و     باطنيتهم     التي تربت علي فكر     الحشاشين    .. تعبر عنه هذه التغريده,anger
وان ان اخر حاجه بفكر بيها قبل ما انام هي انت واول حاجه بفكر فيها اما بصحي بردوا انت وبين الاتنين محفور بقلبي  انت❤,love
نستودعكم الله الذي لا تضيع ودائعه قلوبنا والله معكم الله يزيح الظلمه والطغاه,sympathy
: انتصارات حلب تصيب زعيم الميليشيا والعصابه المجرمه حين نصرالله بانهيار عصبي واخبار عن اصابته بجلطه ،،نرجو تاكيد  الخبر  ل…,fear
غنضت عيني وقلت برتاح.. واثره خيالك من وراء الجفن..(مرسوم),joy
لاشكر ع واجب تستاهلي اكثر تحياتي  بالروح بالدم تفديك يايمن  تحيا الجمهوريه اليمنيه  علي مشارف نجران  قادمون يا صنعاء,love
Oo: هاتولي افشخ مدير فني مسك الاهلي يدرب تشكيله بالاسامي دي ويعمل حاجه .. مش موضوع ندافع عن جاريدو بس تبقي فاهم انت بتقول ايه وبطل…,sadness
و ايه الفائده من انك تشتم لكح او غيره بسبب او بدون سبب غير انك بتاخد ذنوب و سيئات ربنا يشفي و يهدي,sadness
اذا اراد الله ان يسعد عبداً من عباده ملا قلبه رحمه  نشر سنته  الرحمه  الضعفاء    ﷺ,sympathy
حاولت ادور علي اسم عربي في تشكيله منتخب قطر لليد وهو بيلعب في الاوليمبياد لغايه ماتعبت,none
الاوليمبياد بهجه,joy
لو كل بكل قلب اتجمعوا انا حبي اكثر,love
اما خايفه انا اصحي علي مصايب تانيه 😂,fear
03: في يُلغي اﻟمنطق و يُترك اﻟقلب ﻟينطق ! في الحب ننسي ﻣن نكون في الحب كل  خطيئه تُغتفر كل ﻋيب لا نراه اوليس الحب اعمي ؟!…,love
علي هامش الاوليمبياد شاركت مصر بقوه في الدوره التاسعه و حققت البعثه المصريه عده انتصارات في لعبات المصارعه ورفع الاثقال والغطس,none
q8: خايف يشفط علينا 😂,fear
مُش ممكن مُش معقول.,surprise
اللاعيبه المصريين رايحين يدوقو طعم الوداع في الاوليمبياد في الغالب .,sadness
هي عاهرتنا التانيه بلاد الفضه لسه في الاوليمبياد و لا خدت الصابونه ؟؟,none
حماده طلعت اللي رفع العلم السعودي في الاوليمبياد جاب المركز ال 39 من 50 مشترك ! حماده فاشل ومعرص،لا تكن مثل حماده :D,anger
تقريبا نص المصريين اللي في الاوليمبياد خرجوا من اول يوم ، انا بقول نستني لبكره و ناخدهم كلهم يرجعوا بنفس الطياره اللي راحوا بيها.,none
الذي يحبك حقًا هوالذي يري فوضاك التي تعيشها،ومزاجك المتقلب،وصعوبه التعامل معك احيانًا،وهومع كل هذايريدك ان تبقي في حياته. في الله اصدق,love
كل يوم هحلم بنغس الاشخاص 💔 هو انا حالتي بقت صعبه للدرجه دي !!!😕,surprise
كل سنه تمر من عمري معك ! ازداد يقيناً بانك اجمل عطايا الرحمن .. .. ❤️,love
كان الله في عونهم وصبر علي مصابهم والحمدلله دائما وابداً ولا حول ولا قوه الا بالله رزقهم الله صبراً جميلاً,sympathy
alazra8 متعاطف معه لان لعب معه طبيعي هالشي,sympathy
من وجهه نظري ان ميدو اتظلم جامد من ناس كتير لمجرد انه كان افضل واحد في مسيرته في مصر ولكن بيفضل فيه روحه النقيه والمخلصه والله,anger
ما بقتش عارفه اكمل دعاء ولا اياس وبطل ادعي بس كل حاجه حواليا بتقولي مش هينفع يا رب 👐  ياس,sadness
حازم امام الصغير ده شخص عره اول ما النادي طلعه اعاره قال اي حد يتمني يلبس تيشرت الاهلي بجد خساره فيك شاره كابتن الفريق اللي كنت بتلبسها,anger
نهله رمضان لم تحصل علي ميداليه اوليمبيه .. لبخت في الاوليمبياد وكانت صدمه,surprise
جدي مرييض ... ومرضه صعب عليه ..ادعولو بالشفااء العااجل الله يحفظظكم ; والله خايفه يصيرله شيء لاقدر الله 😭😭😭😓😓😓,fear
: لكل واحد مدعي البطوله وفاكر ان مصر خايفه من نزوله 11/11 اقسم بالله مصر خايفه عليك ولو انت عايز تنزل انزل !! خلي مصر تن…,fear
من شفت عينه وانا تايّه وسط عينه، ماعاد احس العيون الباقيه تغري 💖  بوح  غزل,love
البرايتون ابن الكلب عشان ميسي لقمه كبري راح يضربه ????,anger
البوم الليله معلق معايا انهارده اووي,joy
ماشاء الله علينا ف الاوليمبياد احنا متخصصين تمثيل مشرف وبنطلع ع طول ماشاء الله علينا ربنا يزيدنا تمثيل مشرف يارب…!!,none
: ْْٰ…❤️ قُبلَه اليَدَين  عِشق و احترام لا يَفعَلُها الا مَن  احبك حقاً…!,love
7705: بس كل اللي بيحصل ده خايف يوصلني للنقطه دي عشان بجد مش مستحمل خلاص جبت اخر طاقه عندي,fear
ههههه.. خلاص. نقلب علي الاوليمبياد.,joy
مشاعر حبي تقول احببتك رغم كل شيء وساظل احبك فوق كل شيء لن ادع الظروف تهزمنا مهما حصل ستظل لي وانا لك ❤  هذا هو,love
يعني عملاق حرفيا، والولد مش طايله نهائي..اخر الماتش انتهي بفوز المنغولي12 11 في انضف come back في الاوليمبياد بالنسبالي,none
الاهلي مغلوب 3,sadness
ymane   الله يايدهم ويثبتهم ينصرهم نصر عزيز مقتدر امين اللهم امين يارب العالمين,sympathy
لا ما اعتقدش... السكوت المريب للناس للقرارات الاقتصاديه مرعب صدقني,fear
الحب هو ان تثق انك في قلب من تحب و ليس بقرب من تحب،،,love
الحب هو اساس الحياه,love
فعلا انت محق احساس صعب جدا ومؤلم,sadness
وعيش حياتك من غيري وعيب عليا وهتها فيا,sadness
:   اين داعش من فك الحصار عن حلب  ماذا استفاد اهل الشام من هاذا السرطان القادم من الاجهزه الخارجيه بهدف تفتيت وضياع ال…,anger
انا كل ما اعرف حد ابن ناس يطلع يا كان صايع وربنا هداه ياما ابن ناس وحد علي افاه فا هيبقي صايع  طب ليه كده طا,anger
الجماعه اللي متابعين الاوليمبياد دول بيجيبوا مراره منين للحاجات دي,surprise
: لما بنحب مشاعرنا بترتبط بالخوف 😦 خوف الفراق ...خوف من النصيب ...خوف نكره في يوم اللي حبناه 💔,fear
هو منتخب امريكا للسله 🏀 رايح يتفسح في الاوليمبياد 😂😂,surprise
Omar انام و اصحي الاقي قله الادب دي ...,anger
. ياذكي علاقات تركيا مع اسرائيل قديمه وليست سريه حتي قبل التطبيع لكن انك تسب شخص الصباح و الظهر تتغدا عنده في البيت هنا المصيبه,anger
طب هنعيش ازاي من غير رفع اثقال من هنا لحد الاوليمبياد الجايه بعد 4 سنين...؟؟,fear
هتبقي مش مقنعه خالص لو عمر ابوه كانت اول حاجه فكرت فيها لما طليقها خطفه انها تروح لعمر و تحكيله,sadness
قد لايكون الموت بتوقف النبض فقط! فالانتظار موت،والملل موت، والياس موت وظلمه المستقبل المجهول موت!  الموت,sadness
شكلها خايفه,fear
ArabsGotTalent  شو هالموهبه !!,surprise
كل ده مالوش قيمه مادام مالهومش حد في الاوليمبياد,anger
: عن انساانه دخلت قلبي وحبيتهاااا من غير مكلمهااا في حد ذاااته ✋❤  H,love
جثمان احمد زويل يرجع سليم .. الامريكان مش هيسيبوه هيشيله منه لانهم عايشين علي الاستنساخ ابعت وزير الخارجيه ده اللي هيشلني  السيسي  شيري,anger
هو الهوكي بتاعنا في الاوليمبياد ولا مراحش,none
استفتاء : عندما تنتهي الاوليمبياد وتعود بعثتنا بالسلامه . كم ميداليه سنحصل عليها من وجهه نظركم؟,none
هاني رمزي الافضل للفريق ويقدر يعمل فرقه زي منتخب الاوليمبي اللي كان معاه في الاوليمبياد  السوبر الاهلي 👍👍,none
alaa77: انا خايف من الفتره الجايه عشان عارف اني هتصدم صدمه وحشه جدا بس انا الي حطيت نفسي في الموضع دا عشان مسمعتش كلام الناس 😒😒,fear
Maa  Sin qi: في زحام الحياه نحتاج الي يجعلنا  نبتسم من اعماق القلب♥,love
انا مندهش الدرجه التانيه هي الي شبه اتملت حتي والتالته يمين وشمال فاضيين !! وفاضل ساعتين ونص علي بدايه المباراه,surprise
افتتاح الاوليمبياد النهارده و معدش ورايا حاجه و هتفرج براحتي 💃💃,joy
هاذه مكافئه في الدنيا  فكيف مكافئه الله بالاخره,surprise
الــست الــشاطــره جـــوزهـــا مــــا يــلعــبش فـــــ شــجــره حــد غــيرها    phelasoif,joy
الله ينصركم الشعب السعودي معكم ... ولا تقولونا انتم وضعتم السيسي ذاك حكم ولي ونحن في حكم سلمان الحزم وباذن الله لن نخطا,sympathy
لا حول ولا قوه الا باالله  تكميلي جامعه طيبه,sadness
ومين فينا مش عجوز,sadness
لما ربنا يكرمني عن قريب واتشهر اعرفوا اني هرفع علم المانيا مش عشان بكره مصر . بس عشان مش عايز. الكلاب يتاجروا بنجاحي,anger
ابغي انام، لكني خايفه اني انام وانسي المعلومات، يالله هم علي القلب..,fear
1   duwailah الله يوفقهم وينصرهم ويقوي عزائمهم,sympathy
كنت بحب المذيعه دينا عصمت لما كانت علي قناه النيل للاخبار و اون تي في. للاسف مستواها نزل علي سي بي سي اكسترا. كانت قارئه نشره ممتازه.,sadness
:  احرار الشام الوكيل الحصري لتكنولجيا المفخخات المسيره عن بعد.. ???? قالوا يا حسين ادركنا...,anger
lahham يا حلم الله شو حلو ورائع جدا .. استمري,joy
sa اذاكان هدفك(الارسول الله)التغريدات قديمهليه الان فضحتيه انتي هدفك انتقام منه عشان فضح قذفك للسعوديات  امجد طه يقذف النبي والسعوديه,anger
خايفه عليك من الافراط في التفاؤل بهذا الوعي,fear
اطفال السرطان بتموت ربنا يتولاهم برحمته. ماهو معادش في رحمه في قلوب البشر😢,sympathy
سنابات راجح الحارثي حسبي الله ونعم الوكيل  عبد الكريم مساوي الراجح بالاستقرام فهموهم ان ماهو سباق خيل  يارب راجح يحتفل الاول بالاستقرام,anger
انا خايفه انام و اصحي اواجه الواقع من خلال اجره الميكروباص اللي حدفعها,fear
الم الغربه في  ذاكره من ورق    اخبار منوعه  الغربه  الالم,sadness
Hizaam   اخي محمد هم الان محشورين في زاويه لا يستطيعون التقدم او التراجع .. كان الله في عونهم ، الايام كفيله بهم,sympathy
هههههههههههه حسبي الله عليك ياابن المتعه ، السعوديه وراء تعطيل انتخاب رئيس لبنان !! ههههههه ههههههه كم دولار استلمت نظيرهذاالتطريح,anger
هو انت كدا بتعزمني دا انت كدا بتلبسني في حيطه حضرتك يعني,surprise
كنا في الوقت هاد قبل 6 سنين انا    مع    بندور علي    وروحنا ع خانيونس وسبناه في غزه علي انو شهيد,surprise
لكل من ينتقد او بيشتم الرئيس السيسي عشان اداء الحكومه الفاشل .. الرئيس مش قادر يشيلها عشان البرلمان .. البرلمان...,anger
منتخب الملاكمه المره اللي فاتت سافروا التصفيات قبل الاوليمبياد علي حسابهم وماحدش ساعدهم حتي ياخدوا التاشيرات,none
الجيل بتاعنا هينكد ع ولاده ويقوله زمنا غير زمنكم .. والعيال هينزلوا لينا ع ابلكيشن لسه مظهرش ويشتموا علينا وعلي تفكيرنا 🐸,sadness
اضراب الاطباء العمانيين12 انا شخصيا متعاطف معاكم وهذا يكفي😁,sympathy
881 وانا اشتقتلك اووووووووووووي والله وحشتيني جدااااااااااااا,joy
للعلم كل ميداليات الاسرائيليه في العاب الجودو 4 ميداليات و الشراع 3 والكانوي 1 من بدايه اشتراكهم في الاوليمبياد الصيفي سنه 1992 ب,none
حتي لما نايل سبورت جت تنقل الاوليمبياد واخدين صوت المذيع من قناه تانيه بلد ميته حرفيا,sadness
حلب تنتصر خبر سعيد جداً الله يكثر الاخبار الحلوه  ملحمه حلب الكبري,joy
هنالك شخص يقبع بمنتصف القلب ويعتلي عرش الذاكره لايمكن ان تنساه الذاكره او يغفل عنه القلب 😍😍  حاجه عمري منسيتها,love
المشكله ان العيب والتقصير مش مني هي اصلا المواد لا بتتفهم ولا بتتحفظ ?,surprise
ايه ده انا مافهمتش ليه نازله بعلم الاوليمبياد عشان مالها بلدها بقي؟؟,surprise
خايفه علي بنتي من الدنيا 💔 يارب لا تبكيلها عين ولاتكسر لها قلب🙏,fear
واحد ابن كلب وسخ عقيم بضان .. وقف القطر الله يحرقك اخرتني * * :/,anger
ملعــون ابو الاحتياج ..,anger
سكوت دان ي دوك لاعب بمستوي ثابت وموسم بالاس يشهد له لكن هالموسم انظلم كثيرا من باردو خصوصا الدور الثاني,anger
اللواء عسيري سيتم القضاء علي كل شخص يحاول اختراق حدود المملكه الحوثي الان يحتل 70%من جيزان في السعوديه ولم يقتل جندي حوثي واحد كما هدد عسيري,anger
المنتخب المصري لليد بيلعب ضد بولندا في الاوليمبياد دفاع بولندا عامل حاجز لو شبح عدي منه دفاع مصر ماشي بمبدا حلق عليه وامسكه 󾌴,none
رمز للفن الراقي ولديها قبول واحساس وصوت روعه  رنا سماحه في انت حر,joy
: مع التعاون الجديد بين علي صالح والحوثي نذكر بتحذير العريفي منه قبل 5 سنوات بس ماحد سمع له وقتها شغالين تكذيب وتحريض,anger
الله ينصركم ويثبت اقدامكم احنا معكم ب الافعال لا الاقوال احييكم من كل قلبي ياابطال,sympathy
: الله يحفظ سلمان ويطول بعمره  راتب شهر للمرابطين في الحد,joy
: طيب يعني ادخل انام ،، ولا طارق بك عامر محتاج مفاتيح البيت و العربيه ،، انا خايفه انام كفايه ابوس ايديكم كفايه انبهارات,fear
الانتخابات الامريكيه خلاص انتهت اللعبه! وفاز  ترامب! العالم في ! اسواق المال  بالنازل! والعرب والخليج اكيد تحت وقع الصدمه كذلك!,surprise
مينا عطا  MinaAtta on cbc  مينو اتاخرت ليه يا ماااااااااااااااان,surprise
يخربيت الحلاوه بجد ؟❤️🎶🗣,surprise
Alfadli: سُعدت في اول ظهور لي عبر شاشه  mbcprosports بمداخله الاسطوره  محمد نور اول دوري يمر علي جيل بدونه وبدون هذه الضحكه,joy
الدكاتره desgin نفسي افهم انا شغال معاك من اول الترم و طالع عين اهلي تيجي بت اخر الترم تنزلك دمعتين تحطلها مشروع تقديره امتياز !  قسم  دراما,anger
rm: اينما وليت وجهك : ستجدني ؛ انا داخلك..!  غَــرام,love
: صباح النيه الصادقه لعبوديه الله في الاشهر الحرم التي بدات اليوم بدخول ذي القعده ويتلوه ذو الحج ومحرم.اللهم وفقنا فيهن الا نظ…,joy
الواحد جاب اخره ،احيه بجد,anger
مهما رحل عنك الكثير سيبقي بجانبك من عاني لاجلك لانه سيعاني من دونك،،,love
يا،ما شاء الله  مصر في الاوليمبياد,joy
نيجيريا الي نصف نهائي الاوليمبياد بفوزها علي الدنمارك 2/0  ريو2016,none
فعلًا الاوليمبياد حسستني اني مليش لازمه اكتر ما كنت حاسه اني مليش لازمه,sadness
عملت رنين مغناطيسي وجيت ابغي النتيجه قالت الدكتوره ليش تاخرت فيه كتله غريبه بالدماغ والحمدلله ماطلع شي لكن الي الان اعاني من خوف💔,fear
معقوله كلمه تغيّر حالي معاك تشكك فيني وبغلاك ! وانت الروح في قلبي و وريده ❤️,surprise
AH: عصر العلم سيره ذاتيه لاحمد زويل الله يرحمه، لا يفوتكم الكتاب جميل قراته السنه الماضيه نفس هالوقت ???? ????????,sympathy
المجر واستراليا عاملين شغل عالي الاوليمبياد دي ..,none
هاهاها يا عم ماشي دول 15 قرش,joy
al asad ياريت بني زيد كلها تنباد حاج تعبنا,anger
لك حب و لصوتك اضعافه  رنا سماحه مع عمرو الليثي,joy
ايناس هتقابل الروسيه اللي واخده الذهبيه الاوليمبياد اللي فات 😂🤔,none
tot علي فكره اللي بيكتب بايو جميل و ورود وصورته حاطتها عيون و رومانسيه ويطلع في الاخر اخوان ابن كلب ويزعل مني عشان بشتم فيهم طز فيه,anger
xx88  ابو نواف هذا حيوان في هيئه انسان مثل سمير الوسخ سبهم اثنينهم عليك فيهم برد قلوبنا ????,anger
الجو الكئيب و الناس قلقانه و خايفه حاله ياس البلد دي خربت خلاص😢  البنزين,fear
تذكر لما كنت اقولك خايفه افقدك، خايفه اقوم الصبح ما القاك يمي، كاهو اللي كنت خايفه منه صااارر💔!!!!!,fear
هوه المفروض الاوليمبياد البرازيلي يبتدي هنا الفجر ؟! يعني الواحد يصلي الفجر وعلي طول يقعد يتفرج علي الرقاصات الملط وهمه بيهزوا سامبا 😀,surprise
هييييييه😍 كان فيه سباق تجديف حالا في الاوليمبياد والمصري طلع التالت اسمه البنا,joy
صاحب تويتر بيوزع فولورز نهايه السنه  عام لذيذ ع الجميع...,joy
yousseef   رضا و احمد سمير و محسن و عبد الغني، بس شوفي حد math 1 عشان بيدي math 2 بس، العيال هياخدوا مع عزت تقريبا,joy
صباح الفل والعسل والياسمين بقا ^^,joy
مبروك لمصر ثاني برونزيه لمصر في الاوليمبياد عن طريق ايهاب محمد في رفع الاثقال....يلااااا احسن من مفيش..󾌰󾌰󾌰󾌰,joy
حوران اهلها اهل العز والكرامه بس ياحيف كلاب امريكا تحكموا باهل حوران اغضب  فان لم تغضب الان فمتي تغضب      يوم الغضب علي الموك,anger
انا بسقّط .. Zzzz,sadness
طاقم المنتخب الليبي في الاوليمبياد يتحصل علي القلاده الذهبيه في رياضه الريمينو 😂👌,none
المصري مروان القماش بعد قليل سباحه 200 متر حره Bein 3  مصر في الاوليمبياد  ريو دي جانيرو 2016,none
ان كان خروجهم في مصر خير الله يوفقهم و ان كان شر الله يحميهم .  ثوره الغلابه,sympathy
انا من رايي نلعب في الاوليمبياد رفع اثقال بس :D محمد ايهاب البرونزيه التانيه <3 .. اغسطس داخل علينا داخله حلوه يا جماعه والله :D,joy
فراح سجل اجاي اللي مش موجود اصلا و في الاوليمبياد و انت موقفك متازم في الصعود,none
: اشتاق لتقبيل تلك اليدين الناعمتين التي زينتها تجاعيد الهموم تعالي اليّ علي هيئه حلم لعلي انسي شقاء الكبار,love
نمت 3 ساعات و صحيت دلوقتي ؟,surprise
الحُبُ رِزق.,love
mhnm: لماذا الانظمه العربيه الداعمه لمجرمي واذناب ايران.تصمت علي التدخل السافر لسليماني...خذلان  نرفض دخول الحشد للموصل,anger
. . انا طفلهٌ في الحب ترعرتُ علي صدرك وتشبثت بيديك عندما قمتُ بخطواتي الاولي كنتَ تمثلُ لي الحياه برمتها فلمَ يتمت…,love
اقسم بالله موقف مرعب توه صارلي 🙁,fear
عن سيدات مصر في الاوليمبياد...حصاد الميداليات البرونزيه في ريو ، و روح محصل كهرباء في الدقهليه,none
: رسالـه ????  ذكري وفاه طلال مداح  ذكري رحيل طلال  الذكري 16 علي رحيل طلال مداح,sympathy
مشهد  مؤثر: طفله المانيه تنهار وهي تشاهد صور  اطفال  اليمن الذي استهدفهم  العدوان السعودي الامريكي  جرائم ال سعود…,sympathy
هو الاوليمبياد ابتدي,none
يا خبر علي الغيره مش ممكن,surprise
جمهور الاهلي يقدر يتابع مهاجمهم الجديد جونيور اجاي دلوقتي في نص نهائي الاوليمبياد ضد المانيا  Rio2016  يلا ريو,none
فرحان لانها مصريه كان نفسي مصر تعمل حاجه في الاوليمبياد 😄 وهي بنت كويسه وتستاهل تكسب 😀,joy
مواعيد منافسات الاوليمبياد السنه دي رخمه اوي 😣,sadness
محتاجين اعاده تاهيل شامله لذكرياتنا و نفسيتنا قبل 2015,sadness
:   sniper1 الله ينصركم ويؤيدكم بنصره وعزه نعم المولي ونعم النصير قلوبنا معكم بالدعاء👍,sympathy
مو جديد حسابي روحي شوفي تغريداتي لكن انا اقول الحق هو فعلا فبرك وكلهم نفس الوساخه خساره علي حسابنا حنا وشرفنا اخ بس,anger
ip5: من متابعه خاصه وبحكم عملي لم يحصل ان نقلت قناه المسيره مثلا عن تحقيق نصر او سيطره علي موقع دون ان يكون موثقا بالصوت وال…,joy
و تشجيني معانيها و ارددها و اغنيها و انا سهـــــــــران و يجي النوم يناديني الاقي الشوق يصحيني علي الحرمــــــــــــــان,joy
اختها خايفه من الفضيحه البنت تخاف الموضوع يوصل لابوها ويسوي فيها شيء,fear
الحمد لله ميداليه ثانيه لمصر في  الاوليمبياد.. محمد ايهاب برونزيه رفع الاثقال  محمد ايهاب  ساره سمير,joy
فوطه يوسف دنتي مسخره ???????????? نطالب بمحاسبه روضه اليوسف  كلنا مع محال   كلنا ضد مريم بيفور64,anger
الاسكواش مش لعبه ف الاوليمبياد انما الجولف وتنس الطاوله عادي 🤔😅,surprise
من كثر ما اني خايفه انام واسحب علي الاختبار رحت نمت عند امي 💔,fear
الاوليمبياد دي اهم من كاس العالم بالنسالي,none
: في لحظاتها العصيبه قلوبنا تهفو لها وعيوننا تدمع لاجلها  الفلوجه فيارب سلمها من كل معتدٍ وغادر  اقتحام الفلوجه,sadness
انا ملااااااااااااااااااااانه,sadness
2000   صباحكما ورد و سعد,joy
كفايه علي الاوليمبياد كده لحد النهارده الاهلي بقي الساعه كام؟؟,none
MlIIU: ماهو ايهانه كثر ماهم غلطانين في حقه ✋????  محمد الشعيبي يهان من قناه بدايه,anger
هُنالكَ مشَاعرٌ لَم اعرِف لهَا معنًي الا بِقُربك,love
اه يا بلد الزبيره واخدينها عوم والمنايك راكبين فلايك,anger
كناا نشلح عضمہ لـ فيصـل .. هلـق صـارت مكلفـہ. 2 كلااب ينبحـوو,anger
اسمها  الاوليمبياد  يا حبايب مش اوليمبيات.,none
: والله ما رايت هؤلاء الاطفال الا وتذكرت ابنتي كانها مكانهم.. رحماك يارب باطفال  سوريا.. اللهم اهلك بشار وجنده يا جبار,anger
هو مفيش مقارنه بالموقفين عامهً ، واحد رايح الاوليمبياد والتاني كان بيلعب ف ماتش ودي .,none
بارك الله بالنشامه و تقبل الله سجدتك من المكان الذي تتطهر بدماء مجاهدينا.. نصركم الله و يا ليتنا كنا معكم فنفوز فو…,sympathy
خايفه يضربني 😂,fear
صحيح نص البعثه المصريه في الاوليمبياد اداريين بس برضو نظل اكبر بعثه,none
subei:    معليش هذي لايجيبونها😔 خايفه الشباب يخقون عليها,fear
رفع علم السعوديه في الاوليمبياد عمل احمق و غبي و يجب عقاب صاحبه مش اكتر من كده بلاش زيطه بقي,anger
ملكتي قلبي بدون استئذان تحكمتي بـ مزاجي وقيدتيه فيك هلكتي نبضاتي وفز قلبي لـ اصغر تفاصيلك💭😴✊❤  رتويت  رومنسي يبتي  بوح  خواطر  غزل,love
وبيــنا معـاد ??,joy
h352 كل سنه وانت طيب طيب نؤجل التهنئه ليوم 23 ابريل يوم مولدي .. ينفع ؟؟,joy
وما الحب  الا ان تخاف الله في من تحب .,love
A7 اني خايف من عدنا اكثر من اشبيليه، خل نشوف شرح يصير,fear
هل لاحظتم كيف يسمي اهل حلب ارهابيين  ؟!  تضليل اعلامي رهييييب,anger
يوصل بالسلامه ... مصر هتنوووور,joy
اي حد معدي هنا يدعي لموتانا بالرحمه و يدعي للي بيحبوهم ربنا يصبرهم..,sympathy
من قبل الاوليمبياد قلت روديشا :),joy
ينكسرون هناك وسيكسرون هنا,anger
لم يقتل احدًا، ولكنه جعلنا فارغين من جميع ملذات الحياه 😭,sadness
المتابعه القريبه من وسائل اعلام كتيره لمشاركات المصريين في الاوليمبياد، مع صورهم اللي ماليه الشوارع من الحاجات الايجابيه المبهجه مؤخرا,joy
ياللهول  prt,surprise
طب ولو اسرائيلي حط الوديعه يا ايهاب يا غطاطي  يا بتاع شارع الهرم يبقي امتلك الجنسيه يا اهطل    امك رقاصه   الجنسيه المصريه مش للبيع,anger
بعد البطولات في  ملحمه حلب الكبري فُكَّ الحصار عن  حلب اللهم لك الحمد حتي ترضي ، ولك الحمد اذا رضيت ، ولك الحمد بعد الرضا  مبروك فك حصار حلب,joy
ما تقولولنا كده تخيلاتكم لو مصر نظمت الاوليمبياد مره تفتكروا هنبهر العالم ازاي,none
بالنسبه للفريق بتاع عصام حجي وانا بحترم الراجل دا وبحبه هو كده كده هيسقط بس اللامؤاخذه هو هينزل مصر يعمله ولا هيعمله من امريكا ????,surprise
عندي فوبيا من المحيط لدرجه ان منظرها اثار هالفوبيا 😶,fear
اتستهزء من اخوانك المسلمين و تحتج علينا بما تقوله فرنسا؟؟؟فرنسا الان اصبحت عندكم ثقه و عدل اتقي الله,anger
من فين جبتو السيدات هذول!!معقول هذه اقصي اهتماماتهم بيتي وزوجي وطبيخي!!!انا اقدر اكون ام وزوجه وكل شيء تاني فنفس ال…,surprise
الاوليمبياد شغاله من امبارح وماتش نيجيريا واليابان 2 /1لنيجيريا اول عشر دقايق,none
8ii ياا الله والله العظيم ودي احطه بس خايفه اوووف يعني عادي ؟ 😭😭,fear
ابا افهم ليش المدرسين والمدرسات اذا سمعو ان ويكند باكر يكدسوون علينا الامتحانات والاسايمنتات يعني نحن نرتاح ف الويكند والا نقابل الكتب,sadness
جهاد جريشه بيحكم ماتش هندوراس وكوريا الجنوبيه :D 1 0 لهندوراس .. وقريبه من نصف نهائي الاوليمبياد,none
الرياضي ما بفوز باحد المراكز الثلاثه الاولي من اول مشاركه في الاوليمبياد والخساره مش فشل,none
9 2 كل سنه وانتي طيبه ويارب يارب تكون سنه سعيده عليكي وعلي كل اللي بيحبوكي,joy
لازلت ذاك الحزين المبهم الضامي اللي رحل عنْك لكن مارحل منّك  خواطر  شعر,sadness
قناه عربيه هتبث افتتاحيه الاوليمبياد؟  هيلب   Rio2016  OpeningCeremony,none
balharith: لله مااحلاك ِ في روحي وما اشهاك في قلبي وفي وجداني ايلامُ يا نجران مثلي عاشق ويُذَمُ ان ناجاك صبٌ عاني  هذه نجران htt…,love
كيف السبيل الي وصالك دلني,joy
AhmedGamal On CBC Sat11pm  AhmedGamal On CBC Sat11pm يا حركاتكـ ♥♥ بقيت  ادمان,joy
الحمدلله,joy
الاوليمبياد دي ذكريات عظيمه لجيل كامل,joy
لحد اللحظه دي كل ما اشوف بوستات والد و والده عمرو علاء الله يرحمه و اشوف صوره بنهار ، ربنا يصبرهم و يجمعهم بيه في الجنه,sympathy
الخلايجه ف  الاوليمبياد ماشيين بمبدا شرا العبد ولا تربيته,none
والله كنت ناوي اذاكر بس واضح ان مفيش نصيب.,sadness
محدش عنده خبر حلو في البلد ده كسبنا حاجه ف الاوليمبياد مثلا السيسي زود الدعم مثلا مثلا كسبت رحله حج وحابب نيجي نباركلك مثلا :D,none
الحب هوعندما بكي الرسول عاماً كامل علي خديجه ❤,love
لو عدوك عنده حاجه  خايف  يخسرها اياك تكون سبب في انه يخسرها  خوفه  دا هو نقطه ضعفه اه ، ولو خسر هيبقا نقطه...,fear
حاسه اني هخسر الحاجه قبل معادها من كتر ما انا اصلا خايفه اخسرها !,fear
vip100: ꜜ ⍣ صباح النعمه والصحه والعافيه .. صباح والشوق والحنين والمشاعر الدافئه .. صباحكم سعاده واطمئنان وراحه بَـــال •  صبا…,love
: لا تشتكون البرد ..لو يقسي البرد البرد برد لاعاش طاغيه بالشام شعبٍ حظه الذبح والطرد واذا برد .. ما ياجـد اللي يدفّيه  ضر…,sympathy
لما تتحقق احلامك ماتنساش تدفع ديونك القديمه,joy
تنتشر بين المسافرين السعوديين مقوله(راجع سفاره الكويت او قطر) وسوف تخدم،هذا شيء مشين لنا،هل سيتغير الوضع ؟,anger
0: من تناقضات الرافضه  ينكرون من قال بتحريف القران ثم يعملون له مزار مثل نوري الطبرسي مؤلف كتاب فصل الخطاب في اثبات تحريف كتاب رب…,anger
يعني الستات بتوع مصر في الاوليمبياد بيلعبوا تايكوندو و يرفعوا اثقال و الرجاله مبتسلمش علي ولاد؟,surprise
شتاكيتلك...رد لو  حلم بغيابك...استنشك بجفاك كاسرلي كلب... ياريت كاسرلي  ضهر بغيابك بكد ما اون.... مو كلبي  كلب امي انفطر,sadness
وماذا بك يا  هم دائما ترافقني !! 😢 اليس  للسعاده حق في روح تعبت من الهموم ؟؟ 😔😔 تعبت من  قروب تويتي الدعم  دندون عتيبه للدعم,sadness
بيندر وجيننر في الاوليمبياد مين هيلعب جنب سوكراتيس؟ اصل لو بارترا ماتفرجش عالماتش بقي,none
لا تبحث عن الحب الا في صلاهٍ تؤديها في وقتِها ، فعندها ستُحبك الحياه وتهديك اجمل ما فيها ..! صبحكم الله بالخير,love
من كان يحلم باي مستوي مشرف في  الاوليمبياد عليه ان يسال نفسه اولا من اين ناتي به ونحن لا تعلم اولادنا غير الغش في الامتحانات وفي كل شئ !!,sadness
: لاتحزن ياقلبي لاتقهر فقذ لممت  حقائب الغياب وامسكت ثوب العذاب وادركت ان الوجع لا ينتظر خلف الابواب  الصرح الادبي,sadness
: رسام فقير نفذت الوانه و بقي الاسود فرسم قبرا ثم ترك لوحته و ورحل !!,sadness
Sale7 انا نفس الكلام بس تويتر بس تقريبا بيضيع وقتي جامد و فنفس الوقت مش عارفه ابتدي اقفله من امتي مثلا بدل ما ازهق بدري,anger
حزن بعض العرب بخساره  كلينتون يفوق حزن مناصريها !!!!!  ترامب  فوز ترامب,surprise
يَا ساكِنينَ بِقَلْبِي  مَتَي اَفُوزُ بِقُرْبِ سَلَبَتُمُونِي وَلَكِنْ  اَنَا السَّعِيدُ بِسَلْبِي,love
افتتاح الاوليمبياد علي اي قناه؟ حد يعرف؟,none
لا تنسي ان اللي ذبحهم بشار الرافضي,anger
اخي ابو متعب اي معارضه النصره ام القاعده ام داعش ام ام جيش اﻻحتﻻل التركي ام اخراب الشام ﻻاعلم؟,anger
اتاري ابو محمد  فجاه بقي بيقلق علي لما اخرج بالعربيه  الجيب لوحدي 😂😂😂😂😂😂😂😂😂,surprise
طيح الله حظج وحظ مزارع صليبيه اللي منحاشه منهم الله ياخذج وياخذ داعش معاج والجحش الشيعي وبعمامه السفيه ومن يتبعه,anger
انا خايفه افتح فيسبوك,fear
: تبقي  الامارات (سيده الاوطان) تاريخ مشرف..! حاضر مزدهر..! مستقبل واعد..! قياده مخلصه..! لشعب اصيل.. !,joy
ايه ده ؟؟ انت عجيب بصراحه,surprise
بعد اي زياده في اسعار البنزين ببقي خايفه اركب مواصلات لتكون غليت 🐣,fear
لو فعلاً عايز تغيظ الاخوان و تثبت وطنيتك  انزل اشتري الدولار من السوق السودا بـ 13 جنيه و بيعه للبنك بـ 8.88 ايه...,anger
فُقًدً ٌبُحَتّ بُكلُ اسّرًارًيّ .... كيّ يّتّسّعّ قًلُبُيّ لُسّرً هّؤٌااك ...,joy
كده يبقي علي الاوليمبياد السلانكاتيه,none
hala: لازم يخترعو جديده اسما فوبيا التخرج,fear
في دول من ساعه لما الاوليمبياد ابتديت لغايه النهارده محصلتش مايكل فيلبس، ايه الانسان ده!!!  مايكل فيلبس يا سمكه  امسكوا الحصان,none
Nubian: عمري ماكنت اتخيل اني لما اول مره اسافر اوروبا هبقي طول الوقت irritated بسبب عدم وجود شطاف ???? جتكم القرف ناس معفنه ????,anger
متباركين بمولد ﺛﺎﻣِﻦُ ﺍﻟﻌﺸﻖِ ﻭ ﻛﻬﻒُ ﺍﻟﺤﺎﺋﺮﻳﻦ ، ﺿﺎﻣﻦُ ﺍﻟﻔﻮﺯ ﻭ ﻣﻮﻓﻮﺭُ ﺍﻟﻌﻄﺎﺀ ، علي بن موسي الرّضا ❤️????.   الله يرزقنا الزياره ????????.,joy
Sa24 الله يوفقهم ويحفظهم,sympathy
بحب الاوليمبياد جدا كده ومن غير سبب ❤️,joy
يا سلام ما احلي شعور الواحد يخلص دراسه و يكون عبي راسو نوم   SocialMedia  بس بقول,joy
الدولار لو مشارك في  الاوليمبياد كان خد دهبيه قفز الحواجز مستريح 😂,none
: لاتامن  اتحاد القوي فساد وارهاب وان ركع وصلي واعلم ان دينهم كقلب اصطناعي ينبض مع الدولار ويتحرك بالايجار  خالد العبيدي فضحهم,anger
:  كان بكام وبقي بكام واحد متشرد سيساوي بيقول الحمد لله اننا مش زي سوريا والعراق ℹℹ صحيح احج ماكنتش ساعتها هتلاقي الرصيف…,anger
سامباولي مرعب فشخ يا جدعان😂 ده هيفشخ اللاعيبه,fear
saba6:   Madaniah يقتلونهم بلا ذنب فقط لانهم مسلمين...  وهيئه الرمم المتحده تتواطا معهم ..  هي حمله صليبيه تاسعه بمشاركه مجوسيه,anger
اخوات الشهيد محمد عيسي العليمي ربنا يصبرهم  كلنا محمد عيسي العليمي,sympathy
: D اسكندريه عايزاكم والله ماتيجوا,joy
:  الامام الصادق مسموما  يايوم النطب لارض البقيع بزود عجل ياامام العصر يا موعود بيد اهل الظلاله واهزم ال سعود وينك ما ترد مولا…,anger
جاريدو بيهرج والله,joy
الغرام في القلب كالعطر في زجاجته لا قيمه له الا عند انتشاره,love
مصر في الاوليمبياد.. ريم منصور تبدا  القوس والسهم  بفارق 6 نقاط عن المركز الاول,none
:   حاسه ان فيه مرحله ذعر قادمه مش عايزه اخش فيها. انا خايفه.,fear
hossam: قالتله انا مش خايفه تحب غيري، انا خايفه بس تصدق انها هتحبك اكتر مني..,fear
: لا معايير تربطنا بالحب وتجعل ذلگ الحب اگثر برگه ّ ان تعيشه دون ان تُدرگ انگ وقعت في شباگه  ثغرشتاء ❄️🍃  قروب سفير للدعم ht…,love
كل مادخل الاقي خبر خروج حد مصري من منافسات الاوليمبياد.. هنطلع من ال119 بني ادم المشاركين ب برونزيتين كده خلاص؟😂,none
ومن قال ان ليس هناك فسادا في كل مكان.في العراق وفي الحجاز نعم.سنطهر ارضنا من الفساد وسينهض العراق من جديد..,love
حبي اختي دانه هنا راكبتك زي الفارس وانت الحصان ومتحكمه فيك، ويلومونوي ليه افتخر بدانه ❤️,joy
يسعد صباحك ايش فيك شكلك خايفه,fear
كلما زاد مقدار حبنا للشخص كلما كانت درجه الالم من الخذلان اقوي واشد•  جرح  خدلان 📩✍🏻️,sadness
ايه القنوات المفتوحه اللي جايبه الاوليمبياد لايف بعد اذنكم؟,none
اري فيك جمالاً لا تمل عيني منه❤️😴  غزل,love
لا بس افتتاح الاوليمبياد المفروض كمان ساعه,none
اوحش حاجه في الدنيا تبقي عايش و انت مش عارف انت عايش علشان ايه و ملكش هدف !,sadness
و كان اقصي اماني الرياضيين المصريين هو الوصول ل الاوليمبياد  Rio2016  egy,surprise
:  فساد مركز التاشيرات الموحد  والله انهم ينهبون فلوسك وانت مجبور  الاطفال فيزتهم مجانا من السفارات  وهم ياخذون خدمه 750 ريال,anger
: سهم نافذٌ ولكل سهم مستقر  والحب اعذبه الــذي حَرَقَ القلوب بلا شـــرر .. 💕,love
l9 :  يابلادي يابو الخير هيجي صرنا 💔ياااااااارب تنصر اخوانناااا المسلمين 💔  العراق  اليمن وكل دول العربيه 😿,sympathy
عيونك ما يحق لها شي من الحزن ، الله حسيب من يزعل عيونك  بوح  خاطره,love
كذاب ياهو بولي سارق الموبايل ثانا راقد,anger
!! ايه اللي جاي هناك دا ؟,surprise
RM 90:  بلديه محافظه الحناكيه تحتضر  لا مهرجات ولا حدائق ولا سبل ترفيه   ???? منصب علي اِيش !!,anger
حفل نانسي غدا  مصر في جاردن سيتي فندق InterContinental Cairo Semiramis ...,joy
رفعو علم فلسطين في الاوليمبياد و قناه دبي قطعت البث وقت دخول فرق اسرائيل... خلاص كده يا جماعه انتصرنا الحمد لله,none
حماده طلعت اللي رفع العلم السعودي في الاوليمبياد جاب المركز ال 39 من 50 مشترك ! حماده فاشل ومعرص،لا تكن مثل حماده :D,anger
بعد اللي فات من الاوليمبياد ! حصد الكفار كل ميداليات السباحه والرمايه وركوب الخيل,none
، حب الذي يبني معك .. ولا. يسرقك من يوهمك .. !!,love
وبحب الاجنده المتقسمه ايام بردو مش اللي كل يوم في ورقه وكبيره جداً دي، بس مبستخدمهاش وبحتفظ بيها زي ما هي كده جديده! :D,joy
saeed21: بالتالي زي ما فيه (اعلاميين) بيتكلموا عن عظمه السيسي والمؤامره الكونيه علي مصر فيه اخرين لازم يبرروا اي فعل وسخ للنظام…,anger
ستاد التحرير | ميدو جابر: الانضمام  للاهلي «حلم حياتي».. وابو تريكه مثلي الاعلي,love
انا مش عارف والله ده حصل ازاي بس انا في واحده قالتلي اني Cute انهارده,surprise
انا خايفه ف يوم ابقي مكانك ✋👌,fear
اذا هني بينتخبو رئيس لسنوات قليله انا بنتخبك امير حبي كل العمر 💞,love
تم لك  وصباحك عسل,joy
المهم ان ماتش تنس الطاوله اللي كان بين الصيني والياباتي اللي لسه خالص دا احسن حاجه شفتها في الاوليمبياد تقريبا,joy
اهداء من الغوطه الشرقيه بريف دمشق لكل من قاتل لفك الحصار عن حلب الله اكبر  الغضب لحلب  ملحمه حلب الكبري,joy
انا حليت مش عارف ازاي بس حليت اقسم بالله 😂😂,surprise
idriss خايفه ندير بلوك مازلت نحقه 😂,fear
: اللهم يا كافل العباد .. احفظ اهل  الموصل من كل سوء ومكروه .. والطف باهل مما غشاهم من مصاب برحمتك ياعظيم ياوهاب .,sympathy
فليبس كسب الميداليه 19 دهب في الاوليمبياد !!!!!! 😳😳😳😳  legend,surprise
الاسطوره اللي جننت العالم مايكل فيلبس حقق اخر ذهبيه ليه في الاوليمبياد.. الذهبيه رقم 23 في مسيرته الاسطوريه + 3 فضه و2 برونز,joy
المصيبه لو ديل بوترو بعد المستوي اللي عمله طوال الاوليمبياد ييجي اندي موراي يبوظ اللي عمله 😕,fear
مبروك هدايه وهبه الميداليه البرونزيه الثالثه لمصر  انتهت الاوليمبياد بارك الله فيما رزق,joy
امتحان ايه دا اللي فيه مساله !!!,surprise
كل واحد غني اغنيه وهي ما غنتش اغنيتها بس طبعا كانت كيوت هي ومينا وشيرين بس الحقيني بالينك تاهه مني  DoaaElSebaii دعاء السباعي,joy
اسال الله العلي العظيم في هذه الساعه المباركه ان يغفر له وان يرحمه وان يبيح منه وان يتجاوز عنه انه علي كل شيء قدير  وفاه علي عبدالله,sympathy
. لكن بالتاكيد دا لا ينطبق علي حدث زي الاوليمبياد. اللبس الغربي مناسب جدا طبعا.,none
مدري خايفه عليها من العمليه. ومرعوبه بجد هي انسانه مهمه كثير لي قلق مع خوف صايره هايبر ومو مركزه ونومي احلام سيئه وبتوتر,fear
مبروووك الاردن🇯🇴 فوز  احمد ابو غوش باول ذهبيه للاردن في تاريخ الاوليمبياد  Rio2016  Taekwondo,joy
:     الله يهونها عليكم ويصبركم...,sympathy
للذكر مثل حظ الانثيين ما عدا في الاوليمبياد المصريه برافو بنات مصر فرحتونا  Rio2016,joy
يعني هنذاكر من بدري كدا !,surprise
قهر الرجال؟ الالم الذي يصيب الشخص حين يبذل كل مجهوده ويجد ان الابواب مغلقه بوجهه في حين ان الابواب مفتوحه لغيره  اليوم,sadness
هي نزلها كراك من ورايا ؟ مش فاهم مشغلينها ازاي بس قشطه 😂,surprise
:     باهي ياعليوه سلمك نصاح ????,joy
مش فاهم الناس متضايقه ليه ان الفريق المصري رافعين علم السعوديه في الاوليمبياد .. ماهو طبيعي اي فريق لازم يحط الراعي الرسمي بتاعه 󾌴,surprise
M7TSB حنا معكم قلباً وقالباً لن نسكت,sympathy
فيه احساس قوي ان فيه شباب عاديين ممكن يعملوا اداء افضل في الاوليمبياد من الاداء الحالي لمعظم الرياضيين ؟!,none
مصر عندها فريق طايره شاطئيه سيدات و هايلعب في الاوليمبياد مع المانيا النهارده !! حاسس ان المعلومه مضروبه 🤔,surprise
منتخب اليد و الطايره و الكره الطائره الشاطئيه سيدات هيلعبوا النهارده في الاوليمبياد,none
كل يوم ادعي علي نفسي بالموت ويوم شفت الحادث تو خفت وقلت لاخوي ينتبه ، ماتوقعت اني خايفه علي حياتي هالقد,fear
المذيع بيقول اصعب سباق في تاريخ الاوليمبياد علي الاطلاق.انا تعبتلهم فعلا احا يعني,none
وانا بحضر الاوليمبياد شفت مباراه طائره شاطئيه بين قطر واسبانيا حكيت بشجع المنتخب القطري الشقيق لقيت اسماء اللاعبين القطريه جيفرسون وسامبا!!,surprise
بس انا لو غبيه كنت هرتاح المشكله اني بتغابي  و لو بنسي هرتاح برضو المشكله اني بتناسي و مش بعرف اسامح كمان و مفرمله نفسي اني انتقم,sadness
علموا اولادكم  الرمايه و  السباحه و  ركوب الخيل..اللهم صل علي سيدنا محمد.في الاوليمبياد ولا لاعب عربي اخد ذهبيه في الرياضات دي!!!!!! rio2016,surprise
انتم اخر من يتكلم عن ال البيت ، ولايشرفني ان اناقش ناصبي تكفيري ارهابي لاعلاقه له بدين محمد اللهم العن السقيفه واصحابهاواتباعها,anger
انا وانتي مش محتاجين عيد حب لان كل يوم بينا مهما كنا بعااد بيبقا 😍😍😍😍😍😍   يشعر بـالمحبه,love
: كلنا معكم ثقتنابكم انتم فخرنا حماكم الله من كل مكروه ومن كل حاقد ولا يسوئكم حقد بعض الاعراب المتامرين القافلهتسيروالكلا…,sympathy
ابداع احلام,joy
للفكاهيين اصحاب منشورات هيلاري ارجعي للمطبخ.. مديره حمله ترامب امراه. وشكرا,surprise
في الوقت الذي ننادي فيه بسحب الجنسيه عن الخونها مجلس الاحزان عاوز يبيع مصر لخونه جد ورسمي يا عب عال اتلموا مش...,anger
الحب الحقيقي بين الزوجين لابد ان يبني علي الاحترام مهما كانت الميانه والاريحيه في التعاملات وعمق العلاقه ..,love
الاوليمبياد الجايه قربت تبدا ومعلق النيل للرياضه لسا مستني احمد عبد العزيز اللي اتصاب وانسحب يخش يلعب دوره😂😂,none
امبارح منتخب اليد يكسب وصيف الاوليمبياد الي فات والطايره كسبو والنهارده اول ميداليه ،نلاعب غانا بقي ماتشين التصفيات دلوقتي واحنا فايقين كده😂,joy
غيغز “يصيبني شعور بالرهبه بمجرد تخيل ان  ليفربول قد يحقق لقب الدوري في نهايه الموسم” ☠️,fear
حينما انظر الي مثل هؤلاء السعداء في الامم الاخري تمر بخاطري الاحوال التي عليها اطفال اليمن لعنه الله علي…,sympathy
شبعوا من بعض .. ما بيعطي انذار 😞 اسالو عن بعض .. ما حدا بيعرف ايمتا رح تكون اخر مكالمه 😢 واذا غلطتو بحق بعض .. سامحوا بعض 😔,sadness
اللاعبتين الامريكيتين اللي رفضوا مصافحه الروسيه فقدوا كتير من اخلاقيات الاوليمبياد اللي بتقوم علي مبادئ سلاميه. ليه بناخد الناس بحكامها؟,sadness
صباح الخير والسعاده ......عام سعيد علينا جميعا,joy
هههههههههههههههههههههه صح والله,joy
جري ايه يا ولاد الوسخه ! هو انتم فرحانين انهم بيكسروا ارقمهم الشخصيه!! دي الاوليمبياد مش مولد الحسين !! ما يكسروا ارقامهم ف بيوتهم!,anger
انتوا متخيلين ان في خيول بتسافر ريو دي جانيرو علشان تسابق في الاوليمبياد واحنا قاعدين هنا؟,surprise
تركي العواد يسيء للسعوديات بكلامه حسّيت ان هو رشيق ويلعب رياضه كل يوم ع مدار ال24 ساعه ????.. نكذب علي بعض ؟????,anger
سباح اميركي حقق ميداليات ذهبيه اكثر من جميع الدول العربيه في جميع الاوليمبياد التي اقيمت حتي الان. جو الرياضه مش لنا كعرب,sadness
بعد 5 دقائق من ولادتك.سيقرورن اسمك جنسيتك طائفتك وتقضي حياتك تدافع عن اشياء لم تختارها,surprise
: انا متضامن مع الاطباء العمانيين ومع المطالبه وتنفيذ مطالبهم في اسرع وقت  اضراب الاطباء العمانيين5,sympathy
يا دين النبي يا جدعااااان علي الناس دي وربنا,surprise
الله يكون بعونكم .. من داعش ولا من النظام ولا من القصف الروسي والمجوس الايراني ولا من الحصار وصمت العالم لكن (الله معكم )منتصرين,sympathy
:   شّعوري هالفتره خوف من ايامُي الجايه خوف اتوجع اكثر من كذا وينعاد اللي مريت فيه.,fear
ياخوان هل ستكون رابعه كربلاء نحي ذكراها بالبكاء والعويل ونمصمص شفاهنا وكلنا يذهب الي حال سبيله رابعهفرقت بين الحق والباطل في مصر,anger
: رغم حٌبك بقلبي و الامنيه اللي دايماً اتمني تحقق من ناحيتك الا اني صعب اجي واعترف لك خوف من ردت الفعل..,fear
المكسب الوحيد حتي الان هو خروج حماده طلعت من الاوليمبياد..مين عارف لو كان كسب كان رفع علم مين؟ موكوس,none
: اعرف الوجع الذي تتركه الكلمات التي تقال واعرف الوجع الاشد وجعاً الذي تتركه الكلمات التي لا تقال,sadness
انا متعاطفه مع قدير وحسرت لانهم انحرموا من ابوهم 😷,sympathy
: اللهم باعد بيني و بين شر خلقك و سوء حظي كما باعدت بين المشرق و المغرب????,sadness
انت مقتنع طيب بللي بتقولوا دا؟,surprise
اڤاتار منار حلوه فعلاً والايموشن بتاعها ده معبر اوي ✋,joy
يمكن الاوليمبياد هو الفرصه الي بتعرف الناس ان في رياضات كتير محترمه بس مش اخده حقها والرياضه مش صيع كوره القدم وبس,none
امبارح كان يوم عربي بامتياز في الاوليمبياد ميداليات لمصر و الكويت و تونس,joy
هههههههههههه، لا واضح من اخلاقك انك واحد ديوث و ترضي اختك تعوم في الاوليمبياد، قول هكي من الاول,anger
انا بس اللي مش بتفرج علي الاوليمبياد..وده بيثبت نظريه نحن نختلف عن الاخرون تماما,none
2  الاصابه اللي حاولت سيرينا طول الاوليمبياد انها تكمل بيها مش قادره تكمل بيها الطاقم الطبي لم يعلن جراحه فقط اصابه ولن تشارك فال1000نقطه,none
تركي العواد يسيء للسعوديات ليه والام اللي يطلع ولدها درباوي ولا مدمن مخدرات يعني بيدها هالشيء؟! تلقاها تبكي ليل نهار علي حال عيالها????,anger
: يا اهل العراق حكومتكم سلمت بلدكم للايراني قاسم سليماني   هو الذي يقود جيش العراق والجحش الشعبي  يا اهل العراق   ضاعت بل…,sadness
: اسعار اي حاجه بالجنيه المصري بقت مخيفه، يعني مش مصدق ان في موبايل بقي بيتباع ب 20000 جنيه عادي كده! وعربيه فيرنا ب 200000!…,fear
اجمل ماقيل بالحب هم يحسبون الحب رقص وسهر ليل غاوين تجمعهم علي الاثم سهره وانا اشوف الحب من باب تحليل عشاق يجمعهم مع الوقت طفله,love
اعانكم الله يالطبقه الكادحه قلوبنا معكم ❤️❤️,sympathy
كذاب يبرء ايران  وليخف الضغط عنه من القصف  مخادع ???????????????????????????????????????? لانهم ازتنزفو من الظربات الجويه وبانت هزيمتهم بسوريا,anger
حسبنا الله ونعم الوكيل اللهم ارزقنا حقيقه اليقين وثبتنا علي الحق والدين وارؤف بحال اخوانناالمستضعفين فقد بلغ بنا ال…,sympathy
hammad  كنت عايش من غيرها وراضي بس منه لله اخويا ????????,sympathy
040 وداعش الي ف اليمن ماتقتل الاالمسلمين وما فجرت الا مساجد المسلمين وما سحلت الاموتي المسلمين هل هوهذامنهاج النبوه هل هذه هي الخلافه,anger
: الحُب يُشعركَ بالسعَاده رغمَ صُعوباَت الحَياه ..!,love
في عيونك ضاع قلبي و اكتفي وفي غرامك يا معين الصابرين 😴💗  رتويت  رومنسي  بوح  خواطر  شوق  ذوق يبتي  جميل  رائع  غزل  صباحيات,love
احتاج اقرا اقرا لكن خايفه من الصفحه الاخيره . بعض الكتب لازم ما تنتهي 😿💌,fear
نكته من الاوليمبياد   مشارك في اولمبياد ريو حصل علي ذهبيه. بعد يومين تركته يْوليه. عرفت انه ماخذ فضيه,none
ربنا يتولاهم برحمته ويشفيهم ويعافيهم يا رب  ادعم مستشفي ابوالريش,sympathy
SNMC: خايف ابدا اذاكر و اعمل حاجه مفيده واسيب الحاجات التافهه تتراكم عليا,fear
بس فطور وبعدها قهوه مع تمر وباقي من من سعراتي 471 ؟!! من غير غداء وعشاء !!,surprise
MMS: لما تبيع انسان !! لجل  انسان بتلقي قلبك ابقلبه وقلبك خاوي ضلوعه قهر وشالقهـر انك تموت مقابل الاكفان بحضن القبر لك حنه و…,sadness
بحاول مفكرش بحاول مصدقش بحاول اهرب م اللي حصل بحاول ابطل اتعلق بحد بحاول انسي بحاول اعيش..  دي محاولاتي في اخر3شهور في 2014  معظمها فشلت : ),sadness
يارب الاوليمبياد اللي جايه ما اقعد انا و جيهان ع نفس الكنبه كفايه كده 👊👊,none
بما ان الحاله تعبانه .. ارفع ايدك فوق لو متضايق هتروق : D,sadness
روح السيسي طاغيه علي كل حاجه خاصه بمصر ، يمكنك تلخيص مشهد البعثه المصريه في الاوليمبياد انها سيسي جدا,sadness
احنا اتناكنا في الاوليمبياد في كل الالعاب جماعي وفردي.,anger
البنت اللي كانت شايله العلم الفلسطيني في افتتاح الاوليمبياد 😍😍😍😍,joy
فيه لاعبه لابسه رقم 6 ف منتخب فرنسا سيدات ف الاوليمبياد . . عسل اوي 😂😂,joy
نموت نموت وتحيا الشفونيره ، كفايه في الاوليمبياد فرحتي بالميداليات اللي كسبوها ولاد البلد بجد مش المجنسين,joy
خايفه ما اذاكر في السبع ساعات ذي واقول ليتني رحت 😂💔.,fear
اكررررهه اننيي اقرر اروح لشخص بعدين اتردد لاني خايفه اندم قد شعر راسي 💔💔!!,fear
الـــف مبرووووك,joy
: وده الي كنت خايف منه ???? خلصو علي فلسطين وشالوها من الخرايط ???????? ومعدش في حاجه اسمها فلسطين ???? وداخلين بقا علي مصر ????????  ادعوا لا…,sadness
انرتِي  سمائي  مساائي .. وباقاتْ الامتنانْ لِ مُروركِ الَمُشرفْ ولك مني باقه ورد هي سلامي,joy
تخيل خايف اعيش بهالدنيا بدونك!,fear
خايفه افتح كتاب الرياضيات.,fear
كل محبه يقطعها الدهر الا المحبه في الله فان حبلها ممدود الي رياض الجنه اللهم اسالك حفظ الرفاق من كل فراق ،وان تزيل عنهم كل كرب وشقاق,love
ليس الدموع التي تجري من العين ماؤها ، ولكنها نفس تذوب وتنفطر ..,sadness
خايفه اخسرك.,fear
عمان يجب ان تكون تحت المجهر ، هذه الدويله الصغيره تحيك امراً نسال الله ان يبطله,fear
الجولاني برميه القناع وفكه الارتباط يعطي مبررا لقمع الثوره السوريه فهو الان يصنع قاعده ببلاد الشام وامريكا تصفق ﻷنها ستحتل كل مناطق المعارضه,anger
alessa10   m من تابع الحلقه يجد ان الخطيب يناقض نفسه بنفسه,anger
ساعه استجابه اللهم اجعل لاخواننا في حلب فرجا من كل كرب واجعل نهايه حزنهم فرحا.ونهايه خوفهم امناونهايه صبرهم فتحاونصرا انك علي كل شي قدير,sympathy
مسلسل موجه حاره ده مفيش اي قناه فكرت انها تعيد عرضه مره تانيه؟!!!,surprise
تراجف ايديني من البرد وقول يارب ارحم اخوانا وارزقهم,sympathy
5000 دينار راتب شهري لصاحب الميداليه الذهبيه ويتوقف الراتب مع بدايه الاوليمبياد مره اخري 😊.. قانون الهيئه,none
دروس ايجابيه بالهبل في كل لحظه في الاوليمبياد، بس احنا سايبينها كلها ورايحين ننكش علي اي دعم للمواقف السلبيه,none
يا رب تونس تخسر كل ماتشاتها في الاوليمبياد عشان انا ماطلّعوليش الڤيزا.,anger
:   fahad      قلناها من مارس 2015، للاسف عُمان الشقيقه متورطه في دعم الحوثيين، هم يدّعون الحياد، لا…,anger
: اللهم ان تنصر اخواننا المستضعفين في سوريا والعراق وفلسطين واليمن وجميع بلاد المسلمين اللهم كن معهم فوحدك الناصر والمجيب ي…,sympathy
ما شاء الله ربنا يخليها ^ ^ جميله,joy
iiisara متعاطفه معه مدري ليش 😭,sympathy
الحُب لا يشغلك برد الشتاء وانـت تدري ان الشعور بداخلی ما توفي واذا ذبحك البرد يفداك صدري اقرب من ضلوع الخفوق وتدفي ..,love
ويظنُّ انّي قد اميلُ لغـيرِهِ انّي ؟! وقلبي باسمهِ مكتوبُ انا ما شربتُ الحبَّ الّا مَـرّهً والكلُّ بعدك كاسُهُ مسكوبُ  شعر فصيح,love
AL8ARNY:  عيسي النخيفي يتعرض للتهديد ميليشات الفساد ببلدنا يرعبها كل صوت حر لا يرضي بالفساد وتلجا لطرق العصابات تهديد او محاكم و…,anger
بالصوره  بطله مسلسل  تامر حسني  مفاجاه.. من هي؟,surprise
iiiim:  خالد صالح المطيري اللهم اغفر له وارحمه اللهم اجبر كسر قلوب ابنائه واهله اللهم ارزقهم المن والسلوي وصبر قلوبهم.,sympathy
وماذا عنك ؟ مشوش جدا يارفيق يكاد برق قلبي ينفجر من بين الضلوع 󾬎,sadness
😆😂 فجاه انصدمنا من هالكم الهائل من الكُتّاب والشعراء,surprise
: اللهم اغفر لمن عشنا معهم اجمل السنين وهزنا اليهم الحنين اللهم بلغهم من اخبارنا ما يسرهم و يفرحهم و اجمعنا بهم في مستقر يا…,sympathy
اخويا الصغير واخد التليفزيون حِكر ومش عارفه اشوف الجمباز ف الاوليمبياد,none
: ان تنام ابنا لعائله عربيه، وتستيقظ اسرائيليا... القصه الكامله لعائلات المستعربين الذين جندتهم اسرائيل في الستينيات,anger
Gulf ولد الشيخ يخدر الشعب اليمني والسعودي بالتعاون مع السعوديه والحوثين تمهيدا لتقسيم اليمن,anger
عجزت افهم ياخي هارولد مع الاله وديسما يبون هارولد والاله تبي تخترق نظام الساموري وش هالتعقيد لابوكم لابو مسلسلكم ????,anger
يكفي حفل الاوليمبياد البرازيلي نجاحا هو الدعوه المبطنه التي دعا اليها ( المحافظه علي البيئه ),joy
911 يا نجم ربنا معاهم ومع اهليهم ربنا يصبرهم بس انت تفتكر ليه مفيش علاج؟ ربنا يشفي كل مريض  اطفال السرطان بتموت,sympathy
hawary: لو لفيت الدنيا بحالها .. انا الاقيك تاني !!  انا دلوقتي 🎵,surprise
مش تقريبا فعلا قانون الملاكمه في الاوليمبياد الاعبين الذي يخسرا في قبل النهائي بياخدوا ميداليه برونز ولا يلعبان سويا,none
3lawy زباله الكويت مره وحده يا خره لو مو الكويت انت للحين تلعب بالبعر اذلف,anger
:  لن ننسي سنجار سنتان ولازل نصف منطقه شنكال تحت سيطره داعش لازال رفاه شهداء لم تدفن في مقابر لازال 1400طفل مختطف,anger
استحاله يشيلوا النقاب عادي كده في المحل دول بيكلوا من تحت النقاب !!,surprise
باعو عرضهم وشرفهم لامريكا واسرائيل وقفت علي الجنسيه يعني؟ لعنه الله علي السيسي. الله يخلص اهل مصر والامه باجمعه من السيسي واعوانه,anger
ياخي من كثر ماانا خايفه جاني تبلد صرت مابي افتح ولا شيء ولا اتعب نفسي ابد,fear
المصريان احمد اكرم ومروان القماش بعد قليل سباحه Bein 3  مصر في الاوليمبياد  ريو دي جانيرو 2016,none
لله درك ايها الجبل الاشم زادك الله صبراً وثباتاً علي هذا الطريق امضِي بنا حيث شئت فنحن جنودك والله لو خضتم البحر لخ…,sympathy
:   لن تفلح  في تضليل  الناس الحرب هيه عربيه اسلاميه ضد من باعوا اليمن للايران  والكل يعرف هذا,anger
كيف اخاف الفقر وانا عبد الغني الذي له ملك السماوات والارض .,surprise
وفي قلبي مستقرك وبصدق نبضي كنت لك وبوفاء الذكري تبقي الهوي  ذكري  قصص  ورد,love
تعريف(الفساد)تسخير المنصب العام من اجل الحصول علي مصلحه او منفعه خاصه يحميه الاستبداد والقمع ويحميه الجهل والتخلف اذا امنت العقوبه اسئ الادب,anger
EsaretinBedeli لا كميه الاعلانات الي بالهاشتاق !!!! الواحد مش عارف يشوف اي خبر او معلومه !! ماشيه وابلك فيهم منين طلعو 😖,surprise
اللهم كن لعبادك الذين ضاقت صدورهم، وتعبت ارواحهم وابدانهم، ولم تعد قادره علي الشكوي السنتهم ،،، يا رب.🙏,sympathy
: عم تنزف. الك الله ياحلب.,sympathy
كل عائق في وجه الحب هو مؤقت الحب لا تهزمه العوائق لان سموه يعلو فوق قانون البشر 🌷,love
اللهم اهلك اهل السعوديه و ال سعود ياالله يامحمد ياعلي,anger
امس المدام تسمعني تسجيل صوتي  حق وحده تسفل في ام عبدالعزيز بكلام مضحك اخر شي قالت معكم فلانه الحربي  قلت هذي شكلها ضي هههههه,joy
والله الاوليمبياد دي حلوه شاغله الواحد كده ... مع انه مالوش فيها اصلا 😂😂😂😂,joy
اعمق من مجرد لقاء او حتي اطراء ! الحب تضحيه وعطاء، الحب استدامه وبقاء !,love
: وعلي ضوءِ القمر ! يراقصُ العشَاق بعضهم ، وانا لازلتُ بانتظاركَ واعلمُ بانكَ لن تعود ♬ .  جروح  خواطر  بقلمي  قصه  خيال…,love
الحزن هو ان افتح لك مدن اسراري، واسكن معك في قمم الجبال، ثمّ ينهار كلّ شيء علي راسي، واكون انا السّبب في هذا، لماذا؟ لانّ الحزن رفيقي.,sadness
عارفه انه طلب صعب ، بس يارب اعيش لما اشوف مصر بتنظم الاوليمبياد بصوره مشرفه كده 🙏🏻,sadness
: احياناً يوجد بداخلنا كلمات لانريد ان نقولها ونكتمها بداخلنا لكن كم كتمانها .. 💔,sadness
500 عربيه لحمه جنب كام جسد اتقتل واتحرق في  ماسر ؟! طب خلوهم الاف بعدد(لحوم)البشر اللي جزروهم  وحرقوهم في  رابعه واخواتها واللي رموهم السجن,sadness
لا يوجد اوسخ منكم خنازير تتبدل وجوهكم بسرعه البرق  اين مقولاتكم داعش والنظام وجهان لعمله واحده  ليش تستنجد فيها اجل الان؟,anger
الحُب امي ..! .,love
يمرونَ من امامناً⁰يتجاوزون بَحّه الصوت المكسور ⁰وكانَّ شيئاً لم يكن,sadness
ان تسلم مقاليد سعادتك وراحتك وقلبك لمن تحب، فلا سعاده الا به ولا راحه الا بقربه ولا حب الا له، ولا انت بدونه ✋,love
كلها 64 سنين ونستضضيف الاوليمبياد الجديده .... هيعدوا هوا ان شاء الله 😂😂😂👌👌👌,none
: اسمك طبع بالعين كل لحضه اشوفه وحبك سكن بالروح مو هينه اعوفه  شعر للناس الراقين الي الگلب ❤ ينجذب الهم ولو طريق بع…,love
?نني انثي .. اجزم ان ابناء ادم لن يفهموا قلوبنا حتي له امضواء الف سنه ..,sadness
المهم كننزي ما تتهربيش مش عشان زهقتك مني ع الانستجرام ماتسلميليش ع مينا وتبقي حبيبتي وصحبتي اوي لو خلتيه يمضيلي اوتوجراف باسمي,joy
f151 تسلمواااااااااا,joy
منتخب  كره اليد ومنتخب  كره الطائره يهديان هزيمه اليوم الي السيد الرئيس  السيسي راعي الرياضه والرياضيين  الاوليمبياد  ريو2016,none
افتتاح الالعاب الاوليمبياد في ريو دي جانيرو البرازيل 2016 دخول الفريق الياباني,none
: ليست لنا مشكله مع  اليمن  فلماذا تذهب ارواح شبابنا من اجل عائله ويموت اهل اليمن فقط لتحقيق رغبات طفل مغامر بالدماء؟ ان…,sadness
اللاعب اسلام الشهابي الذي خسر من لاعب يهودي في الاوليمبياد اسرع خساره في التاريخ دقيقتين و20 ثانيه بنتيجه 100 0 يا ليتك انسحبت,sadness
انا خايفه اكثرر منهم.,fear
يكفي انهم احباب الله🕊 التعامل معهم وكانك تتعامل مع ملائكه قلوبهم نقيه لا يعرفون النفاق ولا الكذب 🕊 يتعاملون معك بكل عفويه وجمال  الاطفال,sympathy
aad: يا اهل  العراق  السنه انتم وحدكم معكم الله استعينوابالله واصبرواواحملواالسلاح وجاهدواالاعداء  الرافضه فهم يريدون اجتثاثكم…,sympathy
بنكدب لما نتكلم عشان عارفين لو اتكلمنا جد هنفترق بعدين,sadness
كلنا هذا الشخص المتنيل علي عينه ...  prt,sadness
مبروووووك ي ميوش انتي جميله وفكك م اي حد وافرحي واتبسطي بشبكتك وعقبال الفرح يارب وعقبال كل البنات ❤ واحنا بنحبك مهما حصل ❤,joy
جوايا كميه من الشتيمه لو وزعت علي لاعيبه الاوليمبياد لكفتهم ...,anger
: انا لله وانا اليه راجعون حسبنا الله ونعم الوكيل اللهم الطف وارحم اخواننا في نعوذ بالله من العجز والجزع ..,sympathy
الحب لا يعرف سن ولا مله ولا زمن ولا ظروف الحب مساحه شاسعه خارج حدود المنطق !,joy
ﻣـﺆﻟﻢ .. ﻋﻨﺪَﻣﺂ ﺗـَﺸَﺘﺂﻕْ ﻟِﺸَﺨﺺْ ﺗَـﻮﺩَ ﻣﺤـﺂﺩﺛَـﺘﮧْ ﺛُـﻢَ ﺗـﺘَﺮﺁﺟﻊَ ﻵﻧـﻚَ ﺗَـﺸَﻌﺮ ﺑـﻌـﺪﻡ ﺣْـﺂﺟﺘَـﻬُ ﻟَـﻚْ .. !,sadness
قالت انت شاعر اوصف عيوني قلت.. عيونك تعلم الخاين يتوب ويرد لدروب الوفاء عاشق .,love
تكميم افواه ام اجهاز علي الادرع الاعلاميه للانقلابيين.. حريه الصحافه في  تركيا تمر من اختبار حاله الطوارئ؟,anger
زهقنا من اي حد بيقول معلومه وغير بيها حياه ناس وهي غلط,anger
و ايه كازخستان دي ده بيتفرجوا علي الاوليمبياد في الخلاط عشان معندهمش تليفزيون,none
انا ليا مين غيرك وهعيش لمين غيرك,joy
قلبك ملكك متشغلوش باي حد ♥,joy
معتقدش دا هيبقي حاصل في الاوليمبياد,none
سينجل لاني خايفه من الارتباط وخايفه نندم 😨,fear
المعرص اللي رفع علم السعوديه في الاوليمبياد زي المعرص اللي رفع اشاره رابعه قبل كدا لازم يتحاسب هو كمان ولا نبقي بلد معرصه ولا مؤاخذه,anger
26:     الله يحرقها كلها من علي الارض حتي البر صار مخيف وين نروح في ذا العالم المخيف 😢,fear
علي قد ماانتظر ديسمبر الا خايفه منه 😶💔,fear
جيت احسبها بالعقل لاقيتها بايظه معايا من كل حاجه ... بس خايفه امشي ورا قلبي كدا كتير والبس ف حيطه ف الاخر .. 😐😐,fear
والحال  ياصاحب : اني عجزت انسي توديعك الشاحب ! لكن علي كل  حال فرْحي انا الرحال لا تقلق افـ بُعدك جاني صاحب !,sadness
مبروك فك حصار حلب بعد شكر الله والثوار تحيه للمغردين من شباب الخليج الذين وقفوا معنا وشاركوا فرحه السوريين، هاصهً للجيش السعودي فتويتر 👌🏻,joy
هو خايف يكلمها لتكسفه ! وهي خايفه تكلمه ...تقل من نظره ! والاتنين هيموتو علي بعض ❤☺,fear
المصري وليد محمد x البريطاني جوش كيلي بعد قليل ملاكمه Bein 6  مصر في الاوليمبياد  ريو دي جانيرو 2016,none
قطر داخله الاوليمبياد بـ 25 لاعب ، اللي عايز يسرق قطر يستغل الفرصه دي البلد كلها في البرازيل 😂,none
مش باقولك يجندوا الشعب يمكن يتعدل حاله الاوليمبياد منكده علينا,none
Happy Birthday Qaddura  :      بنهديك هالفيديو بمناسبه عيد ميﻻدك :),joy
روجر بويز في “التايمز”: كيف فضحت حلب عجز الغرب؟,surprise
abdullah انا خايفه انام اصحي ع كارثه اكبر,fear
افشوا  الحُب بينكم ، قبل ان تصبح قلوبكم ليست لكم ~ 🍂💜 اقتباسات من كتاب   اخافُ عليكِ   فهد العوده ،,love
f22   ربنا يتولاهم 😔,sympathy
: حبيبتي ناوليني من  عينيك جرعه ومن ابتسامتك  قبلتين ومن نعومه انوثتك رعشه ومن صوتك  عناقين لالوي عنق الابجديه بخاطره و  …,love
حاضر هنهري اسبوع في علم السعوديه اللي اترفع في بعثه الاوليمبياد المصريه .. وننسي ونسكت وميحصلش حاجه ولا نتقدم خطوه واحده .. حاضر,sadness
salyy: قبل ان التقي بك كانت حياتي اقل حزن كان كل شئ سهل قبل ان تكون حبيبي,sadness
مفاجاه جميله  لاليسا، وما الذي ينتظرها في  دبي؟,surprise
بولت اعظم رياضي في الاوليمبياد الصراحه و فيلبس لا يقارن بيه، بقولها كسباح سابق كمان يعني موضوعي و امين (و كذاب عشان مايصحش اعتبر نفسي سباح),none
جركن البنزين الصغير عامل شغل ف الاوليمبياد,none
Cats انا خايفه يكون الحليب قليل كثافه لدرجه عملت له اسهال,fear
علي هامش الاوليمبياد حصلت مصر علي حوالي 23 ميداليه اوليمبيه علي مدي مشاركتها في الدورات الاوليمبيه,none
: لن تدوم طويلاً فما صنعته من الم لغيرك لن تذوق مرارته غداً.. بل سوف تجرفك افعالك الي بحور بلا مواني وبلا مرسي .. والله…,sadness
يقاس الحب بقدر اهتمامنا ، ورغبتنا بان لانجعل له نهايه ..,love
متعاطف معكم ياهل الحلال ؛ الله يرزقكم ويسهل اموركم ،  نطالب بتخفيض سعر الشعير,sympathy
حتي اللحظه ...المسلحون القتلي تجاوز عددهم 1200 جثه نتنه علي ايدي رجال الحق ابطال الجيش العربي السوري ومن يساندهم....والعدد يتصاعد.....,anger
لم اتطرق لاردوغان بعد ان رايت منه الشر ببلاد المسلمين والعرب ولكن لا عزاء للخونه من العرب حالهم حال الشيعه,sadness
يا جدعان انتوا يااللي بتلعبوا كوره مع ابوتريكه و وائل جمعه بتلعبوا معاهم فين ؟؟؟؟,joy
ابرز غياب عن الاوليمبياد في التنس بصفه عامه ؟  Rio2016    tennis,none
انا مشكلتي مع الاوليمبياد حاجه واحده بس🙈 ان كل ما لاعب او لاعبه يفوزوا بالذهبيه و يبدا نشيدهم الوطني و الكاميرا تقرّب علي عينهم ادمع معاهم😫😂,sadness
: يا جدعان حد سافر لبنان قريب يقولي ايه الاماكن الحلوه الي تتراح و كده؟,love
يوم ما هتدخل الاوليمبياد مش هنعرف نجيب ولا ميداليه,none
: مالك عدلي محبوس عشان هو اشرف واحد في مصر  مالك عدلي حر,sadness
كل حاجه مع الايام يمكـن تروح غير حب تربع في ضلـوع بدوي  انشهد  شعر  حب,love
ايه يا جماعه موضوع الاوليمبياد واهتمامكم بيه ده 😞,surprise
من البؤس ان تنشغل عن بهجه العاب ومنافسات الاوليمبياد بحجاب اللاعبات,sadness
كفايه البصه اللي ببصها لحد و انا مش طايق الحد ده ..,sadness
: .لكن نقول لهم مهما فجرتم و خنتم و تخاذلتم فان  فلسطين ستعود للامه ولاهلها و ستسقطون . و بنادق المقاومه التي  ستطيح بكل مؤا…,anger
هذي الي خايفه منه😭😂,fear
لاشفتك تضحكين يرتاح كل شي فيني,love
داخله عالراجل بتاع السوبرماركت ماسكه كرتونه التودو براونيز بقوله ايه دا مين خلصها ؟!!!,surprise
يا سامحك الله، من علّمك ان تكون خيبه؟,sadness
الواحد بيشوف الاوليمبياد والالعاب اللي فيها ويتحسر علي نفسه والله ..ليه الواحد مش زيهم ليه والله؟,sadness
صحيت من النوم وانا بضحك مره واحده ؟!,surprise
: فعلا اللي بيقول تحيا مصر  بيتروق,anger
ايمن فايز فاز في سلاح الشيش علي بطل العالم وصاحب ذهبيه لندن وصعد للدور ال16 ALLAAAAHHUU AKBAAAR  يلا ريو  في الاوليمبياد  EGY,joy
الذي يحبك بحق .. هو الوحيد الذي يبقي معك حتي النهايه  عاشق  رومنسيه  اغاني  ضمني  احبك …,love
يا اهل مصر قلوبنا ودعائنا معكم  نازلين 11 11 عشان,sympathy
الاوليمبياد بقصصها من اعظم الحاجات الي بتحصل في التاريخ.,joy
حدث صادم بكل المقاييس الزوج يكتشف خيانه زوجته التي اتهمته بالخيانه شاهد ...,surprise
متبقاش عنصري متناك كده يا اسماعيل يا حبيبي,anger
احب الناس اللي جوهاا نفس جويّ مكتفيه بالـ   القهوه ، الكتب ، المسلسلات ، الافلام ، الموسيقي ، الورد   شقدّ حلوين .  كم شاهدت مسلسل في حياتك,joy
Jaleel: هذا القلبُ لكِ يا اختَ قَلبي فاحفَظيهِ.. فَلم يكُن لهُ، احلامٌ سِوي.. انْ تَملُكيهِ.. .. ْ,love
شكلنا مش هناخد ولا ميداليه الاوليمبياد ده 😂,sadness
خايفه ينزل وزني 🙂,fear
: ⠀⠀ ⠀⠀ ⠀⠀ احبه الاولين ، اللي لاحبوا اكتفوا.. ⠀⠀ ⠀⠀ ⠀⠀,love
هو صحيح 110 مليون كتير جدًا بس اي حد من داعمي ريال مدريد او پاريس او مانشستر سيتي يا ريت يخرس خالص عشان دول جابوا كل المعاقين باثمان باهظه!,anger
:  الغاء متابعه STC انا ما اتابعهم اصلا بس تابعتهم والغيت المتابعه تضامنا معكم 😂😂😂,sympathy
الهند 900 مليون برونزيه واحده المكسيك 100 مليون و بعثه 350 فرد برونزيه واحده البرتغال برونزيه واحده ربنا يكرمنا اكثر الاوليمبياد الجايه,joy
زائد 18 |  الرفق بالحيوان  اكتشفت ان جيراني المتحضرين قاموا برمي سم الفيران كي يقتلوا حيواناتي التي لا تؤ…,sympathy
يستغرب جدا لما حد بيعرض مشكله نفسيه او اجتماعيه علي جروب فيسبوك، بشوف العجب في الردود ! كميه المجانين...,surprise
التعاطف مستمر مع حزن  سنجار والامل ايضا مستمر.,sympathy
hero ربي يحفظكم ياشعب العراق .. ..الله يحفظكم لشبابكم يا ابطال,sympathy
خذيني بحبك عذبيني و في هواك اسجنيني ياملاذي ياحياتي انتي عهد عشقي و سنيني عبود النزقه ✒  بوح اشتياق  بوح ماله وقت  الرومنسيه,love
ومعانا عم سيد من ريو نقوله عامل ايه في الاوليمبياد 😂  هنيدي,joy
: تحيه لموقف العاهل السعودي والموقف الاماراتي الداعم لمصر. وندعو جامعه الدول العربيه للدعوه لقمه عربيه طارئه لدعم مصر وشعب…,joy
قلبي مشتاق لعيون الغزال بنت جميله كلها حسن ودلال,love
:  الـحــُب ❤ حــيّـن قــّال الامــْام عــلي .؏. يا رسـْول ﷺ ɑ̈ɺɺĨ اني لا اطـْيقُ العـيّش بـدون فـاطـمــه .؏. 💙  اللهم حب…,love
: اللهم انك تعلم ضعفنا وقله حيلتنا فلا تعاقبنا بخذلاننا لاهلنا، اللهم الطف باهل وابدلهم بعد خوفهم امناً، اللهم عليك بمن اذاه…,sympathy
صدقني يا صديق الحكومه خايفه علينا من السمنه وبتعملنا رجيم جماعي بيس يا مان ✋😂😂,fear
80 خايف علي اسمك,fear
N 88 اكيد فنحن البشر متوحشين جدا نقتل الحيوان لكي ناكله ????,sadness
oooo: عارف انته مشكلتك ايه ؟؟! .. انته بقي عندك فوبيا من العلاقات .. خايف تسيب نفسك فتلاقي نفسك اتسبت !!,fear
هي دي حالتي بلظبط :(,sadness
يقتلهم الجوع قبل رصاص الحروب وتراهم يتدافعون من الجوع يبحثون عن قبر ياويهم .  عقول كادحه  فكر حر…,sadness
ahmed67 انا خايفه بجد ومش طايقه الهزار ولا السخريه م واقعنا المزري,fear
anatomy  انتي ايه مبتخلصيش !!؟,surprise
مش عارفه ده كلو حصل ازاي !,surprise
السنادي انشاء الله نصعد كاس العالم للانديه يا ريش وربنا معاكم في الاوليمبياد,none
: هو دفء القلوب والنغمه التي يعزفها المحبين علي اوتار الفرح وشمعه الوجود..🎶,love
مَلِكٌ انا لو تصبحينَ حبيبتي 😍 اغزُو الشموسَ مراكباً وخيولاَ💞، لا تخجلي منيِ فهذهِ فرصتي 💖 لاَكونَ بينَ العاشقينَ رسولاً ❤️💞,love
احتفال الاوليمبياد😍,joy
Elgendy يا الله ع وجع القلب ، ربنا قادر يصبرهم ويهون عليهم ويعوضه قادر يا كريم يارب,sympathy
سعوديون ضد التطبيع مصدر في وزاره الخارجيه نفي علاقه الدوله بما فعل السفيه عشقي ولكن السؤال عاد يسرح ويمرح ولم يعاقبه احد,anger
عائله الشهيد محمدالفقيه : جنود الاحتلال اقتحموا منزل عائله زوجه محمد، في قلقيليه وحاولوا اجهاض حملها وضربها.,anger
انجي موتتني ضحك بجد : D,joy
اجمل حاجه النهارده في افتتاح الاوليمبياد كانت علم فلسطين,joy
اهو رجب ده عضلات بس مفيش مخ ، لو فيه مخ هو ومدربه كان زمان جاب الدهب مرتاح من شويه المغفلين دول,anger
مدري وش اقول قلبي متعاطف افضل ما عندي الدعاء الله يدلك ويسهل لك ويشرح صدرك ويفتح علي بصيرتك,sympathy
وعندما سالت قلبي هل تقدر علي فراقه ؟ بكي  وقال : فراقك اهون من فراقه ..📝,love
هناااك حب يستحق التضحيه وهناك  تضحيه تستحق الحب,love
ولاد الزمالك فخر مصر في الاوليمبياد والله,joy
السعوديه بشكلها الحالي تم تاسيسها في 1932 .. اول مشاركه لمصر في الاوليمبياد كان في دوره ستكهولم 1912 بمشارك واحد في لعبه الشيش.  رجعوا حماده,none
شيء مُرعب فعلًا ، الحمدلله علي سلامته💔.,fear
: اللهم في  يوم الجمعه نسالك يا ذا الجلال والاكرام ان ترحم عبدك عبدالله بن عبدالعزيز، وتحفظ بلادنا ومقدساتنا وشعبنا وامننا م…,sympathy
:  تعز مسجد الشيخ ابن علوان والمناره والضريح بخطر خدوا الحذار يااهل يفرس ويااهل جبل حبشي عصابات الارهاب الوهابي تنوي الليله تفج…,anger
الاوليمبياد خلاص هتخلص الاسبوع الجاي لما تخلص هاكتب عن ال PL 😂😂,none
official ليثووووووووووووو شرف تويتر  LaithAbuJoda,joy
فجاه العموم علماء فلك 😂  القمر العملاق,surprise
: ياناس سفلوا فيها ودقوا خشمها بس بعيد عن هتك الاعراض ربي يتكفل فيها السلقه   كلنا ضد مريم بيفور64,anger
لسه ملقتش اللي يحبني زي مابحبه !!,sadness
0: يداعبُ عيناها سهراً يخالطه عشقاً فتبقي اسيرهَ صمتٍ لاينطق تُخفي شوقاً كي لاتتالم تخشي وهي عاشقهٌ متيمه .  حرف البدر  قر…,love
Rowaili هذا معاناتنا سواقين عليميه وناس متهوره مشواير الرياض مرهقه ودي ترجع الرياض زي زمان ????????,anger
ﻣُﺆﻟﻤﺔ ﺗﻠﻚ ﺍﻟﺪﻣﻌﺔ ﺍﻟﺘﻲ ﺗﺴﻘﻂ ﻭﺃﻧﺖ ﺻﺎَﻣﺖ ﻣﻦ ﺷﺪﺓ ﺍﻻﻟﻢ !💔 💔,sadness
ديل بوترو كده يبقي خرج دوجوكوفيتش و نادال من الاوليمبياد .. لك الله يا زمالك,sadness
كنت احب وكنت اخاف من الغياب صرت اغيب وصرت اخاف اني احب  عتاب  غياب  بوح  خواطر  فراق  حزن  وله  جرح  مشتاق  احبك  اشتياق,love
FC الله يوفقكم مهما حصل الجمهور معكم,sympathy
الحمدلله علي السلامه وهذا خوف بس انشاءالله تريح وتهدا اعصابك,fear
arabic وااااااو.. ..😳😳,surprise
: طارق الملاح، حبيبي اذا ولالبد حزب الله بدو يداهملك منزلك، بيبعتولك الاخوات بكشاف الامام المهدي. حبيبي طروقه,joy
انا هعيط يا احمد كل حاجه خربت والله وانا خايفه من الخطوه بما يكفي,fear
: ليسَ الفؤادَ مَحل شَوقكَ وحدَهُ كُل الجَوارحِ في هَـواكَ فـؤادُ *لقائله,love
الساكت عن الحق ابن وسخه.,anger
طيب دي مسائل كيمياء ازاي بس ؟,surprise
مجزره اخري في الحديده، سئمنا التعب حتي مل.. يارب لفته ملييه!,sadness
انجزوا بقي يارب محمد يارب  StaracArabia  DoaaElSebaii,fear
: ???????? .  يسعد مساء من حن لعيون غاليه   وارسل  مراسيله  مشاعر رقيقــه ما يدري انه في خفوقي واحاتيه  ذكره .. مرافقني دقيقه .. بدقيق…,love
المهندس نواف الزعابي وقف بجانب الحق وموقفه مع العمال صفعه بوجه من دس راسه بالرمال شكرا من القلب مواقفك سيخلدها التاريخ,love
يَ فتنه عيونك كل ما اناظرها سّهيت ..!  بوح,love
الجاثوم اقل مايقال عليه شي مرعب فعلا 😔💔.,fear
اللهم انصر اخواننا المجاهدين  بالحد الجنوبي  العراق  بورما ان تنصروا الله ينصركم ويثبت اقدامكم,sympathy
معكم قلبا و الله معاكم ليت الثور يحس  اليوم 70 stc راح نفلسكم,sympathy
افتتاح الاوليمبياد حلو فشخ الصراحه🙉😍  Rio2016,joy
المصري احمد قمر الان نصف نهائي رمايه Dubai Sports 1  مصر في الاوليمبياد  ريو دي جانيرو 2016,none
التعديل ده لسه حاصل ف الاوليمبياد دي ، انهم ابتدوا يسمحوا للملاكمين المحترفين انهم يدخلوا المنافسات,none
ماني قادره انام 😭💔والله مررره خااايفه,fear
واحْبَبتُ فيكِ الاشْياءَ كُلَّها يا كُلَّ الحَواسْ. .. ْ,love
: فقط في  الحُب تُسيطر العاطفه علي جميع القرارات💕،،؛,love
البرازيل فالافتتاح مصورين مراحل تطورهم و حياتهم .. احنا لو استضفنا الاوليمبياد فالمشمش يعني 😂😂 هنصور الهم اللي احنا فيه ده ازاااااي 😂🤔,surprise
ده معناه اقاله محافظ المنيا انه لم يقوم بواجبه تجاه الام التي اتعرت في محافظته,anger
9.30 اوعي الاوليمبياد تنسيكي الاهلي,none
اللهم يامن يعيد المريض لصحته، ويامن يستجيب دعاء الضعيف، الطف بجسدها واشفها شفاء لا يغادر سقما.,sympathy
مششششش معقول,surprise
لو مش متابعه الاوليمبياد وزهقانه من التايم لاين تعالي دي ام,none
افتتاح الالعاب الاوليمبياد في ريو دي جانيرو البرازيل 2016 دخول فريق الروم الارثوذكس روسيا عاشووووو,none
nada يعني خايف يمنعونك من لبس النقاب,fear
تُخمدُ صرخَاتُ الاشتياق؛ حينَ لقاء تحدّثت بهِ العيُون.,love
الاوليمبياد هتبقي علي دبي الرياضيه ياجماعه,none
ايه الماده الزباله دي ليه كده !,surprise
وقلت يعني شوي وراح تخف والا انا كل شوي وتزيد والله طول وقت الاختبار خايفه استفرغ علي الورقه,fear
نضاره الشمس الريبان ضاعت و حاسس اني نسيتها فالكليه و خايف اكتب علي جروب الدفعه ليتحفل عليا و حاجه بؤس يعني 😢,fear
انا باهتم يا عمو. وكنت باتابعها الاوليمبياد الل فات. كنت باكتب علي هاشتاج  شجعوهم :),none
محمود عبد العزيز فعلا كان من الممثلين الي ميتقدروش بالمال وتمثيله كان ليه ع الاقل هدف او معني  الله يرحمه,sympathy
هِيَ البدرُ حُسْناً والنساء كواكبٌ وٓ شَتَّانَ ما بَيْنَ الكَواكِب والبَدْرِ  مجنون ليلي  شعر فصيح  غزل  شعر غزل  ابيات…,love
وانت من اهل ميتين امه ياحما,anger
و النبي هي الاوليمبياد تنفع من غير هشام رشاد و محسن نوح ؟ 󾌴󾌴 يا حزن الحزن,sadness
تحيه اجلال وتقدير للشعب السعودي الصامد نحن معكم ضد جشع شركات الاتصال  اليوم 75 stc راح نفلسكم,sympathy
يا ريت الاخوه المسلمين العرب في الاوليمبياد لو فازوا بحاجه .. لو يعني   بلاش حكايه سجده الشكر و رفعه الايدين حمداً ده لعب في الاخر يعني .,none
في اي مصريين حيلعبوا النهارده في الاوليمبياد,none
: ندعم بكل قوه وتفاؤل البطل   عبدالله طرقي الرشيدي ويشرفنا نبشره بارض سكينه جار  فهيد الديحاني كحافزله لتحقيق الذهبيه???? ht…,love
حاجه كده بمناسبه الاوليمبياد,none
يوم مميز للسباحه الصينيه هي زي، اولًا فازت بالميداليه الفضيه ثم تقدم صديقها السباح كين كاي لخطبتها امام الحضور ووافقت .. عجائب الاوليمبياد,surprise
امراه رائعه,joy
حينما يعدُك وتتامل وتحلم ، ويُخلف !!!!,sadness
بالتوفيق احمد عبد الرحمن  الاوليمبياد,none
الوحده قاتله ( الباندا (Qizai) هو  الباندا الوحيد  بني اللون في العالم عندما كان عمره شهرين هجرته  امه بسبب لونه…,surprise
تراني خايف بشكل ما تتصوره,fear
صباحك ورد وياسمين وفل وكل شي حلو ????????,love
: رعاه البغال يتطاولون في البنيان     هُبل الثاني     يدخل الحرم ليلقي بظلاله علي الكعبه المشرفه  اماره السفهاء,anger
يارب يشوف كتابتي فزعتك ابوي سلمان لاضعف مخلوقات الله سلب حقها من البلديات  نطالب البلديات بالسعوديه ايقاف تسميم وقتل الكلاب,sadness
بتوفيق يا العندليب  مبدااااع وهذي عويدك في كل مكان انشهر اسمك بطيب وانت تستاهل كل خير وربي فخر      خالد حامد بمهرجان العيساويه,joy
احيان كن قو الحزن والياس نبكي ع اشياء ما لها معني💦🔕. . .  بوح  حب  عبارات  اقتباسات  احساس  سالخير 🚶.,sadness
تركي العواد يسيء للسعوديات طبل براحتك بعيد عن امهاتنا!!,anger
اغَرّكِ مني انّ حُبّكِ قاتِلي**وانكِ مهما تامري القلب يفعل   الالقاء المخيف لكلمات مخيفه :(  يارب  معلقات,love
العظيم .. هو محبه الله سبحانه ثم نبيه اللهم صل وسلم عليه,love
المفروض هالمقطع يكون اسمه الهروب الكبير!!,surprise
مافيه هديه للي تاعب نفسه معاك والا نفسي نفسي????????,sadness
ويحدث ان تحتاج من بعد هذا التعب ان تتواري تنفصل كليًّا عما يحيط بك مثل لو انّ العالم دائره واخترت المبيت خارجها”,sadness
احلام العنزي فخر الكويت الف الف مبروووووك بنت قبيلتي وبنت ديرتييييي???????????????????? كفو عيال الديره كل يوم اسم رافع اسمنا بشاره خير ان شاء الله,love
لمن يعتمدون علي  بوتين بوتين تحت حذاء امتنا... لمن يعتمدون علي  نتينياهو الكلب واعوانه تحت حذاء امتنا....لمن...,anger
ف الفم ضحكه وف القلب حكايات❤️,joy
: جعل ابوي .. اللي عن الدنيا فنا ف الجنان : وتمطر الرحمه عليه  الله يرحمه,sympathy
:     مصر بيعت وكمات اجروها ...عصابه بتحكمنا,sadness
: زفوه قدامي وانا العين تبكيه زفوه للي حكمها بنت عمه فرحانه امه في نظرها تراعيه وانا اصيح الموت لـ القلب يمه,sadness
سانتظرك مهما طال بي الزمان  فاني رفعت يدي داعيا باسمك              والله  لا يرد اليد المرفوعه اليه  بالدعاء اليه خائبه ابدااا ..&amp;,joy
اصفق واعلققق ياااربااااه مم مشش ممكن,surprise
هي مصر متالقه في الاوليمبياد ولا انا فاهم غلط,surprise
يجيني خوف كل يوم لما اروح مع السواق،امس جات سياره بتشيلنا بس الحمدالله ربي لطف.😥,fear
طب في واحد مصري بيلعب تنس طاوله ف الاوليمبياد ع نايل سبورت و بيادي يعني .. ف اللي فاضي يفتح يشجع بلده ✋🏻󾌰 — watching the Olympic Games,none
يا رب شفائك لمن مسّه ضر و لمن ضمّه القبر و فرجك لمن ضاق به الصّدر و جودك و كرمك لمن رفع يديه,sympathy
و دي اصلا رساله الاوليمبياد و الهدف منها,none
رايت في عيناه سراً فما للقلب الا ان يميل..💞,love
فقط نظره الحسره والندم التي في عينيك علي فراقي، تكفيني....  انتقام  ندم,sadness
اومال يابنتي احنا نواينا صادقه  بس حلو الهاشتجين دول عجبني  كنزه حبيبه المصريين  ليث المصري السادس,joy
كتنبيه، بقعد اتكلم عن الاوليمبياد لحد ما يخلّص لي 4 سنين وانا انتظره 🌞.,none
باذن الله منيف راح ياخذ حقه اللي صار ظلم 💔 وكلنا معكم وحنا جمهور الفخر معكم بعد ✋🏻,sympathy
كِنت خايفه افقده،والحين فقدته شعورالخوف ثابت فيني بكل شي.,fear
: خايف اسكت انسي الكلام ولو اتكلمت تزيد جوايا الالام هقولك ايه وعاتبك ليه م انت قدرت تنساني امنتك ع قلبي وقسيت عليه يبقي ازاي…,fear
ارسنال تركتكهم الافضل رجعت اشوفهم متعادلين وفريق سيء مايعرف يلعب كوره ؟!!,surprise
الاوليمبياد ديه الحب كله 😍😍 انا لو عليا اخد 3 اسابيع اجازه ومتحركش من قدامها,joy
انا بلعب كوره وبتابعها من وانت لسه ف اللفه ياحيلتها وكنت تكه وهكون فالفريق الاول اسوان وانشغلت بعدها .. انت تجهل الحجات دي ????????,anger
كل ما اشوفك اقول لا انا قلبي ازاي.. بقي بيك مشغول وبسرعه كدا,surprise
يا ربااااااااااااه ع الجمال يا رباااااااااااااااااه 💙,surprise
ساعيش مع حبك مهما مر الزمان فلن انساك يومــاً وان بعــد المكــان 💜  شعر  فرح  حب  حزن  خواطر  عتاب  بوح  برودكاست  قصيد  مقتطفات,love
الناس خايفه مش عارف ليه,fear
ahmedsami1 يانهاااار جهل,surprise
: انتَ وحشتني جدًا ، و وحشتنی نظره عينك وضحكتك،وحشني حضنك،وحشني كلامك..ووحشتني روحي اللي راحت من بعدك...وحشتني:)❤,love
: الطريق لك اكثر متعه من انتهائه ....,love
اللي معترض علي لاعب مصر اللي رفع علم السعوديه في الاوليمبياد خلي امك تروح تلعب رمايه مكانه احمد موسي ستايل — feeling hyper,none
قلوبنا ودعواتنا معكم❤  رساله لجندي عراقي,sympathy
كنت ومازلت مثلي الاعلي ربنا يرحمك  احمد زويل,sadness
افضل الصور ا?رسناليه في 2014 هشتاق جديد الكل ينزل افضل صور لديه,joy
تجنني قوي يا فرسه يلا تعالي خاص,joy
al3sl:   يمر العمر والدنيا لقي وفراق واللي سكن بقلوبنا صعب ننساه✋💔  حزن  خواطر,love
اجمل ماقيل بالحب ليس ان تمنع  حبيبك من  الاشياء بدافع  الغيره ان  يبتعد هو عن جميع الاشياء بدافع  حبك!,love
ياريت اتمني ..فانا دائما متعاطف مع المراه مقدر لدورها في المجتمع وفي الحياه والعالم زوكمان دورها العظيم علي تويتر في كافه الحسابات,sympathy
شافوم ممثل عرب في مونديال وهذا عالم ممثل علماء عرب في امريكا ما رنيش نهدر عليك راني نهدر علي الناس لتتحسس بزياده,sadness
هو واجب ، عُمان لنا ونحن احق بها لا نكتمل الا بكم ، وجودكم حولنا مبعث فخر وامان ، متضامنون وبقوه معكم وسنظل كذلك…,sympathy
الناس هتفضل تتكلم في موضوع  اسلام الشهابي دا لحد الاوليمبياد اللي جاي !,none
هل تعلمون ماهي مقدمات مقدمات الحب هو  الاعجاب ،،,love
مصر تاخد تاني ميداليه برونزيه ليها ف الاوليمبياد وف ليله واحده ومن لعبه واحده  فخر مصر محمد ايهاب البرونزيه التانيه من رفع الاثقال 👏👏✌✌✌,joy
كل صفحات السلفيين مهتمه بالخول اسلام الشهابي تحديدا دونا عن كل لاعبي الاوليمبياد اكيد مش عشان التطبيع السلفي اللي حاصل مع اسرائيل لا,anger
مطلوب مني مقال عن الاوليمبياد ، مش عارف هكتب ايه والله!,none
ما تسترجل يا ابن بت المره الخول انت وهو,anger
سباح تونسي ف الاوليمبياد طلع ف المركز الاخير . واحد تونسي مشارك الخبر وكاتب الحمد لله انه ما غرقش 😂😂,none
انا صرت خايفه من تفاؤلك.سامعه شي???,fear
حاسه ان فيه مرحله ذعر قادمه مش عايزه اخش فيها. انا خايفه.,fear
الغرض الاساسي من الاوليمبياد ان كل دوله تفتخر باللاعب الرياضي اللي يمثلها. لذلك مره ثانيه: اه يالقهر😭,sadness
كاظم الساهر  نواره عمري مروحتي  قنديلي    بوح بساتيني  مدي لي جسراً من رائحه الليمون,joy
الاجمل من الفشل انك تحتفل بذكري الفشل هابي ترعه داي,joy
KamalooZ: انا خايفه من يوم القيامه جدا ، لو ربنا اكرمني و دخلت الجنه هتشفع ف صحابي اللي اخدتهم الدنيا .,fear
ﺫﺍﺕ ﻳﻮﻡ ﻭﻋﺪﺗﻨﻲ ﺑﺄﻥ ﺗﺤﻤﻴﻨﻲ ﻣﻦ ﻛﻞ ﺷﻲ  ﻳﺆﻟﻤﻨﻲ ﻭﺍﻟﻴﻮﻡ ﺃﺭﻳﺪﻙ ﺃﻥ ﺗﺤﻤﻴﻨﻲ ﻣﻦ  ﺃﻟﻢ ﺗﺼﺮﻓﺎﺗﻚ,sadness
fisal holibi: اذا لم يعد لنا قلب يستطيع ان يتحمل مشاهد مصائب وتعز ونحن بعيدون عنهما،فما بالك بمن يكتوون بالنار ويعيشون الدمار!!…,sympathy
اه تمام نحمد الله,joy
انا عايزه اروح الاوليمبياد 😎😎😎,none
fg   روسيا وايران وافغانستان ليسوا عربا ليجي عربي متخاذل يحاسبهم,anger
انقلوا علي ابوظبي1.. التعليق بالانجليزيه بس هتعيشوا اجواء الاوليمبياد المثيره. لحد البهوات بتوعنا ما يخلصوا ضيافه واستضافه.,none
ما بقاش غير ابراهيم سعيد كمان .,surprise
انت اكثر شي يستاهل اجييھ و انت اجمل شي بعيوني تري ♡  بوح,love
: ابتسمي فهُناك من يلتقط انفاسه حينها,love
الخبر ده اول ما قريته قعدت اعيط معرفش اثرو فيا كده لييه ..ربنا يصبرهم والله,sympathy
صباحك ويومك جميل انشاءلله..مرسي لذوقك,joy
لازم يعملوا في الاوليمبياد منافسات في مين اكتر واحد يخش غرقانه مثلا عشان اعرف اشارك 😅,none
alswaiyd انشهد حرااااام اللي يصير بالنصر بسبب ابراهيم غالب كرامه النادي بالحضيض بسبب ابراهيم هزلت,sadness
alqarnee: يا حي ياقيوم يا ذا الجلال والاكرام فرّج عن اهلنا في وارفع عنهم الباساء والضراء ياارحم الراحمين ويااكرم الاكرمين.  حل…,sympathy
روحي الهي اشوفك داكتوره قد الدنيا زي ما بترفعي من روحي المعنويه قادر يا كريم هههههههههههههههه,joy
: هو انا ممكن لما اجي اتقدملك اجبلك شبكه فضه بدل الدهب😊 : لي هو انا طالعه التانيه في الاوليمبياد👊😂😂,surprise
في تغريدات عندي مادري كيف جت ؟؟ خايفه يكون حسابي مهكر !!,fear
الحب ليس له عمر ابداً.. هو باختصار : وفاء رجل ، واكتفاء انثي ..    مارسيل بروست  يونس بنشريف  العشق  شفشاون,love
كويس لي جي ضي شويه علي اقل نشحن كروستي االكهربايه باش منقعدش في حوش في مكان واحد وين يهرب ضي اشعر بي احباط شديد وين يهرب ضي لفتره طويله,sadness
المصريون لازم يخدوا ميداليه في الاوليمبياد في خيبه الامل.. تبقي الميداليه في جيبه ويتعولق وتروح منه,anger
انا خايفه ف يوم يقول مش هنتنفس منتفسش,fear
باختِصَار ؛ تَعشَقُ شيئاً ، حَافِظ علَيه ، تُريدُ شَيئاً اتعَب مِن اجلِه ، تُحِبُّ احداً ، اهتَمّ بهِ !  العشق  باختصار,love
دوله زي كازاخستان عدد المسيحين فها 25% وعدد المسلمين 70% بس هتلاقي اغلب اللعيبه مسيحين اكتر من 80% من اللي راحوا الاوليمبياد,none
: بعكس لبيب نحاس الذي تودد للغرب يمدح الديمقراطيه  فلم يصدر عن المتحدث امور كهذه وكان يجب التاكيد علي اقامه الشريعه25,anger
ييازينها تفتح النفس فديت الابتسامه والله ????????????????????!  ساره عطار,joy
سلم علي اليمن اذا دخلت قضيتها بيت الدول الملحده سيعيث الحوثيون فسادا وعهرا وسيجراون علي دول الخليج بمعاونه الخونه فيها,sadness
خايف اقول اللي فقلبي ~,fear
الهدف الرئيسي من الاوليمبياد هو نشر روح السلام والمحبه والتعارف وليس لاعلان مواقف سياسيه. وقديماً كانت فتره هدنه من الحروب.,none
اتفرجوا علي الجمباز الايقاعي في الاوليمبياد,none
لا يستقيمُ العالم الا براسٍ مائل علي كتفِ من نحب,love
البعض لم يجد له موضوع يغرد بشانه سوي الدعاء علي العالم الكيمائي احمد زويل رحمه الله بزعم انه صهيوني!   واتسائل هل من صنع ( الفورد ) مسلم ؟؟,anger
اه و في شكوك انه يلحق بس الوداد هيكسب في المغرب بشحن الجماهير,surprise
شيء ما مختبئ داخلي يجعلني خائفه يجعل من يومي الجميل قلق,fear
: امريكا لديها مخزون نفطي اكثرمن ايه دوله ولكنها تستنزف نفطنا الان وتخزنه عندها،فهي امه تخطط للمستقبل,anger
اللهم كن لاخواننا في  العراق و و  بورما و  اليمن و وسائر بلاد المسلمين .. اللهم اعز الاسلام والمسلمين واذل الشرك والمشركين,sympathy
اعشق لمعه عينيك واعشق ابتسامتك واريدك بجانبي طوال العمر,love
: بعد بلنتي يحي الشهري انا اقدر احلف انه كل اللي قلناه عنه ما وصله. يا عالم قمه البذاءه ( بصوت تركي العجمه)  النصر الوداد   …,anger
محدش يلوم ع المصريين اللي بيفشلوا ف الاوليمبياد لان اصلا مافيش اي دعم لهم,none
انا نفسي يركزوا في الجودو شويه، احنا بنخش نجيب مراكز في البطولات العالميه بكل اريحيه انما في الاوليمبياد بيعطلو فشخ,none
خايفه انام ابي استغل الويكند,fear
احساسي في الغرام فيها كان حيل متولع،هي كانت الحراره والضوا والدفي والهيام،بس اخخ لو يرد الزمن ورا اخخ،اجيها بيتها واخطفها غصب.  غزل,love
عالم اجنه يهودي:المراه المسلمه انظف امراه علي وجه الارض. العالم روبرت غيلهم زعيم اليهود في معهد البرت اينشتاين،...,surprise
خايفه بكرا اوقف امجاد من الجامعه اقول لي 100 😔,fear
انا مش هرتاح غير لما اللاعبه الاسبانيه تكسب الدهب و  هدايه وهبه تكسب البرونزيه واهو يبقي اسمها خسرت من بطله الاوليمبياد 🙏,none
meroo19 بونجوووغ مادموزيل,joy
علي زين راح فرنسا من شهر و نص تقريباً ، و هاينضم للفرقه بتاعته بعد الاوليمبياد هو و ممدوح هاشم نفس الفرقه,none
: يا ليتنا كنا معكم يا حشد الله المقدس  ردا علي اكاذيبكم,sympathy
قاعدين علي النيل واحلي جو واجواء والبواخر النيليه  فجاه اضربو جراقيات شماريخ علي قولتهم روعونا الظاهر فرح ابن العمده,anger
مرحباااااااا.,joy
ههههههههههه مافيش جو,joy
قالك قطر خاشه الاوليمبياد ب25 لاعب .. اللي يبي يسرق قطر يستغل الفرصه الشعب كله في البرازيل 😂😂,none
وانا متضامنه معك✌🏻️✌🏻️ اخدوا الباثو!!,sympathy
الحب ان تعطي السعاده لمن تحب عالطريقته هو ليس علي طريقتك,love
تلك هي اسرائيل بعيداً ومن هنا تم قصفها ع ايدي ابطال لبنان ✌????️   مليتا   حكايه الارض للسماء,anger
: كيف اقول  خلك معي  بالصمت؟. ً ..!! 🤔,surprise
قولي احبك كي تزيد مسؤوليتي فبغير حبك لا اكون مسؤولا مسؤوليه,love
بنات مصر اللي بيقولوا عليهم سافرات و بيتهزوا قدام الرجاله هما اللي بيوصلوا للنهائيات في الاوليمبياد ..,none
انا فخور باي رياضي مصري راح الاوليمبياد.. بغض النظر عن نتيجته.. متخيلين مدي العك اللي في اتحادات الرياضات عندنا.. و مع ذلك نافسوا و وصلوا!,none
التعريص لامريكا شئ معتاد في الاوليمبياد.,anger
العرب في الاوليمبياد = يا بخت من بات مغلوب 😊,none
ايه افتتاح الاوليمبياد ده 🎉🎆🎆  ريو دي چانيرو,joy
احلي حاجه الاوليمبياد شغاله 24 ساعه كل ما تفتح تلاقي لعبه شغاله كنا متلطمين من غيرك يا غاليه :D,joy
علمتني احب الدنيا علمتني احب وانسي معك هموم الدنيا و المشوار الصعب  لايفهم الكلام  الاول,love
RO    :     يتعلموا من قطر اللي بتشتري اجانب وتجنسهم وتوفرلهم كل سبل الراحه عشان تجيب ميداليه باسمها..اه يابلد اب…,anger
المجلس يخلي عنده دم ويمشي بقا  ابناء النادي فين انتو السبب ال سايبين النادي كدا  قول للاداره جماهير الاهلي مش هبله  اسال شوبير  حسبي الله,anger
الله يستر اتوقع بيصير اللي خايفه منه💔.,fear
جايبين مدرب صيني للبت دينا اللي بتمثل مصر في الاوليمبياد في البينج بونج :D معندناش كفاءات مصريه ولا ايه في البينج ؟! :V,surprise
ايقظها  لتصلي .. 😍💜 فقالت له: اتركني انام قليلا ..😒 فقال : لا استطيع ان اتركك نائمه فتزيد حسناتي عن حسناتك فلا نلتقي في  الجنه ❤ 👌☺😍,love
لو فعلا  حماده طلعت الي رفع علم السعوديه في الاوليمبياد ضابط جيش مصري .. فده عادي جدا وزير الدفاع نفسه طعن علي مصريه الجُزر يا جدعان,none
بلا حب بلا كلام فاضي بلا خرابيط ،، غير حب الله وحب محمد صلي الله عليه وسلم مابي,love
الله معكم,sympathy
mo an: يا دار من دم المعادي سقيناك نطعن ولا كلت سواعد ايدينا يوم هي بحد السيف حنا حميناك واليوم بعد المال زادوا علينا شيخ عنزه بالحج…,anger
قـالـو نـحيف قـلـت كـالـخيزرانــه خصله نحيف يعجز الوصف دونه قالو الشَعَر قلت اذبحوني ع شانه لاشـفـته وشـعره يـغـطـي امـتُـونــه,love
ك محب ل ايطاليا ازعل حيل علي وضع ميلان فرق نفس اتلتيكو توتنهام ستي باريس  بجم سنه تطوروا وصار لهم احترام  ميلان وين !!,sadness
بمناسبه  قناه السويس و  الاوليمبياد ع الماشي كده  ماصوني فين و فين الصندوق الاسود  MS804 يا نَوَر!,none
عموماً اسوء حاجه في الاوليمبياد الكوره . يمكن الشيش ممتعه عنها,sadness
ده كل لما مصر تفتح معبر يحصل تفجير كل دي صدف؟,surprise
888 ليست الدعوي ولي انما الدعوي اولئك النساء الذين ظلموا واُعتدي عليهن باسم الولايه الولايه عطف ورعايه وليس استبداد وظلم وتعدي,anger
OaY نظره عطف الاخ علي اخته الخائنه .. اسطوره يا رومان حتي في اطار العائله لاستحاله قتله اخته ستكون نهايه لتار…,sympathy
يعني مش كفايه سايبين الاوليمبياد اكبر حدث في تاريخ الرياضه وبتتفرجوا علي ماتش بين فرقتين سارحين في مايه البطيخ كمان بتتناقشوا فيه وبتحفلوا,surprise
خايف اتخن يابني,fear
انتوا بتشوفوا الاوليمبياد دي علي ايه يا جماعه عشان اتفرج معاكوا و اتناقش و اعنصر و كده؟,none
rr2014: في امانه جده..مسؤولين لهم دور كبير في دعم ذوي الاعاقه . .يستحقون الاشاده والتكريم قلوبهم مفتوحه قبل ابوابهم   شكرا ناصر ا…,joy
بل لعنه الله عليكم وعلي ايران ياكل فقد دمرتم اليمن لصالح المشروع الفارسي,anger
علشان اصحي اشوف الاوليمبياد,none
رغم انه بالنسبه لي كس ام كدبه  السلام العالمي  تحت اي مسمي، بس متابعه الاوليمبياد مريحه للاعصاب فشخ.,joy
راتب شهر للمرابطين في الحد يستاهلون ، الله ينصرهم ويحفظهم ويرجعون لاهاليهم علي خير يارب ..,love
احبك والقمر يشهد ونجم الليل يارووووحي😘  النصر  كيفي  ضروري بكل شتا,love
كلنا معكم ثقتنابكم انتم فخرنا حماكم الله من كل مكروه ومن كل حاقد ولا يسوئكم حقد بعض الاعراب المتامرين القافلهتسير…,sympathy
والله العظيم الكل متعاطف معك ويدعو لك صغارنا وكبارنا 💙 نهنيء اهلك علي تربيتك ونهنّيك علي هالمكانه اللي الله رزقك ايّها 🌹,sympathy
كنت بافضل بالايام مافتكرش ابص علي التلفزيون دلوقتي الريموت في ايدي علي طول بادور الاوليمبياد هنتفقدها بجد لما تخلص,none
ليست كُل القُلوب التي ترحل ناكرهً لِ  الحُب فبعضُ القُلوب ترحل لِـ انها،،،،،تُحب,love
حالُ المُحِبينَ كذا .. ❤  التصوف,love
يعني ، انام بشرابين واصحي بواحد,surprise
الحمدلله اني طالع القافله ان شاء الله علشان مش هاكتب تويتس تاني عن الاوليمبياد فالناس مش هاتتخنق مني تاني و هتستريح 😂😂,none
متخصصين بنضيع ضربات جزاء ف كره القدم ورميات حره ف السله مرار,sadness
بين المساء وانتي وفنجال قهوه في ذمتي احلئ غرام و تعاليل 🌹❤️ . . .  مساء  شعر  شوق  صباح…,love
الاوليمبياد يا جماعه ✋,none
نفسي اعرف موقع فيتو الاخباري بيجيب اخباره منين ولا بيفتي والشرطه الي قبضت علي عمروبدر ومحمود السقا وبتحاكم نقيب...,anger
كل التعاطف والحزن واصل لاخواننا في سكول، الربيت للرجال والحنه دايره طبقه.,sympathy
j94: اركض اليك مفزوعه خائفه التجئ لقلبك من صخب هذه الحياه، فيتحول كل ضجيج العالم الي هدوء واستقرار وامان ،وحده قلبك يمتلك كل تلك الر…,fear
خايفه جدا,fear
افتتاح الاوليمبياد هايبدا كمان شويه Injoy it 😊  ريو2016  Rio2016,joy
EYADA: الاسماعيلي بقاله كتير مابيلعبش كورته ده بسبب شويه لاعيبه زباله مشيو منه وشويه لسه فيه زي ابراهيم حسن وبهاء مجدي .,anger
032121: اللهم ربّ السلام هادي الانام ، انزِل طمانينتك علي كل قلب ارهقته الحياه ، وانزِل عافيتك علي كل مريض يشكو التعب ، و انزِل…,sympathy
ياجماعه الخير د عواد تعني هدر وليس دكتور حتي لو كان دكتور خبيث صعب يتكلم مثل ذلك الكلام عن النساء ولكن د هدر مافيه تحليل غير ذلك,anger
لا تلتف الي نافذه الذكريات.. ﻷنك ستطيل الوقوف وسيكبر اﻷلم,sadness
استاذ محماه كان كده ياعم :D,joy
: ردّت فعل طفله لما شافت صوره ابوها المتوفي  مؤلمه 💔 يمه قلبي 😢😢😢😢😢😢,sympathy
حين يقوم مجتمع علي الغش في الامتحان والغش في التجاره والمرور والتحرش ينفضح مستوانا وسط العالم السوي. عن نتائج مصرفي  الاوليمبياد اتحدث,sadness
اها والله ، عايز اشوف صور حلوه قبل ما انام عشان احلم بحاجه حلوه ، واقفل النيل للرياضه وام الاحتفال علي ام الاوليمبياد,none
قلب كبير,joy
احبته فلم تبال كونه قزما . لم يستغرب   جيمس   من حُب   كلوي   له ، فهو يعلم ان الحب الحقيقي لا يتقيد باي عوائق مهم…,love
شكرا الوزير عبدالرحمن وياليت ينظرون في بقيه الوزرات ويحطون زيه مخلص  شكرا وزير الزراعه السعودي,anger
قررت اشارك في الاوليمبياد الجاي في رمي الجله مدري القله,none
: لا اعتقد ان لنا حقاً كعرب في التفاخر بالعالم الكبير  احمد زويل لاننا بيئه طارده للمبدعين ترفض المختلف مذهبياً وطائفياً ونصنف…,sadness
انا خايف نلبس في احمد عفيفي ولا حاجه في الاخر,fear
هاذا الي كنت خايف منه,fear
منتخب كره اليد انهزم من المانيا وخرج من الاوليمبياد ..ووزير الرياضه لسه قاعد في البرازيل,none
االان عويل بني سعود يرتفع متباكين علي نقل المعركه الي العمق السعودي ويبرروا انهم ليسوا طرفا في حرب اليمن,anger
afifi  انا مش سطحي او حتي عنصري  والدليل اني قولت ان الدكتور مجدي يعقوب الوحيد اللي فاد بلده بعلمه  مع انه قبطي واحمد زويل مسلم,anger
اقسم بالله خايفه اروح اشرب الاقيها قاعده ع طاوله المطبخ زي النداهه,fear
شعور خوف اني انخذل ملازمني.,fear
اَبداً تَحنُّ اِلَيكُمُ الاَرواح ُوَوِصالُكُم رَيحانُها وَالراحُ  حرف  قواعد العشق الاربعون  تصميمي,love
ولاني خايفه من دعاويك 😊,fear
انتي مال امك انتي لي المفروض تمشي انا لي عمله التاق ده,anger
: يا رب يسرها علي كل ضايق وارفع ستار الهم عن كل محزون لو كان في درب السلامه عوايق تهون مع يا خالق الكون,sympathy
: . اللهم احقن دماء المسلمين في كل مكان ، وارفع عنهم الظلم والبلاء والعدوان . اللهم من ارادهم بسوء فاجعل كيده في نحره وت…,sympathy
: خايفه من نفسي هالفتره.,fear
لماذا المواطن ليس لديه القدره علي امتلاك سكن؟ ثم نجعل المواطن يمتلك سكن؟,surprise
: اخواني الاطباء انتم من اثمن ثروات الوطن  انتم اثمن من النفط  ثقوا بان الكل معكم قلبا وقالبا  اضراب الاطباء العمانيين5,sympathy
تعبت من السير في هاذا الطريق ليس لاني لم اعد قادر ع العطاء بل اني لم ابخل يوما بلعطاء،تعب الكلام  غربه…,sadness
ودي اسوي رتويت بس خايف انفهم خطا,fear
الناس عماله تحطم ارقام قياسيه في الاوليمبياد و انا بحطم ارقام قياسيه في النوم.,none
انا مش لاقي نفسي مش فاهمني ..,sadness
انا عاوز اروح ماتش غانا وفي نفس الوقت مش عاوز اروح انا خايف فششخ انا صاحي نايم بحلم باالمكسب يااارب اكرمنا وحياه حبيبك النبي,fear
هي الكورهبس اللي حصري ولا الاوليمبياد كلها ؟؟,none
: وانا كمواطن عربي مسلم استنكر الضربات الامريكيه في ليبيا وفي اي بلد من البلدان العربيه والاسلاميه  الموت لامريكا,anger
مع حضرتك طبعا، بس المنافسه في الاوليمبياد مش سهله يا فندم، محتاجه اعداد وتدريب طويل بدني ونفسي، وده مبيحصلش ربعه للاعيبه هنا,none
تصبحو علي خير,joy
دايماً الاسبوع التاني في الاوليمبياد بحبه اكتر   العاب القوي ♥,joy
مش معقووووول الساعه لسا ما صارت 6 !!!,surprise
اي والله خايف من امك لاتجي تزعجني,fear
: حرر العثمانيون بغداد من الاحتلال الصفوي الشيعي عام 1639م بعد قتال استمر اربعين يوما دون توقف.. وقد خسر الشيعه 87 الف قتيل في هذ…,joy
والله انتي اسمك جواهر ونتي جواهر,joy
ياجدعان كسم اسرائيل وكسم اسلام الشهابي وكسم الاوليمبياد ماتش الاهلي فاضل عليه ساعتين,anger
ايه دا وانا انهو واحد فيهم !! 😂,surprise
TuallahEssam:   يا يوسف طول عمري عارفه بتعامل مع مين ... استاذ دكتور يوسف ???? ربنا يخليك ليا يا كبير و مينحرمش منك ولا م…,joy
3   627 اييه انا خايف من ذا الشي عشان كذا ابيها تسامحني 😢,fear
يارب الكليه تولع الصبح قبل الامتحان,anger
ربي ان لك عبادا ينتظرون فرجا قريبا فبشرهم،وعبادا يسالونك شفاء فعافهم، وعبادا يرجون فارحمهم، رب اغفرلنا وتب علينا انك انت التواب الرحيم,sympathy
Hashim   هتنجحي خلاص نامي و ضميرك مرتاح,joy
هذا الجو فـ جده !!,surprise
: خامس سنه و سوريا تُقصف ، خامس سنه و السورين قَتلي ، خامس سنه و السورين مُشردين ، خامس سنه و تخاذل العرب يزداد ..,sadness
طيب نجيب فيليبس يلعب الاوليمبياد بتاعتنا كلها طيب,none
انتو ازاي مبتحبوش البسله ❤..!!,surprise
شفتي شلون اقولك احد داعي علي صدقيني 😭  حزن  بكاء  دموع  خيانه  الم  غدر,sadness
نقطه ضعف الشاب العيون الجميله...,joy
: حفله سوق عكاظ ما هي الا تمهيد لاعاده المسارح الغنائيه في جده .. انبسطوا يا عيال المحظوظه,joy
كان عندهم اوسكار دي لاهويا من احسن لاعبي العالم في التاريخ اخذ ذهبيه الاوليمبياد واحترف واخذ بطولات العالم لاوزان حتي المتوسط,none
وانا اللي كنت خايفه علي جزر المالديف,fear
انرت نادر ايقونه حلب الشهباء حماكم الله وابعد عنكم كل مكروه قلوبنا معكم يسعد مساك,sympathy
عارفه انك خايف من المستقبل و من الحياه عارفه انك خايف نتغير، وانا كمان خايفه. لكن معااك مش حاسه غير بالامان، لكن معاك لو وقعنا هنقوم سوا..💞,fear
احيانا يكون بداخلنا مشاعر جياشه لو اخرجناها اسعدتنا ومن حولنا نتوهم القسوه امام الاخرين لسبب ما ونحن نوشك علي الانفجار المزدوج  خيبه  غنوجه,sadness
ادخلها الدي ام طمنها علي ابطالنا في الاوليمبياد,none
: : دخلتُ علي القبور مناديا ماذا فعلت بهم اجبني ايها الموت؟! فما وجدتُ جواباً علي سؤالي!! سوي ان  الموت حالهم وسيكون حالي رح…,sadness
.. كل الحب ان تناديني ب قلبك قبل  صوتك ان  تشعر في  حاجتي لك قبل ان ابكي ان تشعر…,love
43: وجود نظام ولايه الامر في مجتمع يحتقر المراه بطبعه     جريمه    !!  TogetherToEndMaleGuardianship,anger
اتمني مولر اذا بيستمر علي ذا المستوي يعتزل ويحفظ تاريخه مع البايرن .. مو معقول اللي يقدمه ومو معقول ابداً مجامله الاداره والمدربين له,anger
قولتلكم في سحر اسود معمولنا في الاوليمبياد محدش صدقني !!,none
يارب قلبًا يحبني ولا يُحزنني، قلبًا يملك من الطّيبه ما يُسعدني ويجعلني اشعر بوفره الحظ💛  يا رب  دعاء  خيره  مسالخير  سالخير,love
جودو في الاوليمبياد,none
فعلا يا عفيفي انت ديما بتنسينا الهم والقرف بفيديو يجيب من الاخر  باصي لعفيفي,joy
مش عارفه لما الاوليمبياد تخلص انا هعمل ايه في حياتي,sadness
لا اعلم اي نوع من الوجع تسلل لاعماقي ؟لكن هو وجع ظلم امتزج مع قسوه بشر بلا ضمائر  الم,sadness
هو احنا هنفضل مقضيين الاوليمبياد كل منخسر يقولوا مشاركه مشرفه مش هنشوف ميداليه :),sadness
غمضت عيوني خوفي لا للناس يشفوك مخبي بعيووني.,fear
62: باسم مرسي يحرز الهدف بعد استغلال تمريره ايمن حفني البينيه,joy
اسال الله العلي العظيم ان يفرح قلبك بشفاء الوليد ويقر عينيك ووالدته بصحته وعافيته يامن لايعجزه شي.  شكرا خالد بن طلال   BinTalal,sadness
اه بس فتحت عيوني ع خبر الي قتل امه و قام عيونها خايفه و متضايقه لو ضليت نايمه احسنلي,fear
هو ان اجدك دون ان اضطر للنداء ، تاتي قبل ان الوّح 💓,love
:  شيماء سيف ???? من اجمل فتيات الشاشه المصريه ???? بحبك يا عشوائي يا مستحق الدعم انتا ❤ ???? ????,love
الريس يبعنا ويشتري خونه !!!,surprise
:   Nasralla   قلوبنا معكم وندعوا الله يحفضكم ويسلمكم ويحميكم يارب العالمين عفيه بلسباع ياابطال  رساله لجندي ع…,sympathy
اﻻوليمبياد في البرازيل له طعم تاني برضو  rio2016,joy
bin a2:  تياغو الفيس هلالي  نواف بن سعد ياهو جنن المريسل وخلاه يناقض نفسه بنفسه في ساعه. . طاري وجه السعد يجيب له ام الركب htt…,anger
وبتقول القصه انه داب فيها وحبها لحد ما مات بسكته,love
دا تنبا بمجتمعنا !!,surprise
انا ببقي خايفه وانا بتفرج ع westworld ..التمثيل متقن بطريقه مش طبيعيه !,fear
قتلانا..هم اسياد الارض ..واستشهدوا في سبيل كرامه اليمن ضد عدوان جبان..انتم المعتدين و الله لا يحب المعتدين..لذلك سننتصر. نجران الان,sadness
الله معكم انت و الفريق الذي معك,sympathy
20A: رحلوا عنا واشتقنا لهم كثيراً وربما لايعلمون مدي اشتياقنا لهم لكن لدينا رب يعلم ذلك منذ ان رحلوا ما زالوا في مخيلاتنا اللهم ا…,sympathy
: مع كل عزيز راحل ..جزءٌ منا يرحل.. نعم الحياه لا تتوقف لكنها تنقص ???? ⁧   وفاء سبيتي⁩   حقيقه مؤلمه,sadness
مراه ترقص امام الرجال يعني الحييييين عادي نروح الاوليمبياد و نقعد نتنطنط و نتقلب ... لكن هذه اللي بالكاد يسمي رقص حرام و عيب ؟ 😏,surprise
انا فعلا خايفه,fear
Music  😂😂😂😂😂😂😂 خايفه من هلا,fear
جعلني مشط لشعر الحب  غزل رخيص,love
mha: هناك اختلاف بين و  الاعجاب ، اذا اعجبتك  ورده ستقطفها ،، ولكن اذا احببتها ستسقيها كل  يوم👍  حقيقه,love
خايفه اقولها عن شعوري واخسرها..,fear
ramady:  وزاره الصحه تحذر من التعامل مع البشر ????,surprise
سويعات بعد ما اتنحنن السلطان  اردوغان لسا ما زمجر???????????? الله يحميه وينصره,joy
alqarnee: يا حي ياقيوم يا ذا الجلال والاكرام فرّج عن اهلنا في وارفع عنهم الباساء والضراء ياارحم الراحمين ويااكرم الاكرمين.  حل…,sympathy
: ساكتفي بقول انني .. امتلكت العالم .. حين عرفتك  واحببتك .  رومنسي  رومنسيه  حنون,love
1   sd7n   رحمه الله عليه سبحان الله عيناه تحكي قصه عطاء تنبع عيناه عطف وحنان 😔😔,sympathy
الله يكون بعون الي يتابعونه💔,sympathy
نلم بقا كل اللي اسمهم علي  من الدوري ونجيبهم عندنا  =D,anger
لم اطلب يدا تمسح لي  الحزن لم اطلب احدا ليعانقني كي اهدا لم اطلب من اي  شخص ان يساعدني علي  النهوض لقد عشت  اسوء اللحظات بمفردي,sadness
المصريين محمد عصام وطارق اياد وعلاء الدين ابو القاسم مبارزه Bein 3  مصر في الاوليمبياد  ريو دي جانيرو 2016,none
من الجميل التحدث بشكل جيد عن شريك حياتك امام الاخرين كالاهل والاصدقاء فذلك يزيد من تعلق شريك حياتك بك ويعمق شعوره بـ والاحترام نحوك.,love
انا كمان فاشله في كل الالعاب اللي احنا فاشلين فيها و كنت استحق فرصه في الاوليمبياد,sadness
مليان كلام خايف ينقال.,fear
مش ممكن اروح الكليه ملاقيش حد و الميدتيرمات تتاجل للاسبوع الجي,surprise
Myriam Fares Aman Official Music Video ميريام فارس امان اول مره اشوف الاغنيه دي!.. عجبتني :),joy
يِّوِلَمَنِيِّ بِګاّء  اّلَګبِاّر اّګثّر مَنِ بِګاّء  اّلَاّطّفِّالَ لَاّنِهِمَ لَاّ يِّبِګوِنِ  اّلَاّ مَنِ شٍئ قِدِ غٌلَبِ  صٌبِرهِمَ,sympathy
هو انت ازاي بورسعيدي و بتتكلم عادي كدا زينا ؟!!,surprise
alsenjary يارب الطف بيهم وفرج همهم,sympathy
رجعوا حماده هفترض ان انت عبيط ومش عارف انك بتمثل بلدك والمفروض شايل علامها في افتتاح الاوليمبياد. محدش جنبك لسعك قفا وقالك انت بتعمل ايه؟!,surprise
القمه وفولورز كاس مصر حد بيتابع الاوليمبياد ولا انا بس اللي هنا,none
اطفال كالزهور قتلتهم المعارضه مؤلم للقلوب…,sympathy
ما يمديك قدام الفرق المعده وبقوه مو قبل الاوليمبياد بيومين يبدا يعد نفسه😱😱😱,none
صلاح راس حربه يا عم كوبر !!,surprise
انا ممتن جداً لصوت سكارليت جوهانسون     smantha     في فيلم     Her      ومشكور ليه كمان عالساوند تراك و الحاله الي الواحد بيعيشها بسببه والله .,love
واحد بيقول لحبيبته ينفع اجيب الشبكه فضه .. قالتلوه ليه طالعه التانيه في الاوليمبياد ههخخخهههه,none
ماتيجي هنا وانا احبك ❤,joy
كفايه صدمات يا كلااااااااب!,anger
تراجف ايديني من البرد وقول الله يعين الشام ويعين اهلها والله يعين اطالفهم .. صح لساني..,sympathy
: عااااجل  حلب جيش الفتح يكسر الحصار عن حلب و يقتل وياسر العشرات من عناصر حزب اللات و حاله ذعر وغضب تجتاح الضاحيه الجنوبيه  …,anger
محسوبيه   السيسي جابها الارض,anger
:   صح السانك يا سفير المراجل وبيض الله وجهك علي القصيده الجزله وهاذي عوايدك دايم جزل وبيض الله وجه محمد شبل من ذاك الاسد,love
لا موش هنكر بس انا خايفه من عواكس,fear
ايه الدكتور ده يا عم الولد اللي رجله اتكسرت في الاوليمبياد بدا مشي علي المشايه احنا بيجيلنا شد بنقعد بيه لاخر الموسم,surprise
الاوليمبياد مش بفلوس اصلا انت ممكن تنقل اي حاجه تقريبا,none
اسماء متناقضه  طارق الحبيب  اي حبيب انشهد انه بغيض ????,anger
علي مشارف نجران شدو حيلكم اهل اليمن انجزتم الكثير اهم شي، اجتماع البرلمان اليمني الذي رح يكسر شوكه الكل ورح يسحب الثقه من حكومه الدنبوع,joy
البرازيل بعد الاوليمبياد هيبي معاها فلوس زي الرز 😂😂😂😂,joy
لولا اساتذه العربي والرياضيات الكانو بشيلو حصه الرياضه كان هسي عندنا ميداليات ذهبيه في الاوليمبياد 🌚  Rio2016,none
طيب ازاي بس ياجدع انا عايز افهم مس معقول كدا,surprise
: تحل اليوم ذكري احتلال داعش لسنجار وقتل رجال الازيديه وسبي نساءهم للجنس وبيعهم كرقيق باسواق النخاسه في ظل صمت من يدعي الاسلام وت…,anger
Spokesman اخيرا رجعت والله كنت خايفه عليك ياخي..يارب ان اسمي فيها يااااارب,fear
بضمّك واقول غيرك ما عشقت بناظر عيونك واقول غيرك ما ابي 😪💛  رتويت  رومنسي يبتي  بوح  خواطر  غزل  ذوق  جميل  وائع  شوق,love
السؤال المرعب اللي خايفه من اجابته هي زياده البنزين دي كده قبل ما يشيل الدعم والا بعده 😨😨,fear
Al   Angel   انا متعاطفه مع الناشطات داخل المملكه بشكل كبير ادري ممكن باي لحظه بح اذا محورها لسلوك المطالبه استخدمي اسلوبهم تجاهلي,sympathy
elfauomy انا خايفه والله ليحصل حاجه😂😂,fear
عبا جيوبه بالافراح وطاح ف الحزن بالضحكه  وجلجل صوته قال يا جراح اديني قافلك السكه,sadness
خالد الغول بالامس علق علي مباراه ايفرتون وتوتنهام ثم علق بالمساء علي مباراه كره قدم في الاوليمبياد واليوم الظهر علي مانشستر وصابتو بحه,none
لماذا لم يرسل الجيش ابطاله في الجري الي الاوليمبياد رغم خبراته ؟؟؟ =جيشنا لا يجري الا امام الصهاينه والصهاينه بيلعبوا جودوا هذه الايام.,none
: اعاني من خوف مُستمر لدرجه ابغا يصير اللي اخاف منه عشان ابطل اخاف..,fear
0mar: اتذكر اخ مات عندنا بالسجن فعم عبق المسك كل ممرات السجن حتي ذهل السجانون وبكي بعضهم تاثرا  بوح  ..  حمزه,sympathy
خايف يتمني لقاك و مايلاقيه ملاقيك عند حسن ويبلش وقتها في منيته,fear
عادي جدا انك تحب حد من غير سبب  علشان الحب نفسه هو حب كدا من غير ازاي وليه,joy
الواحد بقا يتابع الاوليمبياد و فرحان بالمصريين و نسيت الامتحان اللي كمان اسبوع 😂,joy
انا نمت حلمت ب ناصر الدسوقي فالاسطوره وهو بيدي عصام النمر بالالم معرفش ازاي بس حصل 😂😂😂😂,surprise
: { وحتي حين تقرر قلوبنا ان تخون .. تحب اشباه القديم .,love
تُغير مِن مبادئك وقيمك لاجل مصلحه !,surprise
عودك في مشيته عملوه منحنيات عضامك لينه لكن علي التنيات تنيه واتنين تلاته اربع خمس تنيات,joy
مساء الخير شارك ف هشتاج  ازاي نساعدك يا مصر,joy
حد يفهم المصريين اللي ف الاوليمبياد ان فيه ميدليات دهبيه وفضيه  Rio2016,none
وَاِذَا عَبَرْتِـي اااارْضَ عِشْــقِي فَسُلَّمِــيِ وَاِحْتَضِنِـــي قصائدَي الَّتِـي ڪتِبْتِـــهَا مِـنْ ااااجلڪ,joy
خايف من الموت ياخذني و انا توّي ما اجهشت لله دمعه في رجا الجنه..,fear
الملا: المسلم يسعي الي تضليل الشارع الرياضي بتغيير الحقائق,anger
مخيف هو شعورك الوهمي بالوصول .,fear
مو معقول,surprise
التعاطف الحقيقي مع فلسطين يكون بازاله الاحتلال عنها  ريتويت,sympathy
تغطيه نايل سبورت (اللي هي القناه الوحيده المصريه اللي بتنقل الاوليمبياد) للمصريين المشاركين في الاوليمبياد حاجه تكسف.,sadness
مش عارف انا بعمل كده ازاي بكلم 7 دلوقتي ف تفس الوقت 😂,surprise
الاهلي بيلعب يوم الجمعه والعصر الاثنين ده البلد فعلا مرعوبه من الثوره المزعومه,fear
انتوا مين اللي اخدتوا ؟؟؟ التلاته بتوع الاوليمبياد ده برونز وبعدين تصنيفك كده عنصري,surprise
: ذهبوا لقبورهم وَ بقيت الاسماء في الذاكره ع هيئه الھي لاتحرم  امواتنا من  مغفرتك فقد انقطع بھم العمل .  لحظه استجابه  …,sadness
كلنا ضد مريم بيفور61 القبائل جالطتها جللللط اجل كلام فاضي ماراح يسنعك الا القبائل,anger
ازاي بس ياعم شمس التبريزي ؟!!,surprise
اوردغان اوردغان اوردغان زويل زويل زويل  بتضلكم  تحكوا عن الاشخاص و تفخموا فيهم لحد ما توصلونا نلعن سيرتهم و سيره الي بجيب سيرتهم,anger
هو فريق اليد هيلعب امتي في الاوليمبياد؟,none
نعسانه بس خايفه اطوف الجو,fear
صوره روعه عن عطف الاب وحنانه مع ابنته الجميله,sympathy
هي سيئه في لن تخفي عنك انها تحبك .. ولن تخبرك انها تحبك,love
سمعت ان الحنين يقصر الاعمار انا خايف تغيب اكثر و احتضرك !,fear
هو الناس ليه عماله تحتفل كاننا صعدنا خلاص ؟ مش لسه ماتش اوغندا في اوغندا ؟ نخسر ويبقو 7 نقط واحنا نفضل 6 ؟,surprise
في بنت من بلد اسمها كوسوفو اول مره تشارك في الاوليمبياد في تاريخها خدت ميداليه ذهبيه واحنا مش عارفين ناخد ميداليه,none
ههههههههههههههههههههههههههههههههههههههههههههههههههههههههههههههههههههههههههههههههههههه  خلص وانت بخير  وبنحكي  كمان ههههههههه,joy
منظمناش الاوليمبياد عشان احنا بلد متخلف وفقير و حكامنا عسكر فاسدين! متخيله طفل بيسمع كده هيكبر يحب بلده ازاي,surprise
في الاوليمبياد مع نيجيريا,none
baddrr:       SAS     f99   يارجل الخميني اباح ماهو انجس والخامنئي والسيستاني انجس وا…,anger
الله اكبر ولله الحمد حلب تنتصر,joy
في يُلغي اﻟمنطق و يُترك اﻟقلب ﻟينطق ! في الحب ننسي ﻣن نكون في الحب كل  خطيئه تُغتفر كل ﻋيب لا نراه اوليس الحب اعمي ؟!!,love
عند لقائك.. تتبعثر مشاعري المتدفقه ترفا بك.. وتتناثر بداخل جسدي؛ لتزيده حراره، ينبثق منها رائحه ممزوجه بوله.. فقلبي مفتون بك؛ واليك..💗,love
on: لعن الله الحكّام الذين يطبّعون خفاءً او علانيهً مع الاحتلال الغاصب.اسال الله ان يزيل دولتهم  فلسطين  فلسطين مش للبيع,anger
اخوانا المصريين الله يكون في عونكم والله انتو صبرتو كتير قوي ربنا يفك كربكم ... انا متعاطف معاكم جدا,sympathy
مانا خايف الا من هالحارس 😓,fear
???????? كان مستشاراً للانقلابي عدلي ومن ثم يقول انه نادم والان يريد الترشح في 2018 علي اساس انه في بلجيكا لا مصر! استغباء,anger
اسالك بالله يامن تقرا التغريده اسجد بين يدي مولاك وتضرع ان ينقذ الله اهل حلب ..  تباد بسكوت العرب,sympathy
:   Houssein في مصر اعلام داعر وفاشل كذاب وفشله يوم زياره الدكتور احمدي نجاد في مصر للدكتور مرسي قال الاعلام المصري سو…,anger
هو انتوا عندكوا امل ان احنا نعمل حاجه في الاوليمبياد؟ احنا فاشلين في كل حاجه يا جماعه,sadness
سفاح والله .. بس والله بحب توفيق في اللقطات دي .. ولقطه جول المانجا السنه اللي فاتت,surprise
هذا الورد من وردتي و حياه قلبي هيفاء ????????,joy
فشلنا الذريع امام لعنه النسيان، يؤكد بشكل راسخ وقطعي بان جهودنا لا تثمر.. ولن تثمر.,sadness
يا بخت من زار وخفف ونصيحه قبل ما تدرعم ع احد افهم باﻷسر السعوديه اوﻻ ﻷن واضح انك جاهل في كل شئ مخزي ولنا كامل الحريه بالمطالبه,anger
صلاه الفجر,joy
منك يا بلدي دا مفيش اخبار  تفرح :(,sadness
: مي دشتي .. اول كويتيه مبدعه يتم تكريمها من قبل منظمه isaca العالميه في دبي .. وذلك لحصولها علي جائزه امن المعلومات.,joy
: نعم احبك نعم اعشقك نعم افديك روحي ياغلا من سكن روحي وقلبي وكياني يامن عرفتك منك,love
قطر داخله الاوليمبياد ب 25 رياضي يعني فرصه اللي عاوز يسرق قطر البلد كلها في البرازيل 😂  يلا نالش,none
هو حفل افتتاح الاوليمبياد ها يتنقل ع القنوات العاديه و اللا مشفره برضه ؟,none
ربنا ينتقم من كل ظالم  معتقلي الاتحاديه,anger
ال 43 تويت اللي فوق دول اهم ما حدث   عالميا   اليوم في الاوليمبياد  Rio2016,none
الناس اللي بتحسد وتحقد علي غيرها دي مبينقرضوش ابدا !,surprise
: الصور الوارده من لا يستطيع الانسان نشرها من هولها وفظاعتها حسبنا الله ونعم الوكيل اللهم انا مغلوبون فانتصر انت مولانا ولا…,sympathy
: بداخلي نهرعميق من الاحزان.. واشواق دفينه ، قصائد سريه ونتهيده  وجــع وضحكه صافيه من القلب لم تخرج الا لك ..,sadness
tv  يستاهل الاستاذ/ سرور منور هذا الحفل المميز والحضورالمشرف من قبيله ثقيف ونشكرهم علي تكبد عناء السفر   لقد شرفوا القبيله بحضورهم,joy
المذيعون خراف والاذاعه خرافه وعقول المستنيرين صناديق صرافه من اين تاتينا النظافه جاء اخيرامن يكسرقاعده احمد مطر وبدابالتنظيف   امجد طه يمثلني,anger
: مؤلم جداً ان تشعر بان لا مكان لَك بينهم، بعد ان كانو اقرب الناس لك...!  بقلمي  بوح,sadness
احا شاهين جاب الفرقه الارض,surprise
وشهابُ ِ في عيناك سحرٌ يضخ الكون اكمله جنونا.,love
الليله للتاريخ يا بولت .. اول عداء في تاريخ الاوليمبياد يحقق ذهبيه 100 متر في 3 نسخ مختلفه,joy
مصر هتخرج في الاوليمبياد دي من غير ولا ميداليه بسبب التعريص ال حصل مع ايهاب عبدالرحمن,anger
هنداوي مجاش معانا الاوليمبياد ديه 🙄,none
لماذا اخذت الامور هذا المنحي يا رباااه ارحميني,surprise
راتب شهر للمرابطين في الحد شكرًا ملكنا ابوفهد نفع الله بك الاسلام والمسلمين,joy
ثوره الغلابه مااحب اتدخل في شؤون الغير لكني متعاطفه ومتضامنه مع الغلابه في اي مكان ادعي الله بيوم الجمعه ان ينصرهم وتتحقق جميع مطالبهم,sympathy
زود اني خايفه من اختباري بكره الا ان صديقاتي مو معاي يلعنم الرعب,fear
هلا,joy
الشباب مساكين راح شبابهم وهم يدورون وظايف او يجمعون مهور او يعيلون اهل بيتهم .. كان الله في عونهم بس 😧,sympathy
. الاكونت ده عامل شغل هايل فعلا عن الاوليمبياد,joy
خالد عصر ممثل مصر يخسر امام الكونغولي جيانان وانج في الدور التمهيدي لتنس الطاوله بنتيجه 4 3 في الاشواط  مصر في الاوليمبياد  يلا ريو,none
الخوف لو مصر خدت ميداليه دهب في الاوليمبياد يبق مصيرها زي حلق الحاجه زينب ..  هدايه وهبه,fear
عاجبني الساكس فون والبيانو بس !,joy
ماهو مشممقن بقي مش احل صح وانقل غلط 😭😭كده اوفر بجد اوفر😭😭😭😭,surprise
منا من يحب لاجل الحب ومنا من يحب لينسي حب ومنا من يحب لاجل الحبيب ومنا من يحب ليشبع حب نفسه ... السؤال الان : ايهم هو الصادق ؟!!,love
في ف كتاب كده  كانو مشبهين الروتين ب الانسان اللي بيدخل النار كل يوم ويطلع منها يغير جلده ويدخل تاني دايما بقي متخيلين احنا بؤساء اد ايه,sadness
sh26: • الا العّطر ! دور علي غيره وجيبْ بعض   الهدايا ذكرها اكبر .. خطر ! خايف : مع الايامّ عن عيني تغيبْ ويمرني في غيبتك نف…,fear
حين نتكلم عن عُمق ❤ فقط انظر لمكانه  الاب في قلب ابنته 😍 فلا يوجد رجل يَهدي  السعاده بِدون مقابل سِوي الاب 💚,love
AAK كان هو اللي بيواسيني والله وبيقولي مالك يا جدع هو ابوك اللي مات ولا ابويا مبضون كده ليه، فكك يعني. ربنا يصبرهم ويكون ف عونهم,sympathy
Nassiriyah: .... احبك تحيه لـ يوم حافل بالحب والحنان ياصباح الحب والعطر والاشتياق  صباح  احساس  بوح,love
مشجع لروما علي تويتر:بولت محظوظ ان صلاح لن يشارك في الاوليمبياد=D=D,none
الاوليمبياد اساسا تعتمد ع الروح الرياضيه وطالما اشتركنا في الاوليمبياد يعني قبلت قوانينها ولعبت معاه يبقي تسلم عليه يامولانا  اسلام الشهابي,none
بفضل قاعده اتفرج ع الاوليمبياد واتحسر علي حياتي واحس اني مليش لازمه ف العالم 😏,sadness
الالم ان تتبعثر الكلمات وانت تحاول ان تكتب جمله معبره ولا تقدر,sadness
tv علي عبدالله صالح صانع الوحده لا تنساء هذا واذكرك ان ازعيم لن يفرط في الوحده لو كلفته حياته. خليهاء في راسك مسمار مسمم,anger
احبك حب يسمونه البدوُ ياويل حالي ⠀ واعشقك عشق يسمونه الحضر انت حقي لحالي,love
مش كفايه  كذبكم  علي الشعب المصري  من بدايه الانقلاب علي الرئيس  المنتخب مرسي  علشان تكملوها  بحلب  اعلام  عاهر ومنافق,anger
: جريمه بشعه جديده لكﻻب اليهود ال سعود لعنهم (الله) بعد قيام طيرانهم بقصف مدرسه لﻷطفال في منطقه وادي صبر بمديريه سحار  h…,anger
لو كانت الاسكواش في الاوليمبياد كان الناس كلها هتهتم بيها وماكناش هناخد حاجه :D,none
سهر المصريين علي القهاوي في انتظار لاعبينا في الاوليمبياد عشان يتابعوهم بيعكس اننا مشتاقين نهتف باسم مصر في اي فرصه,none
ربنا يستر خايفه انام اقوم القي الضغط ارتفع عندي,fear
: ايه يا جدعان ريا وسكينه رجعو ولا ايه????????  كارثه خطف بنات اسكندريه,anger
خايفه استبق الاحداث حيث ان الموضوع لسه مش رسمي بس خايفه من سولي حقيقهً..,fear
fisal holibi: اذا لم يعد لنا قلب يستطيع ان يتحمل مشاهد مصائب وتعز ونحن بعيدون عنهما،فما بالك بمن يكتوون بالنار ويعيشون الدمار!!…,sympathy
اذا كان القزم  السيسي لتيران وصنافير مفرطا ؛ فتجد تابعه لعلم السعوديه في الاوليمبياد رافعا.  مسخره  يسقط كل كلاب العسكر  تيران وصنافير مصريه,anger
ضغط هائل ودخول بدون اي مقدمات هذا اللي كنت خايف منه !!,fear
مصر متقدمه علي بولندا في الكره الطائره في الاوليمبياد باربع نقاط حتي الان,none
: واقف في النص مابين مش مرتاح بس خايف تكمل وخايف تبعد.,fear
: الايتين دول بيطبطبوا علي قلب الواحد وسط الهم اللي بيشوفه كل يوم ..يارب يا رب,sympathy
سبحان الله نهتم بالاهلي و الزمالك اكتر من بطوله الاوليمبياد,surprise
مَهما بَلغ الحبُّ جمالهُ في قلبّك ، لا يُساوي ،،، جمَال حياتَك بلا حبّ ٰ 💭💜 .,love
:    زد رصيدك19 : اسمع صوت الصياح احسبه من عندنا طلعت اناظر الشارع 😩💔💔 عسي الله يكسرهم عادني خايفه 💔💔💔.,fear
هو لسه حد مصري لم يودع الاوليمبياد ؟!😂😂😂 هنطلع صفر ولا ايه ؟! منتخب اليد امتي ؟😂😂😂,surprise
5550: انت اكثر شي يستاهل اجييھ و انت اجمل شي بعيوني تري ♡  بوح,love
غالباً بيبقي احساسي صح بس المره دي خايفه بجد ..,fear
اتصل بنا واقض اجمل الاوقات في تركيا 00902125100660 00905385878555 فايبر واتساب تانغو info .com,joy
كميه الغباء عند بعض الناس قويه بشكل !! كبيره في السن صغيره ف العقل !,surprise
لبنان يا جدعان 😍😍😍😍 لبنان في الاوليمبياد .. ربنا معكن هونيك عم شجعكن من كل قلبي و اتمني راح شوف الذهبيه مع كل الفرق تبعيتكن ..لك تقبروا قلبي,joy
تخيلوا اليوم اول يوم بروح اشوف جدي بالمستشفي واحس اني خايفه مره💔,fear
tv بطلو خرط فضحتونا احنا موجودين في الحدود لابارك الله فيكم دمرتم اليمن بغبائكم,anger
جاء في حليه الاولياء عن سفيان : وجدنا اصل كل عداوه اصطناع المعروف الي اللئام .  واقع,sadness
ثمَ وضعَ يده عليٓ قلبه كَـ محاوله يائسه ، لانتزاع ما يشعر به .,sadness
كسم امتحان انهارده,anger
نعم بوابه ما يحصل اليوم غزو العراق للكويت.. لا ادري لماذا تذكرت صلح الحديبه . يعتقدون انهم مكرو ولكن مكر الله اكبر ..,anger
الاوليمبياد فيها شويه مصريات يفرحوا القلب الحزين.,joy
روح انجاز البطل فهيد الديحاني ترفرف حول باقي ابطالنا المشاركين في الاوليمبياد ..كل التوفيق لهم لجلب اخوات لذهبيه الديحاني اللهم امين!,none
بقول لجوزي السيساوي اوي علي الولد اللي رفع علم السعوديه في الاوليمبياد.قالي اصبري ماتتسرعيش استني لما نعرف الحكايه .احيه هي فيها حكايه 😈😈,none
وتفرقُنا الايام ... وتُبعد بِنَا الاماكن ويبقيٰ  الحُب حبيس القلب وتظل  الذكريات تُدمع العيّن ..😢…,love
من عنيا يا عمر  احنا تحت امرك يا باشا ????,anger
مالكم يا ولاد شايلين وحاطين علي بعثه الاوليمبياد ليه هو انتم كان عندكم امل يجيبوا دهب يعني...كتر خير الدنيا انهم وصلوا اصلا دول مصريين!,surprise
والصفحه دي كمان بتنقل احداث الاوليمبياد,none
يعني لخصت و قيمّت كل شئ في التقليد الذي بلا معني! بنظرك الفوز في الاوليمبياد و المشاركات العالميه في هكذا نشاطات لا قيمه لها؟؟؟؟,surprise
امال دكتوره ازااااي بس 😂😂😂😂,surprise
yasser          بسم الله الرحمن الرحيم توكلنا علي الله هشتاج   ازاي نساعدك يا مصر,joy
:         الله يوفقك شيرين دايما من نجاح لنجاح يااااااااااااارب,joy
محمود عبد العزيز مات؟,surprise
: هاني عادل ده فنان مش عشان اغنيه حلو و بس لان  انت بتلاقي نفسك قاعد لوحدك ساعات و تلاقي اغنيته كانها شغاله في دماغك Respect…,love
الفيلم اللي علي ماكس خلص ، نروح ل ام بي سي 2,joy
: يِصِيِبنيِ الّان نوع مٌن  الّحًزُن  الُمجٍہۆلُ يِفُتٍتٍ  احًشاء قلّبي انااتٍهً  صِمٌاااء نْـعم ولّگٍنهً گٍاد انْ  يِدً…,sadness
ربنا يصبرهم ويشفيهم ربنا يرحمو وجعل مثواه الجنه ان شاء الله امين يارب العالمين,sympathy
ﺍﻟﺤﺐ ﺛﻤﺮﺓ : ﺗﻨﻤﻮ ﻓﻲ ﺍﻟﻘﻠﺐ ، ﻭﻣﺘﻰ ﻧﻀﺠﺖ ﺗﻌﻄﻲ ﻃﻌﻤﺎ ﺭﺍﺋﻌﺎ ﻟﻠﺤﻴﺎﺓ ♥☺♥ عشقي الصغير  الهجره الجماعيه من عمانتل55,love
لما توصل لاخر الدنيا هتلاقي معارفك هناك اكتر من معارفك هنا هيبقي  الموت بتستناه مش بتهرب منه...,sadness
مهما تكرر هو فعل اول .. حدث عذري .. امر جديد لا متجدد .. فلا يغشنكم من ادعي خبره في الحب !!,love
ازعل منك !!,surprise
صباح المذاكره,joy
مش عارف بالظبط احنا كعرب خدنا كام ميداليه بالظبط من اول ما اخترعو الاوليمبياد بس الاكيد ان احنا مكملناش كلنا مع بعض 20 ميداليه,sadness
اليوم خالتي و عيالها يتناقشون عن البنت المثاليه للزواج ، قام قال ولدها اي بنت تصلح اهم شي ما تكون زي سحر.,joy
بمناسبه  اسلام الشهابي حماده طلعت اللي رفع العلم السعودي في الاوليمبياد جاب المركز ال 39 من 50 مشترك ! خخخخخخ,anger
كم اعشق ذاك الذي ؛ يسال عني فاليوم اكثرمن مره ، ف اهتمام فان لم يكن كذلك فهو مٌجرد كلام 💔  اجمل ماقيل بالحب,love
: اللهم كن لاهلنا في سوريا اللهم رحماك بهم,sympathy
: بالفيديو : ابو اسماعيل “مصر احتفلت باحمد زويل لما خطب في الكنيست الصهيوني..فو,anger
انتهي  تكريم روني بنتيجه تعادل مورينهو جرب اغلب اللعيبه اللحين يعرف من يبي ومين بيطلع . شكرًا روني .,joy
معرف يعني ليش حظي مع السواقين زباله عشان صوتي صغير يصرفوني ول شفيهم علي   برب  موت حسره,sadness
انت مفكر سقوط السعوديه امر بسيط ؟ لو حدث و سقطت صدقني سيتغير كل العالم و ليس الشرق الاوسط فقط .,fear
: ان مررت يوما وقراتني ستجدني متعبه ، خائفه ، موجوعه ، وربما ابكي ولكن برغم كل ماقرات لااحتاجك / اسرار /  رقي حرف  بوح,fear
هالحياه قديش بتمشي بسرعه ... ما حسينا بفصل الشتا والله !!,surprise
انا عيز اتعرف عليكي,joy
واحد دلوقت كاتب انه لو اتعملت الاوليمبياد عندنا كام واحد من المشاركين والجمهور حيتسرق ولما عاتبته شتم وبلك,sadness
عموماً الاوليمبياد دي بيبقي فيها انتماء غريب كده اللي هو لازم نكسب 😄  EGY,joy
عيش لوحدك حتي لو هتموت احسن من انك تفرض نفسك علي حد مش عيزك,sadness
:  حي الرويس  تخطيط مدبر بحرفيه وتعاون  اعلام فاسد و بلديه فاشله و  شركه الكهرباء التي لم تحل اصغر مشاكلها و  تجار لا يخشو…,anger
في الاوليمبياد احب افكركم يا  عرب ان  الكفار  هما الي فازوا بميداليات  السباحه والرمايه وركوب الخيل  󾌦󾌦,none
وين الاهل وين الحبايب قلبي شكي ماحد عطاه اليوم عاده الراس شايب والحال شاكي من وزاه  بوح  الم  صديقي  حب  شوق  وله…,sadness
مصر تدخل موسوعه جينيس لاكثر دوله تحصلت علي المركز الاخير في الاوليمبياد 󾌴 بيقولك هما اللي ودوا مصر الاوليمبياد,sadness
s7 خوله تراني خائفه بدون شي😂😂,fear
الناس تبكي من غلا الحي  لا مات وانا عيوني  تبكي من غلا حي موجود ????✋????,anger
34: كثيره هي اللحظات التي اعيشها بين الناس   سهيل  نبوءه العشق  ملتقي الاقلام  طلاسم الحب  فجر للتبادل  الملوك للتبادل,sadness
من سنه بظبط كنت بستغرب الناس اللي بعيطوا دلوقتي بستغرب نفسي لو يوم عدي معيطش او حتي مزعلتش ????????,sadness
كيف اخاف الفقر وانا عبد الغني❤️,surprise
انا مش عايزه الاوليمبياد تخلص 😩,sadness
طيب ازاي...بس...قولي,surprise
بيعجبها طولي ازاااي بس,surprise
حفل افتتاح الاوليمبياد يوم الجمعه الساعه 8 مساء بتوقيت البرازيل.. Enjoy,none
نحن عين الشرف لاننا ننتسب الي اهل البيت الكرام عبر ولدهم الامام موسي بن جعفر الكاظم  ومن انت ؟ سباب طعان,anger
اليوم الل مش بشوفها فيه بيبقا يوم كئيب اوي 👼❤❤,love
الوسخ ماجد سامي قال يعني بيحتفل بالهدف 100 لـ وادي فجله  ناديه ف الدوري قام عامل اعلان كل اهدافهم اللي جابوها ف  الزمالك  اصل الزمالك بيوجعه,anger
البنت بتاعت صوره الطايره في الاوليمبياد حلوه فشخ و داخله دماغي بغباء ❤,joy
اسرائيل بنتقد واقعه رفض اسلام للسلام وبيقولوا في الاخر ان لمده 68 سنه اسرائيل بتمد ايدها بالسلام وهم بيرفضوا  !!!!,anger
سيبكوا من الحفله و التنظيم بتاع افتتاح الاوليمبياد ايه الاخراج الخيالي ده 😃,joy
ايه دا 😨 !! زي الملايكه اما تشوفها والله ياجدعان .✋,surprise
sniper1 ودعائنا لكم بالنصر ياجنود الوطن يافخر الوطن اللهم سدد رميهم,sympathy
: قهره Ed Sheeran و هو بيقول love me في اخر اغنيه give me love.  حسبي الله ونعم الوكيل,sadness
يسري فوده مع خالد علي عن قضيه  تيران وصنافير.. د قانون حب يتقمص دور مصطفي بقري قالك المحكمه ال حكمت بمصريه الجزر جهله ومابيفهموش..,anger
اتمني ان ما يكونش الساحل الشمالي واخدك من الاوليمبياد ... هي اوليمبياد واحده كل 4 سنوات ... ماتنساش مباراه المصارعه المصريه:),none
الرجل الحقيقي لا يُحب مليون فتاه ولكنه يُحب فتاهً واحده .. بمليون طريقه ..!💭❤,love
homos ده احلي حاجه ع الصبح انا بحبه ?,joy
مينفعش تنزل دمعه علي حد لانك لو ليك قيمه عندو مش هيوصلك انك تعيط,sadness
حاسس ان كل كلمه بكتبها هتشرد عليها بعد كده .. سامحني يا رب  بس انا انسان فاضي ف بسلي نفسي بدل ما اكتئب و اشد بودره,sadness
انا خايفه ملاقيش عربيات بنها في زراعه🙆🏻🙆🏻,fear
لا يُعبر عن احتياجنا لِوقت مستقطع من  السعاده البكاء هو موت اللغه حين يكبلها الصمت .. لِحاجه في صدورنا 🔐,sadness
: كم هي جميله  ساعات السفر  نحو انثي حجازيه المنظر دقائق ثواني ويحين  لقاءجميل وعناق  لذيذ  ستمطر  غيوم الخليج  بغوث الهناء  ق…,love
يا ولاد المحظوظه كوره زي دي تتلعب بالشكل ده وتيجي في العارضه كسم الحظ وتترد بكوره زي دي وتطلع بره في حظ في الدنيا كدا ؟,surprise
asseel: تغطيه اعلامنا العربيه واخص منها القنوات الاخباريه لحدث   اعدام 21 داعيه سنيا في ايران سيء ومخزي .,anger
anen: يا ربّ لطفَكَ بالّذين نحبُّهُمْ حقِّق امانيهِم، وفرِّج كربَهُمْ واقِرَّ اعينَهُم بفيضِ سعادهٍ وانِر بانوارِ الهدايهِ دربَهُ…,sympathy
منتخب الطائره يخسر في الاوليمبياد من ايران 3/0,none
انا كنت نعمه وانتي مفهمتيش,sadness
لا بجد كده كتير !! حبتني عشان قلتلك ازيك قبل كده 😑 لا و كمان خايف عليا !!,surprise
يابوسكينه شِيله... عن عين العقيله خايف لاتِشوفه ...والمدمع تسيله لاتِجرح املها...ولايكثر وجلها باعد عني طشتي ...وعنه لاتقلها  معز المؤمنين,fear
والله كتر خير اي مصري شارك في الاوليمبياد ده ايا كانت نتيجته,none
: جميع مشافي خارج الخدمه بعد قصفها. الاطفال الخدج في البطانيات بدل الحضانات. حسبنا الله ونعم الوكيل. اللهم نصرك الذي وع…,sympathy
اهو جابوا فضيه و برضه اللي جابها قطري اصلي مش مضروب ، رغم ان الاوليمبياد مالهاش علاقه بالقلب و الروح و الكلام دا,none
100 لاعب ولاعبه مصريه تقريباً في الاوليمبياد.. ولحد دلوقتي 0 احنا بس اللي اغبياء اننا ننتظر نجاح بلد رئيسها بيقول عنها شبه دوله,anger
الحمدلله علي نعمه العقل احمدو ربكم يا جماهير  الهلال انكم تشجعون زعيم اسيا ولا كان صرتوا مثل ( مرعوب ) يشوف ماجد اسطوره ! ????????????,joy
اي حاجه حلوه في عينك اكرهيها فورا✋,anger
: عندما نفذت  السعوديه شرع الله في 47 مطلوب الكل بدا يستنكر ويندد ويهدد بينما  اعدام 21 داعيه سنيا في ايران هنا الكل لا يسمع ول…,anger
لم يعد بداخلنا غير الم الصمت ..,sadness
بتعيط ليه ؟ = اصل افتتاح الاوليمبياد حلو اوي يا لمبي 😌,surprise
:  السيد الصرخي يحطم كهنوتيه السيستاني السيستاني افسد من السياسيين,anger
لا لاشباه الرجال  anasishtaiwi is not a man,anger
هو احنا داخلين الاوليمبياد ليه ؟؟! وزاره رياضه بنت وسخه مش شايفه شغلها ومبتنميش مواهب ومفيش اهتمام بالالعاب خالص.. لا ومستنين نكسب ميداليه!!,anger
مريم حسين تسب السعوديات وفي لندن تتمحن عند السعوديين تدور الكاش ???? . لا وبحسابها تقول احبكم اعشقكم بدون مصلحه???? . والله من الرخص ????,anger
تكون يمني وتعتز بهويتك ووطنك وتدافع عنه يسمونك عميل مجوسي بينما ان تدعمك السعوديه وتجعلك خادماً لها فانت حر وشريف  اكلمكم عن مفهوم الاخوان,anger
الا ما شوفت ممثل من الحكومه في استقبال البعثه المصريه في الاوليمبياد اكيد مشغولين بحفله للتفريعه 😒,none
kas1 انا عارف وملوش علاقه الاعتذار برنا او حد تاني بس التويته دي مش حلوه يعني ايه اعتذرت عشان الفانز,sadness
والضحك وقت الوجع  اوجااااع ..!!,sadness
مبروك بعثه 120 فرد رجعت بميداليتين برونز + علم السعوديه 󾌴󾌴󾌴󾌴 هي الاوليمبياد حرام اصلا 󾌴󾌴,none
علي ما بعثه الصين تعدي هيكون الاوليمبياد خلص,none
مش معقووووول،، ابدا ما بتخيل تحب   حب  عنجد  حب  لشخص قابلته ساعتين و كم لقاء و صار شريك حياتك!!! اه ؛؛ هو عمره كان ضمن المعقول؟!,love
وقالت ضاحكه : لا احبك ! قلت : ان فيها  احبك  وهذا يكفي ! الرافعي  رباب الكلم  قهوه السابعه  كوب لشخصين,love
اليمن  صنعاء  تعز  مارب  عدن يــا اهل اليمن لن يرضي عنكم الزيود الا بالحكم الامامي وسيناريو نحكم او نخرب اليمن هم الان ضد رئيس جنوبي فقط,sadness
برغم كل الخرا اللي العالم غارق فيه كل يوم .. الاوليمبياد دي احسن الحاجات اللي ممكن نتظاهر فيها ان كل شيء بخير,sadness
خلفيتها زي كيم كارداشيان ؟ هذا اللي قدرت عليه ؟ منجدك انتَ ؟ انت كيف حتربي اولادك بعدين ؟ يا فهد!,surprise
افتتاح الاوليمبياد ❤❤ الاوليمبياااااد دا ايه العظمه دي ✌ ابداااع والله  Rio2016,joy
جوايا خوف من كلمه الظروف,fear
معك حق. انا لا اقصد الترحم علي احمد زويل بما فعله كله لكن اقصد التجزئه هذه في المواقف,anger
خايفه انزل عشان متصدمش ف اسعار المواصلات الجديده,fear
اه والله حرقوا دمنا يلا بنحب مجانين,anger
الف مبروك ولله مصر كلها فرحنالك ومستنين منك الاغنيه الاولي  محمد شاهين,joy
اغضبوا لحلب يامسلمين اللـہم انگ القوي المتين المنتقم الجبار اللـہم گن معہم وانتقم ممن قتلـہم ان العيون باگيه ولگني الي اللّٰـه شاگيه,sympathy
: حلب تشيع المزيد من الشهداء، وتواسي الجرحي في مواجهه غير متكافئه مع قتله لا يعرفون الرحمه. سيدرك خامنئي عبثيه اوهامه، طال الزم…,sympathy
yasa ما شاء الله تبارك الله يااخ اسماعيل اهنيك علي حسك المرهف وصورك الجميله جدا اتمني لك التوفيق اخي,joy
انا لسه جايبه خط فودافون ولما بتصل ب اي رقم يقولي غير مسموح بالاتصال من هذا الرقم  !!,surprise
ماااشي ، انا هربيك يا ....... ع الكلام دا,anger
العراق تخرج من الاوليمبياد بضياع فرصه ذهبيه للتاهل و البرازيل تتاهل اول مجموعه  Rio2016  bra  irq  football,none
وايهاب عبد الرحمن بطل العالم ف الرمح طلعهه بياخدوا منشطات وماراحش الاوليمبياد !,surprise
يومٌ اسود في تاريخ بلدي العراق وللاسف الشديد،بدا مِنْهُ الانحدار في كلّ شيء و لازالَ الانحدارُ مستمرّا،،لك الله يا عراق،،،,sadness
اتضايق كل ماشفت الردي واشكاله ودي انه ياخذ اشكاله ويذلف عني الله يخليه لـ عياله ولــ ام عياله المهم انه يفارقني وينسي مني  سعد بن شفلوت,anger
: ايه جبرتكوا وقسوتكوا دي لا بجد وبتجبوها ازاي ازاي بتقدروا تقسوا علينا كدا عادي,surprise
هي الاوليمبياد بتتذاع عل ايه ؟؟,none
يا ام نيازي صحي نيازي وقوليله مصر جابت ميداليه ف الاوليمبياااااد 😂😂😂 اخيرااا مش مصدق نفسي يا لمبي 😂😂😂 ساره سمير 😍😍😍,joy
ALSHANFA: اللهم ان اهل لا حول لهم ولا قوه ، اللهم انتصر لضعفائهم واطفالهم ونسائهم وشيوخهم اللهم سدد رمي المجاهدين وثبت قلوبهم…,sympathy
وزاره التعليم مش عايزين ياجلوا امتحانات البنت اللي في الاوليمبياد؟ حد يقدر ياكد او ينفي؟,surprise
يااهل حلب ياليتني كنت معكم فافوزفوزاًعظيماهاهم الروس قدحشدوامع جحوش الفرس فالله الله بالاخلاص اللهم سلم اهلهاونصرمجاهديهاياقوي يامتين,sympathy
: بلِّغ اخاً في حنايا القلب صورته… اني وان كنت لا القاه القاه . وان طرفي موصول برؤيته… وان تباعد عن مثواي مثواه .  بوح  …,love
اهلاً وسهلاً بكم في  مكه مول   اكبر مول تجاري بمكه...جنوب حي العزيزيه طريق الملك عبدالله..   تستاهل اكثر,joy
Mosul قلوبنا معكم,sympathy
قطر في الاوليمبياد بالمره يعني طالما اتكلمت في الموضوع ده ضامنين ميداليه واحده   معتز عيسي برشم وهينافسوا علي ميداليتين كمان  QAT  Rio2016,none
569  0o0 2 يازين سلم علينا كل مامريت /وش فيك ساكت وعند الناس تتكلم/اقلوب الاحباب ماتكذب ورب البيت/ والله بلاني ب حب انسان مايرحم????????,love
me: كم افسدت الغيبه من اعمال الصالحين .و كم احبطت من اجور العاملين .و كم جلبت من سخط رب العالمين ..  ابن الجوزي رحمه الله,sadness
خايف ينفضح .مع قليل الادب !,fear
السنه دي مش محتاجين ميداليات ذهب من الاوليمبياد، لسه عندنا جنيهات ذهب تذكار افتتاح التفريعه، ييجي بحوالي عشين ميداليه..,none
الاوليمبياد من احلي الحاجات في الحياه عامه,joy
طول ما المصريين بيتابعوا الاوليمبياد محدش من العيال هيفلح .. اي حاجه المصريين بيركزوا فيها بتخرب و الله شعب وش فقر,sadness
هيفضلوا يهروا ويولولوا ويمئمؤا احنا ماشين ف طريقنا وهننجح باذن الله الانكلاب يترنح,anger
افتتاح الالعاب الاوليمبياد في ريو دي جانيرو البرازيل 2016 عاشت البرازيل,joy
خلاصه الاوليمبياد ريو 2016   ان الاجانب تفوقو علينا في الرمايه... والسباحه.. وركوب الخيل=D=D,none
: ليبيا: البرلمان يستنكر الضربات الامريكيه ودول الجوار تستنفر جيوشها,anger
قطر مشاركه ب 25 لاعب في الاوليمبياد يعني اللي عايز يحتل قطر مش هيعرف لان وفقاً لاخر تعداد سكان فاضل 1 9 975 مواطن موجودين في البلد عادي.,surprise
لما اسماء حمدي اخدت واللي معاها اخدوا خمس سنين. مستوعبتش. بعدين قلت فعلا النظام ده مش هيكمل خمس سنين، ويارب ما يكمل سنه,sadness
Asii99 اي والله مرعب 🤕,fear
شغل بيض احا نيك يا نادي معرض مليان  ......,anger
هم السبب ؟ الاخوان ومرسي ، منهم لله,anger
وبعدين ايه اللي هياجل ماتش في الاوليمبياد يعني .. ده مش ماتش في بتروسبورت الامن مش عايزه يتلعب عشان يتاجل يعني,surprise
بغض كبير للانتظار..,sadness
نحنو معك قلباً و يا ابن طيبه البار واسال الله لك التوفيق فانت تستحق هذا المنصب ابناء طيبه الطيبه معك بالجهد والمال,sympathy
انام كل ده واصحي الاقي الفون 37% o.O !,surprise
عملتها ازاي دي؟😂,surprise
اذا بتنحاز تماما لهم، نحاز فيهن ع فلسطين وحرر بلدك يا بطل مش تكونو اعداء لدوله احتضنتكن لعشرات سنين واكلتو من خيراتا,anger
انا خايف من الفقدان والوحده وخايف دمعتي تطغي علي فرحي اجيها مبتسم شايل معي ورده واروّح باكي وشايل معي جرحي !  راكان الضوي,fear
Momani   ههههههههههههههههههههه عحبتني سطر النمل,joy
ساقف معك حين يظن الجميع بانك سيء ، ساقول بانك تخصني بكل سيئاتك ..,sympathy
اخواني مضطهد في مصر ومش واخد حقه ..وحكومه السيسي سفرته الاوليمبياد .. السيسي كاتل وكمعي 😜😜😜😜,none
المفروض الاوليمبياد المره الجايه تدخل التعريص ضمن الالعاب اهو علي الاقل مصر هتضمن ميداليه .. علم السعوديه  ريو 2016  ذهبيه التعريص,none
مصر بتلعب رفع اثقال اهي. وربنا امتع رياضه في الاوليمبياد. و احسن مزيع 😂,joy
معرفتش اشوف حفله الاوليمبياد عشان عندي شغل و مش اجازه السبت و بقيت باحقد علي اللي عندهم اجازه السبت اكتر 😐,sadness
حزن حزن,sadness
بطوله العالم للاسكواش تحت 19 سنه الدهب والفضه والبرونز لمصر يارب نشوفها في الاوليمبياد قريب واحنا محافظين علي مستوانا فيها,none
ip7     DEMASHQ    اتعلم لماذا كان الهالك فهد يحالف نصاري لبنان ضدالسنه لانه كانت صاحبته لبنانيه,anger
كفايه ان كرمه جت في 2014,joy
خايف عليك وشايف الجو بارد وبوسط قلبي نار بالحب تضوي تعال اضمك يصبح الحر بارد ماله لزوم تجيني في لبس شتوي,fear
ياكريم يا سخي *wink* ????❤️,joy
هم يرحلون وذكريات تبقي .,sadness
اصابك عشقا,joy
KSA الله معكم ياشباب الوطن,sympathy
:  عيون..  بالصور..  كارول سماحه تستجم مع زوجها وابنتها بـ  الساحل الشمالي   SAMAHA,joy
انا خايفه من اللي جاي والله حاسه هنلعن افلاسنا خلاص,fear
رغم ان الجمال نسبي .. بس ف جمال يخطف العقل قبل العين ..!!,joy
عظيم عظيم,joy
هذا وانتم متعادلين ذهب ذهب كيف لو فزتم الماس وفضه,surprise
22 خايفه انه ماينفجر بس يارب,fear
: رَبِّ اشفي كُلَّ مريضٍ لم يياس مِن رَحْمَتِك 🙏🏻🙏🏻,sympathy
العظيم مايكل فيلبس يحقق الميداليه الذهبيه رقم 22 في تاريخه في الاوليمبياد  يلا ريو,none
ايطاليا تخشي تدفق مسلحي     داعش     اليها عبر البحر.. واردوغان يهدد اوروبا بتوقيف العمل بـ    اعاده القبول    .. وبيونغ يانغ...,anger
تركي العواد يسيء للسعوديات عموما تعودنا اي مجهول وتافه ونكره يبي الشهره جد يتسلق ع كتف عماته السعودديات ????,anger
انتوا مال دين ابوكوا البنات لابسه ايه في الاوليمبياد .. محسسني ان امك اتولدت لابسه جي سترينج,anger
الليالي ف حضنگ دفي .. <3,love
لايموت الحب وان  شاخ الجسد فـ يبقينا صغاراً الي الابد 😍,love
: واعذبُ الوصلِ وصلٌ كُنتََ تحسبُهُ من المُحالِ فاضحي صُدفهً قَدَرا  شعر فصيح  شعر  فصيح  فصحي  انواع الحب  درر  ابيات…,love
فعلا  الاخوان بيتفننو يجيبو التهزيق لنفسهم! ايه الدماغ دي والله,surprise
كان الخبر ليكون : المصري ينسحب من الاوليمبياد لان المنافس ينتمي لدوله احتلال الان الخبر يقول المصري لا يتمتع بالاخلاق الرياضيه .,none
حمدالله علي السلامه رايح تتفرج علي الاوليمبياد و لا ايه ☺️,none
:  كنت خايف اسمع صوتِك تاني، بس من جوايا كنت بتمني,fear
: قمه الوقاحه انك تستهزء بحد عشان تضحك الناس عليه و تزعله هو !,anger
نحمد الله نطمئن عندما نسمع دعاءالمشائخ لنا علي المنابر   الجيش المرابط نفخر بكم,joy
رنا بتسقف  رنا سماحه مع عمرو الليثي,joy
بولت ، مايكل فيلبس 💪💪 اساطير الاوليمبياد ✋💪,none
بيئولو لي توبي ازاي تتوبي ياعيني ازاي !,surprise
وجدتك انت ❤️ ليجبر الله بك كل كسر مر بي ..   مشاعر  بوح  قبل ان تنام,love
احساس وحش اوي لما تحس انك بتخسر كُل اللي بتحبهم بالتصوير البطئ.,sadness
:   احبِ اسمك جداً .   لاي درجه ؟    لدرجه انني التفتُ معكِ حين يناديكِ احدٌ ما .,love
ناس بتتجوز في الاوليمبياد اهي 😂😂,joy
ناس حقيره .. ازاي بندي اللي مالهومش لازمه قيمه كده ???? .. دانا عايزه اضرب نفسي اني كنت هبله كده ايه ده !!!,anger
الاوليمبياد الـ فاتت مكونتش اعرف بوجودها اصلًا عايزه اقولكم 🚶🏻,none
نحن معكم وانتم قدها يافرسااااان❤  كلنا ليبيااااا✌,sympathy
Aslami    خلنااا نستمتع بالنواخذه ياهم حشر.. . رغم دعم التحكيم كعاده لهم تسلل وبلنتي,joy
Kholu24: ليس ان تلغي اﻷشياء التي تحبها من اجل من تحب ان تفعل اﻷشياء التي تحبها مع من تحب,love
طول ماحنا عقليتنا بالمنظر ده، هنفضل نخسر في كل شئ في حياتنا 100 0  ريو  الاوليمبياد,sadness
كم اعلام اسرائيل المرفوعه والاسرائيليين المشاركين السنادی فی الاوليمبياد مش طبيعی صدقو انهم دوله فعلا الكلاب حسبی الله ونعم الوكيل,none
والله وجودهم في الاوليمبياد زي عدمهم ، الله يرحم بس,sadness
: من يدخل مدينه اما يعود طفلا يحب كل الاشياء و اما يخرج مسن لا يدرك الي اين السبيل,love
بتفرج علي الاوليمبياد وبشجع مصر والعرب وافريقيا والدول الغلبانه .. وعاوز ميداليه مصريه !!,none
:  SudanDoctorsStrike  اضراب اطباء السودان متضامنه مع ابناء بلد احببته، سخي باخلاقه وراقي في تعامله، بلد علمّني ان الاراده ل…,sympathy
اجمل ماقيل بالحب; ❥❥ اريدَ انَ  احبكـ فوق  الحب حبَا وفوق  الجنونَ عشقا ..و علي  السماءَ انُثركـ  حرفا ..❤️,love
مصر اخدت اكتر من نص ميداليات الاوليمبياد  طلع اشاعه جديده,none
انا....ماما انا خايفه من القبر ماما... بعد الشر بس ربنا موجود هيدخلنا الجنه برحمته هو احن علينا من اي حد انا....ماما ماتسبينيش دقيقه,fear
مبروك شاهينو &lt;3 3 سنه لمصر اخيرا,joy
jx: يجيني خوف من الاشياء اللّي اقاتل عشانها ، اخاف ما تستاهل وتكسرني ، و بعد ايش؟,fear
اسامه الملولي التونسي الاوليمبياد اللي فاتت,none
مش كنا طلعنا الفنان حماده هلال الاوليمبياد دي يجيبلنا عشر ميداليات ولا حاجه,none
عاجل لاعبه  التايكوندو اللاعبه المصريه  هدايه ملاك تحصد ثالث الميداليات البرونزيه لمصر في  الاوليمبياد,none
الحمدلله الحمدلله االله نصركم يا اهل حلب ❤️  مبروك فك حصار حلب,joy
ده سؤال بردو ... زي ما كنا بنعمل قبل الاوليمبياد,none
الموت حق علينا جميعاً✒ سنكون ذكري فقط تحت التراب تبقي احلامنا… وتبقي اشيائنا الشخصيه… وتبقي سعادتها وحزنها ذكريات…🗨 هكذا نهايتنا ستكون…؟🖋,sadness
استحقرك لامنك صرت تتكلم كلام بذيئ والفاظ وصخه وتعتبرها فله وواو????.,anger
seventy77: قالها بحزن خايف تتركيني لعيون غيري مايدري اني لو علي بعت الناس لعيونه..,fear
:  حلب تتحرر حسب موسكو ان الطياره كانت في مهمه انسانيه  اقسم بالله العظيم ان الذين سحلو الطيار قامو باعظم مهمه انسانيه منذ بدايه…,love
خاليه انا من الحب فلاتخدعكم كتاباتي احببت شخص وفقدته واكتفيـــــــــــــــــــــت ...,sadness
فيه 3 مصريين ودعوا الاوليمبياد في بتاع ربع ساعه 😂,none
احلي حاجه ان في العاب عاديه فشخ معترف بيها في الاوليمبياد ومش راضين يدخلوا الاسكواش علشان عارفين اننا هنسيطر 😂,surprise
احبني و احب ان اعلمكم ما انا مؤمنه به ضحي  دوره  شريك الحياه  زواج,love
: والده زبيده ابراهيم: تم خطف ابنتي من الميكروباص وجريمتها انها حافظه للقران وترتدي النقاب!  قناه الشرق Watch Elshar…,surprise
: اللهم ربّ السلام هادي الانام انزِل طمانينتك علي كل قلب ارهقته الحياه انزِل عافيتك علي كل مريض يشكو التعب ،انزِل علي م…,sympathy
مهرجان انا مش قادر اديك اا وكسه السيسي   YouTube,anger
سرقوا من فلسطين الليمون.. ونحن نائمون حرقوا نخيل عراقنا الميمون.. ونحن نائمون باعوا ياسمين الشام...,sadness
انا لا ارفع سقف التوقعات انا خايف نقعد ونندم وجودنا في الشارع الضمان الوحيد للشرعيه نعمل اللي علينا والباقي علي ربنا ننزل الشارع ونقول يارب,fear
والله خايفه عليكم ...هتسمع كلمتين يحرقوا الدم ...اسال مجرب,fear
ودي اقولك سلااامه قلبك من الضيق بس والله خاااايفه منك😞,fear
66: الشعور اللي اخيس من الغيره لما تكون خايف ان احد ياخذ مكانك بقلب شخص تحبه.,fear
احمد الاحمر اوسخ لاعيب في المنتخب من اول الاوليمبياد عشان الزمالكويه الاوساخ زيه يتخرسوا,anger
الله يعوّضني قسي خذلانك والله يجازي هالصبر بالجنّه,sadness
: تعصف بي الامواج بين خيبات  الضنون و رياح  الحزن العاتيه وتكسر جسدي من ذالك الارتطام حتي اصبحت  هشيماً لا يمكن اصلاحه ،،,sadness
: ودي احكيلك عن ضحكه قلبي والشعور الحلو ، لـما افكر فيك واتذكر عُيونك💙..  غزل 💟💟,love
رابع ذهبيه متتاليه للاعبه اليابانيه في الاوليمبياد .. لم تهزم من 13 عام!,surprise
: قلوبنا معكم منصوين يحفظكم الله  رساله لجندي عراقي,sympathy
متعاطف مع الارجنتين بحكم علاقتي الحسنه معهم مو عشان ميسي,sympathy
h a h d الله ينصركم اخوتنا في مصر ... ربنا معاكم ... مصر ام الدنيا ..... ...,sympathy
بعد خمس ايام في الاوليمبياد الدول العربيه كلها علي بعضها اخدت ميداليه برونزيه 🙈🙈🙈🙈🙈👊🏿👊🏿👊🏿👊🏿,sadness
عمر عسر خسر و خرج من الاوليمبياد 😔,sadness
r1: حاتم مين بس اتلمي بقي يا شيخه وقولي يا صبح ????????????????,anger
: كلامه مؤثر عن فقد والدته والله لا شيء موجع كفقد الام الله يحفظ امهاتنا ويرحم كل امهات المسلمين  مؤثر 💔✨  امي جنتي,sympathy
الذهبيه الاولي في تاريخ الاوليمبياد قبل بدئه,surprise
Ohoudfc       و غير هذا شوفي فيديو السعوديه اللي تلطم و تقول ظلم لانهم طردوهم ????,anger
ما توقعتك جدي يا عاشه!!!!! وربيييييي اميررره,surprise
رفع الاثقال يا اخوانا احسن لعبه في الاوليمبياد والله,joy
نادال عامل احصائيه في الاوليمبياد محصلتش ولا هتحصل 100% فوز في جميع مشاركاته ولا خساره الا الان زوجي وفردي يحق للاسبان يعملوا ليه تمثال,surprise
توني اكتشف ان عمري 20 سنه بالهجري 😳!! هييه متي كبرت شلوون وكييفف 😳! طول هالوقت حاطه عمري 18🌚 مخي موقف عند هالعمر 😂💔,surprise
اين كذبنا علئ اهل السنه يا نوره اتقي الله ولا تنصبين الاعداء للشيعه فتخسرين الدنيا والاخره,anger
زهقنا من شبكه  فودافون الي مش موجوده اساسا طول اليوم,anger
فين جدول فعاليات الاوليمبياد ؟,none
ميداليات الاوليمبياد برعايه الجيش المصري,none
بعدك انا واحده ضعيفه خايفه وساكته تايهه وضايعه افهم بعدك صعب لكن هقول ايه جبله,fear
هم المصريين اللي ف الاوليمبياد اللي عمالين يخسرو دول ملهومش اهل يسالو عليهم,sadness
ان شاء الله الكاراتيه لما يدخل الاوليمبياد هيجيب دهب 💪🏼💪🏼,none
الدروس المستفاده من الاوليمبياد .. كتيره واهمها ان الوصول للقمه اُسلوب حياه اما الي بيحصل علي ميداليه او اثنين دول بياتوا بالصدفه  ريو2016,none
البرتغال مش قادره تكسب المانيا ابدا، حتي بفريق الاوليمبياد ، عقده:) كره قدم  Rio2016,none
انهارده يوم السف العالمي اذا كان ع البت المحجبه ف الاوليمبياد او ع الاهلي والزمالك,none
تركي العواد يسيء للسعوديات شكله من زود الحماس قام يخبط بالكلام.. شكله شاف المقربين له كلهم شحوم يحسب كلنا كذا  ترا التعميم لغه الجهلاء ????????????,anger
:  الرحمه تجوز علي اللي بيتعلق بالناس بسرعه، واللي حَب ومتحبش، واللي بيراقب حَد مبقاش ليه، واللي مش لاقيين سَند في  الدُنيا…,sympathy
22   حمدين صباحي حيموت علي الرياسه ياعيني كل شويه يقول انتخابات مبكره لما زهقنامش عجبك عمك السيسي,joy
الهدف الرئيسي من الاوليمبياد هو نشر روح السلام والمحبه والتعارف وليس لاعلان مواقف سياسيه. وقديماً كانت فتره هدنه من الحروب.,none
والله لسه كنت بفكر ف حاجه بس خايفه😂😂,fear
كعادته حفظه الله السومه يجلد خصووووومه   قووووووووووووووووول من ايقونه الفرح الخضراء????????????????????,love
هنحاكم السيسي لانه كمم الافوااااااااااااااه,anger
: اولا سنه حلوه ياجميل، ثانيا الليل هيكون طويل ~,love
seeen  ايطاليا مكرونه جبن,love
صوره الاوليمبياد 👏👏👏,none
الستات هيفشخونا لو مفيش راجل جاب ميداليه في الاوليمبياد دي,fear
mohammedrazan عُمر جديد يا رب مليان بالشعور الحلو الله يحلي سنينك مثل حلاوتك،يارب الجاي من عُمرك فرح بانجازاتك كل سنه و انتِ طيبه يارزان .,love
انت تقارن ليه وتقول وليد فاشل ليه..! اعرف انك لاتعرف مصلحه الكيان ككُل.. طيب وليد ممتاز ليه تنتقد وتقارن..!,surprise
لسه كنت هوصل الرساله .. التويته مبتتكتبش من كتر البطئ,anger
: لا احد يستطيع منع نازح من الخروج، بعد زوال سيف داعش عن رقبته، الناس خائفه مربكه متعبه من صور الموت.  معركه الموصل,fear
حياه مرضي الوسواس القهري للاسف عادهً هي اشد سوءاً ، كان الله في عونهم 😞,sympathy
بفكر مع نفسي كده لو روحت الاوليمبياد العب اي لعبه بالظبط,none
ده يوم اسود في تاريخنا... لازم نرد القلم ده ميه,anger
الكاراتيه مش لعبه اوليمبيه لسه. 2020 هتخش الاوليمبياد😅,none
co1 :      14  اخوي فيصل هل هذي الخطابات صحيحه وصادره من ابراهيم غالب؟! اتمني الرد لكثره الاقاويل والفتن,anger
:   هذي يغار منها القمر وشعاع الشمس و الورد .. عيونها بحر وحنّا غرقي : (,sympathy
راعي تيشرت السويد في الاوليمبياد H&M كوره قدم و يد و كله كله H&amp;M,none
: مرتد  في حبك  ولو كنت  تايب مدري متي يازين عن حبك اتوب  توي شباب وراسي  اليوم شايب والقلب من بين المعاليق منهوب   محمد المخل…,love
كان الله في عونهم ياااااربّ,sympathy
اذا لم يعد لنا قلب يستطيع ان يتحمل مشاهد مصائب وتعز ونحن بعيدون عنهما،فما بالك بمن يكتوون بالنار ويعيشون الدمار!! مالهم غيرك يا الله,sympathy
ديجوفيتش يطلع من الاوليمبياد والاهلي يخسر في يوم واحد 󾌳󾌳 بيور شيت,sadness
احلي حاجه في الاوليمبياد البنت اللي راكبه العجله قبل اي دخول لاي بعثه :D,joy
: انّا لله و انّا اليه راجعون .. الي جنات النعيم و عطف الرحمن الرحيم💔 يارب انتَ الارحم بها منّا وفدت عليك فاكرمها يا خير مك…,sympathy
ساره عطار الاوليمبياد اللي فات كانت لابسه حجاب 😂😂😂 مااقلكم المساله مساله وقت وتصير اللي زيها بالبكيني تلفلف 😂😂😂😂,none
قلبي معكم اهل الموصل,sympathy
يا سلام لو الاسكواش في الاوليمبياد كان خدنا الذهب والفضه والبرونز,none
ksa تخسون يا ذيول  و خدم ايران...خنتم الله ثم عروبتكم و قبله اسلامكم..ايران ليست مسلمه و ان كان شعارها يوحي بانها مسلمه,anger
اكيد مفيش اهتمام بكره القدم في الاوليمبياد رغم انها البرازيل الاوليمبياد = العاب القوي لافلاليني جريس بولت محمد فرح فيليكس روديشا كدا يعني,none
cccc: هاااام تمكنت مباحث الاموال العامه من القبض علي تشكيل عصابي يقوم بتزوير العملات الدولاريه باستخدام احدث الاساليب 👇👇,none
كلام واقعي وجميل يشكر عليه النائب صالح عاشور,joy
هو مش الحصري ده ضد المبادئ الاوليمبيه؟عمر ما كانت الاوليمبياد حصري ايه اللي اتغير؟!,sadness
تعليق ناري لاردوغان علي تعريه الجيش التركي بعد الانقلاب عليه,anger
ghonim: اكتر ناس بتبقي مش طايق تشوفها هي اكتر ناس بتطلع في وشك اول ما بتنزل من بيتكو..بتشوفهم اكتر ما بتشوف صحابك???? القاعده في الب…,anger
: يسالونني لماذا  احببتكِ انتِ انتِ الصوت الذي لا اسمع سواه الهواء الذي  اتنفسه الامل الذي  اتمناه انتِ من علمني ابجديات …,love
رايح تمثل مصر في الاوليمبياد ، ح ترفع علم مين ؟ .. علم السعوديه طبعاً !,surprise
هنا رد شيخ الاسلام علي القبوريين الدجالين الافاكين,anger
يؤلمني بكاء الكبار اكثر من  بكاء  الاطفال لانهم لاّ يبكون الاّ من شيئا قد غلب صبرهم...💔,sympathy
دنيا و كضيناها واحدنه من حزنه  انكسر و شبيك يا وكتي  صعب شو بشر ما يرحم  بشر  مساء  التسامج,sadness
اصاله دي حاله جميله,joy
البرازيل بصراحه عامله شغل عالي في استضافه الاوليمبياد ...ايه الملاعب دي والتصوير ده,surprise
:   غرد بصوره يخاف عليها من برد الشتاء وتخاف عليه من غدر السنيين❤,love
هههههه الله المسعان .الله ينصرهم.لكن ارجع واقول هي حالات وليست ظاهره.حتي وان كانوا بالالاف وانا متضامن معهن الا انها ليست مبرر,sympathy
لو كان للكلام عطراً ؛ لكانت الصلاه علي النبي اجمل العطور  ?اللَّهُمَّ صَلِّ عَلَي مُحَمَّدٍ وَالِ مُحَمَّدٍ?  صلو عليه وسلمو تسليما ??,joy
الامريكان في الاوليمبياد عاملين حجامه وتقرير ناشر انها بتحفظهم من الالام الحجامه سنه نبويه ..بس لازم الغرب يعملوها الاول عشان نعملها,sadness
في سحر اسود معمول لبعثه مصر في الاوليمبياد :D,none
ياربي رحمتك ياالله انهم سبو الصحابه وعملوا في الارض الفساد اللهم اهلكهم يا السنه انتبهوا وحافظوا علي السعوديه   اعدام 21 داعيه سنيا في ايران,anger
قلوبنا معكم يا اهل مصر,sympathy
:    خساره تنصدم في ناس فرشت الدرب لخطاهم وهم بارخص تراب الارض يبيعوني ويبيعونك..,sadness
الحمدلله اللي كنت خايفه يحصل .. حصل ......,fear
الله عليگ,joy
يسلموا,joy
تيم ال IT و الجرافيكس المسئول عن مؤثرات ارضيه الاستاد في افتتاح الاوليمبياد عاملين شغل عالي جدا بغض النظر عن العروض,joy
تعـــــــزيه ببالغ الاسي والحزن وبقلوب مؤمنه بقضاء الله وقدره ، تلقينا اليوم خبر وفاه  والد الاخ والصديق…,sympathy
ابكاني كمدا  ..وقهرا,sadness
والرهانات شغّاله جنب الاوليمبياد طبعا.,none
كان الله في عونهم وسائر المستضعفين في كل مكان,sympathy
شفت فيك الاهل والصحبه والعُمر الجميل.  بيسيات  لحبيبي,love
والله حرام الضغط اللي اتحط ع واحد حلمه بس ينافس في الاوليمبياد  اسلام الشهابي,sadness
قطر خاشه الاوليمبياد ب25 لاعب و1000.مشجع و 100مساعد...الي يبي يسرق قطر يستغل الفرصه الشعب كله في البرازيل   مسافر الي قطر حتي يسرقها,none
كل اللي يومها فرحته معاك بيعذبني,sadness
هم الوزيرالعلقمي وازﻻمه الذين فتحواابواب بغدادللتتارالمغول هم احفاد ابي رغال رائدالعدروالخيانه...,anger
فيه دولتين هيشاركوا في الاوليمبياد لاول مره في تاريخهم كدول مُستقله بعد انضمامهم للجنه الاوليمبيه الدوليه مؤخرًا .. كوسوفو وجنوب السودان,none
: انتم اخوتنا ياسوريين ونحن معكم قلبا وقالبا تحيه للرئيس بشار وللجيش العربي السوري البطل  رسائل سوريه للعالم,sympathy
صاروخ تاو  حراري من اجمل القطات يفشخ المجوس عبده القبور فشخ  ملحمه حلب الكبري,surprise
خيبه امل مصريه في الاوليمبياد يتحملها اتحاد فاشل بكل مقاييس,anger
اليابان ونيجريا في الاوليمبياد .. الدقيقه 9 في الشوط الاول والنتيجه 2  2,none
hatem ذكري اعدام الارهابي الخروف سيد زفت,anger
قناه ابو ظبي افسدت علي المشاهد الرياضي البسيط متابعه الكره  ليس ذنب المشاهدين خلافاتكم مع بي ان سبورت .. وليس منطقي ان نشترك لاجل مباراتين !,anger
؛ مشاعر ضاقت بها العيون فہ سقطت ..,sadness
تخيل معايا واحد بيحضر نفيه من سنه تقريبا عشان الاوليمبياد... تدريب ومعسكر وبطولات وديه ودوليه تحضير للاوليمبياد وفاشخ نفسه عشان ف الاخر,none
تابعوا الاوليمبياد يا جماعه هتنبسطوا فعلا <3,joy
جايز جدا وممكن بالعوامه البطه في الاوليمبياد الجاي😂😂😂😂😂😂😂,joy
جوعانه ابي اسوي شيئ واهلي كلهم برا مافي الا اخوي ونايم بعد ياربي خايفه انزل تحت لحالي,fear
: نحن الله معنا .... فيديو من اهل في حي السكري. سامحينا يا امي ..,sympathy
احنا لاعبيتنا في الاوليمبياد بيخرجوا من دور 256 بتقولوا ايه ياجماااعه 😃😂,none
وبما ان الكارتون منفعش مع العيال دي ولا برامج الطبخ ولا المسلسلات فشغلتلهم الاوليمبياد والبابي الست شهور متفاعله معها جدا وبتشجعهم برجليها,none
يتوسل. هدنه جديده مش عيب عليكم ياال سعود بعد ان قتلتم وشردتم ودمرتم بالقصف اليومي لعام وسته اشهر.. انتم لاامان لكم..,anger
لما تشوف حد واحشك كان بقالك كتير مشفتوش?,surprise
alqarni50   malki المظلومين بعد التقاعد العسكر صغار الرتب كان الله في عونهم,sympathy
نيمااااااار سجل اسرع هدف دلوقتي ف تاريخ الاوليمبياد 14 ثانيه,none
لسّتِ امام عيني ، لكنكِ كُل ما اري 💜🎵  رتويت  رومنسي  بوح  خواطر  شوق  ذوق  غزل يبتي  صباحيات  جميل  رائع  صباح الخير,love
abualy وانت بالف خير  ميرسي يا احمد,joy
ما  الحُب الا ان تَخاف الله فيْ من تُحب فتاخذه معك الي  الجنه …💕,love
: تمنيت يوما لكن  الزمان ابكاني...تمنيت ان اعيش كما تريد نفسي... لكن عاشت نفسي كما يريد زماني....,sadness
اشبعوا من بعض مبيديش انذار قبل ما بيجي!! 😢  اسالوا علي بعض ، محدش عارف امتي هتكون اخر مكالمه او اخر كلام بينكم.,sadness
انا هنا قمطت كنت خايفه علي اللي حامل !. TrainToBusan,fear
انت متخيل ان مجهود ابطال الاوليمبياد هو حصاد تدريب وتمرين سنوات كامله بجديه واخلاص وامانه عوامل ان قلت خسرنا .,surprise
هي الستات اللي بيجيلها بيريود ف الاوليمبياد بيشاركوا برضو ؟؟ ....الالعاب الاوليمبيه,surprise
:  الامارات تعفو عن الجيده والحمادي  عندما نملك قياده حكيمه ،،،   عندما نملك قياده تحب التوحد والوحده ،،،  فهي شيم الكبار ،،،…,joy
و انا انام و اصحي 9 دي ازاي بس؟,surprise
mems عند كريم .. تعالي انا لسه صاحي,surprise
الاوليمبياد وسهره كرويه ، المانيا والمكسيك شغال والبرتغال والارجنتين هيبدا وبعده 3 ماتشات,none
abdurhman: القلب عندك يا حبيبي وداعه ❤️  الله يرحمه,sympathy
اكثر شي كنت خايفه منو اصابه بوغبا ارتحت يا مورينهو !,fear
انا مبحبش تطبيق جوجل بصراحه. الاوليمبياد اللي فات كنت متابع من ابليكيشن هايل بس مش فاكر اسمه 😄,none
بنات جدعان فوق العادي .,surprise
قمر منور,joy
افتتاح الاوليمبياد سكر ...هييييييح من زمان الواحد مكنش رايق يتفرج عالحاجات دي,joy
فريده حققت في التصفيه 57.83 ثانيه .. والرقم اللي متاهله بيه الاوليمبياد 58.22 ثانيه اصلًا .. اللي هو حققت رقم احسن من رقمها,none
كوريا الشماليه محاصره وفي حاله حرب مع الجميع ومع ذلك ممثليها في الاوليمبياد حققوا نتائج. وانتم يالسعاوده فشلتونا، حضور وانصراف بس!!,joy
مصر ف الاوليمبياد البلد الوحيده ال شايله علمين علم مصر وعلم السعوديه 󾰑󾍃 شعب مسخره وربنا 󾌴󾌴 طيب ليه !! 󾍃 اكيد عشان الرز 󾌴󾌴,sadness
samir95: بيعملوا ستيكرز في بوستات وبيغيظوني يا سماح * عشان مش معايا فلوس اجيب ايفون * ????????????????,sadness
صح حبيتي ربنا يهدي بس الناس خايفه الحياه بقت صعبه اوي برده حنان,fear
انا خبله قايمه خايفه دخلت تويتر مسويه بروح الخوف لو اني قاريه قران وراجعه انام ابرك,fear
ساره عطار الاوليمبياد الجاي : اللبس الطويل يعيق السعوديات والحجاب مايخليها تشوف ويله يله لين تصير بكلوتها تتمشي😂,none
وعلي صعيد منفصل تماما فيه لاعبه المانيه من اصل فلسطيني رفعت علم فلسطين مع علم المانيا في حفل افتتاح الاوليمبياد,none
: حتي اقرب الشخاص ~ يخذلوننا ~ وما اقساها من  خيبه.. 💔,sadness
32: الله يوفقهم ويسدد خطاهم وينصرهم 🙏❤️  شكرا ابطال الدفاع الجوي,sympathy
المشكله ليست فيمن يخذلك ، يخونك ، يوجعك ، يسحقك ، المشكله هي انك تتمكن من تصديق شخص نال منك مره لتمنحه فرصه النيل منك اخري !,sadness
احا .. يعني صاحي علي بليز كول مي وقولنا ماشي انما ملاقيش علبه السجاير .. احا بجد دا انا شارب منها سجاره واحده بس,anger
ii  تجاهلي يااختي وخليهم يولعو في مريم لان مناقشه ستدفعهم لسب بلدك وهدا مالا نرضاه,anger
جرعه خيبه الامل و الاحباط بتاعت كل يوم قبل ما ننام اللي بعثه الاوليمبياد بتاعتنا بتديهالنا ، شكرا يا جماعه و الله,sadness
علي اساس انجازاتتا كبيره في تاريخ الاوليمبياد 😀😊  نساء الاولمبياد لايمثلوننا,none
cake ربنا يسترها علينا جميعا :((((( ناس كتير خايفه من اللي جي :((,fear
الاوليمبياد الجاي ان شاء الله انا اللي هخش بالعجله,none
لو الاسكواش دي اوليمبيه كان زماننا من اول عشر دول تقريبا ف الاوليمبياد,none
افتتاح الاوليمبياد علي قناه ايه و امتي,none
خايف علي مستقبل عيالي من الحين لانه لوبقومهم الصبح للمدرسه وقالوا مالنا خلق يمكن انسدح معهم واقولهم اي والله حتي انا ᴗ̈,fear
1112 😂😂😂😂😂😂😭😭 والله خايفه اصدق,fear
بيعرضوا نظريه التطور في افتتاح الاوليمبياد :D,joy
تركي العواد يسيء للسعوديات معليش وبدون نرفزه اللي يقولوا له تتكلم عن امك واختك ، معاه حق السعوديات الاكثر سمنه عربياً،ف سالفه السمنه ماكذب,anger
اين الاوليمبياد؟ انا لا اراها,surprise
عااااااااااااااااااا فيلمي من  اجل امراه,joy
خلاص خلصنا مسابقه الهري نركز في افريقيا الله يخليكوا . . مبروك للزمالكاويه 👏😊😀 نقلب بقي علي الاوليمبياد 😍😍,joy
dloo3a مرحبا بك,joy
فيه لينك اشوف منه حفله الاوليمبياد؟,none
MouniriaN: هي خايفه من ان كل حاجه حصلت قبل كده تتعاد تاني .,fear
اختيار الغربيين لزعماء متطرفين ديمقراطيه العصر!! واختيار العرب لاحزاب  متطرفه  مساله فيها نظر!!  ترامب البعبع علي خ…,surprise
بالفيديو.. الجزائر تودع الاوليمبياد بخساره امام الارجنتين,none
Alagory خايفه ناكله بعدها,fear
الله يرحمو  مات زويل وبقي عويل الله ينور علي هذه الامه العريه الغارقه في الجهل والحرب,sadness
هل تتوقعون ان ننجح في الاوليمبياد وهيئه الرياضه تحارب بعض الالعاب الفرديه؟  عوده اتحاد بناء الاجسام مطلب رئيسي,surprise
: ان لم اكن بجانبك ..!! فانا خلقت ادعو لك بما يسعدك <3,love
في الاوليمبياد,none
السؤال لماذا لا نري شجب او استنكار من حكومات السنه كما تفعل ايران الجواب انهم وجهان لعمله واحده   اعدام 21 داعيه سنيا في ايران,anger
: اللي هو عايزاك و محتجاك في حياتي بس خايفه منك 🙄,fear
: معظم مشاكلنا وبالكاد ممكن تكون اغلبها تتلخص في حاجه واحده بس  الخوووف 😐✋,fear
ان يكون محبوبك احب اليك من نفسك يعني انك قررت ان الحب حياه وليس امرا عابرا !  صباح السعاده,love
الشـتـا  مبيسيبـش حد سعيـد ..,sadness
سياتي اليوم الذي نترحم عليه  بعد عمر طويل  سبقه الي ذلك غازي القصيبي ومحمد الرشيد,sadness
ازاي بس يا كبيرنا,surprise
طيب مش عارف هما كانوا رايحين يلعبوا طايره في راس البر مثلا و جم خطفوهم وحطوهم في الاوليمبياد ازاي,surprise
السلام عليكم انا بقالي حوالي سته شهور بدور علي شغل هنا في الرياض والله ظروفي صعبه جدا. وربنا هو العالم. اللي...,sadness
صرف مكافات 5000 جنيه لكل قاضي بعد الفوز ببرونزيه الاوليمبياد   بدل تشجيع,none
: يقولي : من اي ارض حلوه اتيتِ الي 💭🌝.  غزل,love
حد يسكت مذيع نايل سبورت اللي بيذيع الاوليمبياد 😡,anger
نقطه ضعف البنات العمر  والمصاري   وشوفه الحال انا .. انا ....انا هي بتكون مش شبعني اللقمه عند اهلها.,sadness
وبخصوص رفع العلم قريت ان عندنا اصغر لاعبه في الاوليمبياد ليه مش هي اللي رفعت علم مصر في طابور العرض؟!,surprise
عشان بس تعرفوا انكم شعب زياااط نسيتوا بسرعه دكتور زويل اللي مات امبارح ورجعتوا تتكلموا ع الكوره تاني وبتوع...,sadness
لو كنت اهتميت بمهاراتي وانا طفل لما كنت بطلع برجليا الاتنين علي حرف الباب كان زماني مشرف مصر ف الاوليمبياد دلوقتي,sadness
ee9 انا معكم وفي خدمه الدين والوطن,sympathy
خايف عليك من الكلام اصل الكلام في بلادنا عله تحت البيوت عسكر جوه البيوت عسكر فوق اللسان عسكر بين الضلوع عسكر كيف اقولك بحبك و ضلوعي محتله,fear
للاسف معظم الرياضيين المصريين في  الاوليمبياد عاملين زي موظفين الحكومه. لا مؤهلين ولا عايزين!,sadness
ضحكوا عليك و ادوك كام عشان تعرص يا عم توم !؟ظظظظظظظ,anger
ذحين عصام الحضري بمصر يقولون له يا طرش البحر ؟؟,surprise
حتي بالوزاره ما تركوني بحالي  شهره  اضواء  نجوميه,joy
دوبني دوب يا هوي ......,joy
: الصحف العالميه اطلقوا عليها معجزه ..!! لكن بكل تاكيد هو تفاني واحترافيه في العمل من    سمات  طيران الامارات ????????,joy
: مع اني بس احارشكم واتهاوش معكم بس يمين الله اني ادعي لكم واحب قلوبككم النظيفه ياخِ جد الله يسعدكم ويجمعنن بكم بجنتوهه.,sympathy
سبحان الله ياخي حتي هنا,surprise
مبروك لجميع الفائزين وجميع القبائل                          تبوك,joy
احسن صفحتين بيغاطوا الاوليمبياد شكرا للمجهود الرائع,none
HadiPresident: اعاهدكم الله ان لانخون دمائكم وتضحياتكم وان لا نقبل الالتفاف عليهاوانتقاصها وان نبقي معكم وان لانحيد عن غايتكم مهماكان حج…,sympathy
اذا كان هذا هو حال فكيف هو حال سكانها ؟؟؟  اللهم الطف بهم، وعجل بفرجهم,sympathy
ايه شغال في الاوليمبياد دلوقتي؟,none
احلي حاجه في الاوليمبياد الجمباز .. كنت بتنح ادامه بالساعات التعبير الحركي بالمزيكا ده اعجاز,surprise
samera الحمدلله علي الصحه والعافيه الله يديمها علينا ??,joy
نعم واخرها خروج سباح مصري من الاوليمبياد تم وصفه بالخروج المشرف لوكسب الميداليه لقالوا مكسب عادي,none
يا دكتور برضه نشجع فرق مصر المشاركه في الاوليمبياد  EGY,none
اللهم اليك نشكو ضعف قوتهم وقله حيلتهم وهوانهم علي الناس يا ارحم الراحمين انت رب المستضعفين وربنا، الي من تكلهم ؟…,sympathy
لن تختار مكانا لاحد في قلبك .فالكل اختار مكانه  في قلبك الذي اختار بايمان انهااقدارالله الجميله  ورود  شعر…,love
الليبين فرحانين بالحجامه اكثر من البنت السباحه في الاوليمبياد.,none
يارب انا خايفه وانت السلام المالك المانع المغني الهادي القريب,fear
:  المحقق الديني السيد الصرخي اين السيستاني من الخزعبلات والخرافات، والاساطير التي ما انزل الله بها من سلطان,anger
ايه دا مفيش مترو كدا؟ 😞,surprise
الواد بتاع تايلاند ده شكله دخل الاوليمبياد بالغلط,surprise
ما احلم الله عني حيث امهلني ، وقد تماديت في ذنبي ويسترني !!,surprise
???????????????? يرحم امك ي احمد منتو معترفين برئيسكم ولا بالفيفا ولا بلجنه الاحصائيات الا تبو تكذبو وتبونا نصدقكم ????????,anger
فضيحه انهم ما عداوهاش علي الوطنيه الي تعدي في الاوليمبياد كاينها رحله مدرسيه في فريڤيا,none
القمر بيطلع كل يوم الضهر كدا ازاي بس.!!,surprise
خايفه اضب الصيفي وانزل الشتوي ، ترجع الدنيا تشمّس 😅,fear
دايماً معلقين نايل سبورت في الاوليمبياد باختلاف الرياضات بيبقي ليهم اداء مميز كده تحسهم كلهم متفقين عليه,none
غاب العدل وغاب الحق وغابت الانسانيه في زمان حكم القوي علي الضعيف  هل مجلس الامن مشكل من حكما العالم ام مشكل من اقوياء العالم  شريعهالغاب,anger
الساعه 2 يوم السبت مصر دخلت حفل الاوليمبياد ب124 لاعب. الساعه 2 يوم الاحد ربع البعثه خرجوا من المنافسات بصفر معتاد 😂😂  Rio2016,surprise
nouf44 احبكم يا اجمل صديقات  وعد  بيان  جود  نجد,love
DT لك جزيل الشكر استاذ ع ردك الجميل  DoaaElSebaii,joy
ياشيخ ده الواحد مبقاش عارف ان كان  فرحان ولا متنيل ع عينه 😓😓,sadness
علقوني في طرف صوتك وانا! خايف انك تسكت بـ لحظـه واطيح .,fear
M3 s1: لو انك بقربي الان لاهديتك عناقًا يجعلك لاتفرق بين نبضي ونبضُك❤😴..  خواطر  بوح  شوق  مساء,love
احنا الجيل اللي شايب وهو شباب,sadness
: انتم الرجال لا يقدركم الا الرجال ويتجاهلكم اشباه الرجال وقفتكم ترفع الراس ضحيتم بارواحكم دفاعا عن الدين والوطن  الجيش المرابط …,sympathy
ذات مره وثقت بمكانتي عند احدهم ! وجل من لا يخطيء !  خيبه  مشاعر,sadness
مش عارفه انام و خايفه لو شربت نسكافيه انام بعدها و ماذاكرش.,fear
وبكل شوق الدنيا لقيتني مشدود اليك وبكل الدنيا ناديتك وجريت عليك,love
اشتاق الي نوم طفله ،، لا تعلم معني للحزن .. لا يقرع راسها صداع .. لا تدري ما هو التفكير .. ولا تعرف الخوف من القادم  ذكريات,sadness
: انا مش خايف من الامتحانات اللي حليت فيها زي الزفت خالص والله انا خايف علي برستيچي و الدكاتره بيقولوا الدرجات بصوت عالي,fear
df: انا لا اُفكر به كثيراً..! فقط كُلما دقَّ قلبي [♥] !,love
luiz بكون مرعوبه وطول الوقت ماسكه التلفون بتونس واقول لي صحبتي اي انا هنا ووصلتا هنا 😂😂😂😂,fear
الاوليمبياد دي لو بصوت مدحت شلبي وايمن الكاشف كانت هتبقي مثاليه.,none
saly: عجوز تشكو الجوع والعطش وسوء المعامله. من ابناءها. .....,sadness
: . . لايكمل الحب الا بالاهتمام وقليلا من التضحيه وغيره خاليه من الشك ووفاء حتي بالغيااب !!,love
لانني اخاف من المرتفعات ما عدت اثق بقمم الاشياء......,fear
قايز 10 دقايق وبروح اختبر امانه ادعولي مرره خايفه)))):,fear
الواد الاردني فشخ الواقع . ولاعيب جامد جدا . ومبروك للاردن اول ميداليه في تاريخ الاوليمبياد,joy
الله يحرق الاثباتات والقوانين صحيح انا مذاكرتش بس الاقي عليا فوق ال 15 اثبات,surprise
﴿ والنَّهارِ اذاَ تجَليٰ ﴾ كل  ظلمه  ليل تنجلي بنور  الصباح وكل متوكّلٍ علي الله يُلازمه الانشراح????,love
طيب حد يجي يشلني من فيديو رنا وهي بتزغرط ده ايه يا جدعان الحلاوه دي والكواته دي يخربيتك عيدته 10مرات مش زهقانه    RanaSamahaTeam,joy
: متي يعي الاحبه اننا اذا اشدنا بتركيا فنحن لا نعادي الامارات، واذا شكرنا الجزيره فنحن لا نذم العربيه، وبعد هذا وذاك، لا نزايد ع…,anger
تركي العواد يسيء للسعوديات  والله ما يضر السماء نبح .... وغير كذا وشوله تحطون له هشتاق هذا اللي يبيه الشهره علي حسابنا,anger
ابلغ عزيزاً في ثنايا القلب منزله .. اني وان كنت لا القاه القاه ....,love
هما عملين حسابهم يقفلوا الميادين يوم11 11 بس انا خايفه الحكومه تكون بتلعب ضد السيسي,fear
انشاء الله نبعت كابتن احمد فتحي الاوليمبياد يكمل مع كابتن احمد الاحمر منتخب اليد,none
السباح السعودي احمد جبريل حصل علي المركز السابع والاربعين في الاوليمبياد من بين 47 مشارك الحمد لله انه ما غرقش󾌳󾌳󾌳  مارو,joy
ديلبو عمل مجهود حلو بس المشكله ان الاوليمبياد مبيديش نقط فمش هيحسن تصنيفه,none
اسوء حاجه في تنس الاوليمبياد ان الجماهير مش جماهير تنس اصلاً فمش فاهمين انهم لازم يسكتوا عشان الناس تلعب 😒😒,sadness
اوڤر بزياده يعني وهري ولت وعجن بطريقه مستفزه الواد صعبان عليا والله بعدين اللي مش عاجبه يبقي يروح هو الاوليمبياد ويورينا,anger
صباح الخيرات,joy
1: يا ادمُ رفقاً بالقوَاريرِ لاجلگ فجُلُّ اخطَاء حواء سببهُ سوءُ فهمِگ او تصرُّفگ ، وَ سـَتُـجزي بهِ,sadness
فيديو: هل قتل الخميني موسي الصدر بالاشتراك مع القذافي؟,anger
يا رب رحمتك بالمستضعفين من المسلمين في مشارق الارض و مغاربها يا رب اهلك الطواغيت الفجره الذين ملئوا بلاد المسلمين ظلما…,sympathy
بس انا خايفه انغام تعتزل قبل ما احضرلها حفله 💔,fear
انا لغايه دلوقتي متفرجتش علي ماتش كره قدم واحد في الاوليمبياد ، في رياضات تانيه اهم,none
هو انا خايفه من الامتحانات كده ليه في ايه,fear
:  اذكر اسم انجس معلم مر عليك  صار المعلم نجس ؟ المعلم كاد يصبح رسول !!وانت تقولون نجس ،، وين وصلنا حنا ????????؟,anger
شكرا بوتين شكرا السفير الروسي بمجلس الامن لذيكم من العروبه والعزه افضل من مصر العروبه التي اصبحت مصر الشحاته ولوعلئ جثث اليمنين.,anger
علي عكس زويل بقي مكنش وطني و كان بايع القضيه و وافق انه يتكرم من دوله احتلال و ساعدهم في تطوير اسلحتهم ..,anger
الاوليمبياد اللي فاتت كان في بطل جودو اسمه رمضان كان في نفس الموقف و مسلمش عليه برضه,none
محدش يحضنني طيب يا جماعه ؟,sadness
كنت اعرف منذ البدايه  ان كل حب كبير هو مشروع فراق,love
ماشاء الله متعاطف معاه,sympathy
تسلم,joy
بس في ناس باعتها لي قطر وتركيا وحماس وامريكا????????????????????المفروض يسقطو عنهم الجنسيه الي يخون يتنفخ  الجنسيه المصريه مش للبيع,anger
افتتاح الالعاب الاوليمبياد في ريو دي جانيرو البرازيل 2016 دخول الفريق الفلسطيني,none
من امبارح و انا مكتئبه و مرعوبه من كل حاجه بتحصل في البلد .. حاسه بعدم امان و عايزه امشي.,fear
بالنسبه للشبكات اللي كانت واقعه انهارده .. ابوكو. :$,anger
ليش ف الاوليمبياد بتنسحبو لما تقابلو يهود او اسرائيلين ، يفترض تضلكم و تخبطو ع راس اجعص واحد فيهم و تفوزوهم !,surprise
انا بشيل شنطه المدرسه لوحدي والله وكمان كتب علي ايدي انا هدخل الاوليمبياد المره الجايه بقي 😁,none
كم تمنيّتُ لكن ،.. لم اجد صدراً يزفُّ مدامعي ..  عبد,sadness
واضح ان في اجماع ان المصريين بيتفرموا في الاوليمبياد. 😂,sadness
salyy: قلب حزين ، لا تتعبه بضجيج كلام ونصائح مكرره ، جرب ان تقدم له حياه بهيئه صدر حنون ، وامضِ,sadness
سلام عليكم .. حفل افتتاح الاوليمبياد مذاع ع اي قناه يا رجاله؟؟,none
راتب شهر للمرابطين في الحد يستاهلوووووونه بذلوا ارواح ???????????????????????? ربي يبارك لهم ويزيدهم من فضله ويعطيهم حتي يرضيهم,love
:  الزمالك داس علي وش  الاسماعيلي  لا مش داس ده فرتكها  ايمن حفني انت هتفضل امهر لاعب بالنسبه ليا   الكاس يا زمالك,joy
اعشقه واحبه من الساسّ للراس قلبي و قلبه ؟ بالمحبه رفاقه🎼💜 غزل,love
فلم توم هانكس عن السعوديه اوكي طز بنظره الغرب لكن لين متي بيصورونا بعير وخيمه ????!!!,anger
57   6 جيش الكبسه حقكم  والامريكان اللي معهم سيداسون باقدامنا  وكل ما ينقل اليكم من اعلامكم لا اساس له من الصحه وقريباً باتعرفوا,anger
:  مجزره رابعه هي الحد الفاصل بين السذاجه في تاييد مسار سياسي ودعم قاتل سفاح ولا اري عذراً لمن ايد  السيسي بعدها لكنه عمي الاي…,anger
وَمَـا  حُـبُّ الدِّيَـارِ شَغَفْـنَ قَلْبِـي ولَكِـنْ حُـبُّ مَنْ سَكَـنَ الدِّيَـارَا .. مااجْمَلَ الوفاء 💕,love
رغم كل شي الابتسامه لاتفارق شفاههم الله ينصرهم ويفك حصارهم عن قريب,sympathy
الاوليمبياد بمواعيدها دي عايزانا واحنا عيال وواخدين اجازه اخر السنه,none
وشك حلو شيماء رفعت 😂 ايريني صاحبتنا مشاركه بردو في الاوليمبياد,none
واحد بهلول هيقولي العسكر مالهم ومال الاوليمبياد!؟ العسكر افسدوا كل شئ منذ52؛ فتم افشالك رياضيًا بالواسطه والمحسوبيه وفساد الاتحادات الرياضيه,anger
اشهد اني حظيظٍ وانت حُبي المثالـي👊🏼,joy
في كل اللحظات الصعبه اللي كانت تستدعي ماصبرني غير اني حاطه  مسكرا.,sadness
: اخطر سلاح دمار شامل في الكويت هو عميد صحافتها المارشال احمد الجار الله بطل الحرب والسلام ومرشح جائزه عبعوب للسلام؟,anger
انا كل ما افتح تويتر الاقي ناس بتدور علي ادويه مهمه مش موجوده، الخرا الي احنا عايشين فيه ده ؟؟,surprise
صباح الفل يا ابراهيم، ما تكلمنا شويه عن سيرجي بوبكا واليكسندر كارلين بمناسبه الاوليمبياد,none
تصدقوا بالله خايفه انزل الشغل بكره من صدمه اسعار المواصلات : (,fear
الله يجزاكم خييييير سيرو ونحن معكم باذن الله,sympathy
:           واصلي يامجموعه نايف بن خالد عل بركه الله مدعومه بالدعاء والتوفيق من متابعيك ولا يض…,love
📝 ساعه من العمر كانت اجمل اوقاتي اقصر و اطـول علاقه حـب  مجنونها ♡ . بدايه  الـحـب كـانت تموت باابيـاتي ونهايه…,love
: طوبي لمن جعل من بردهم دفئاً ومن دمعتهم ابتسامه 40624 اسره استفادت من الاغاثه الشتويه سوريا  وعداً اوفيناه,sympathy
تحس كده ان في مصريين بيتابعوا الاوليمبياد بس علشان يبصوا علي لبس البنات ولو فازوا المدرب حيبوسهم ولا لا !!!,surprise
السلام عليكم ورحمه الله وبركاته اه? وسه? شرفت بمتابعتك,joy
ومن كثرك ف صدري خايف لاتجيني عين😴.,fear
افتتاح الاوليمبياد فاااااااجر 󾌧,joy
من دوّر الفزعه من عيال الرخوم كنه يدور في بني عمي بخيل . ماني وانا محمد وربعي روس قوم خبلٍ مقامه هزل ولسانه هزيل ✨,sadness
انت مش واثق فيهم ..عشان كده خايف انهم يبعدوا.,fear
انت موجود في خيالي اكتر مانت موجود في الواقع,sadness
عااااااااااا الاوليمبياااااااد النهاردااااااااع,joy
اول ميداليه تحصدها مصر في الاوليمبياد مبرووووووووووووووووك ساره سمير تحصد ميداليه برونزيه في رفع الاثقال وزن 69   سيدات 󾮞󾮞,joy
السيسي ده حرامي فشخ اللي هو ممكن ياخد الميداليات من العيال المصريين بتوع الاوليمبياد و يبيعها و ياخد فلوسها,none
: مرات حبيب العادلي طلع اسمها فعلا  ، ولمؤاخذه     الهام شرشر     ????  انا كنت فاكراها صفه ????,anger
shg بالنسبه للمتعلقين كان الله في عونهم فعلي حسب سهمه ونقاطه وكمياته التي تعلق بها والكاش الذي يملكه فلكل متداول وضعه الخاص به.,sympathy
كل واحد بيدور ع اللي بيتجاهلو ويحبه : /,sadness
ياريت ادم الشناوي يكون متاسس كويس مش عايزين نشمت فينا شريف اكرامي و احنا اللي كنا بنتريق علي الواسطه ????,anger
8:  سعود فهد مهرجان الخبرا سعود فهد مبدع ، انت فخر للجميع ، ربي يفتحلك ابواب رزقه ،، تستاهل كل خير,joy
هي ليس شتائم بل اللغه التي تفهمها,anger
Abdalah بطيخ وجبنه !! 😳😒,surprise
حقاً مشاهده الاوليمبياد متعه مابعدها متعه ، العرق والدمع والفرح كلها في لحظات فاخره ينتظرها البطل ويعمل من اجلها سنين,joy
12: النداء اللي ياتي علي هيئه عطش دائماً:  تعالي مابقي بالرّوح موضع خوف تعالي..مابقي بالخوف قطـره دمّ.,fear
مرزوق العتيبي و ايمان الحكيم الله يوفقهم ويخليهم لبعض ويارب يزيد الحب بينهم ماينقص 😢💜,sympathy
نوّرت قلبي وبيتي،، سعدت بحضورك ،، جدا حمدلله ع سلامه الوصول ياغالي  كلمه حلوه للناس الحلوه,love
ههههههههه انا والله خايفه انام,fear
انا كل 5 دقايق بسمه خبر خروج مصري من الاوليمبياد الامل في منتخب اليد بقا,none
خوفي عليكِ كـ خوفِ ابٍ يحْمِلُ مولودَهُ الاوَّل بين ذراعيه بـ حذر كي لا يُمسِكَهُ بـ طريقَهٍ خاطِئه ويتالّم,fear
مصر اقريبا واخده المركز الخامس حصري ف الاوليمبياد ..,none
لا عشان نادال خسر في نص نهائي الاوليمبياد ما تشغلش بالك 😂,none
:  داريا الجديد اليوم انهم اغتصبوا داريا بالنابالم الحارق المحرم دوليا اللهم انتقم اللهم انتقم  .,sadness
انا مش متخيله بجد ان في ناس بتهاجم فيلم اشتباك لمجرد ان معز مسعود هو المنتج !! هو فين المشكله في كده بجد,anger
فيه ملاكم مصري بيلعب دلوقتي في الاوليمبياد اسمه شريف جونيور الواد ده جاحد اقسم بالله ورافع علم مصر في الحلبهو😘😍😍,joy
saeed: اللهم اغفر لمن عشنا معها اجمل السنين وهزنا اليها الحنين اللهم بلغها من اخبارنا ما يسرها و يفرحها و اجمعنا بها في مستقر…,sympathy
حد عارف الاوليمبياد دي من امتي ؟ طيب مين اول حد عملها ؟ طيب اتعملت ليه ؟ اللي هيجاوب ليه هديه والله  سؤال,none
: علمي قلبك ان يحب  الحياه لا لاشخاص ولا لاشياء لنفسك لانك تستحقي وكلما احببنا الحياه نبت الحب  حبي نفسك 🌿💙🌿,love
:   لولا  امريكا  ما كلن صار  ولكن انتقد  تصدق الشعوب بمن لم تقدرهم,anger
yasser0: خايف علي قلبي يبات مجروح,fear
ومش من حق اللي مستثمرش حتي حماسه في مساندتهم لحد ما يوصلوا للي هما فيه دلوقتي  مشاركين في الاوليمبياد  انه يحاسبهم لو منجحوش.,none
اجعل ليلي محرقاً واصليني عشقاً .,love
en:   من اعظم ما قرات .       بَكت سوريا مُستغيثه بالعرب فَ ضَحكت فَلسطين     يا رب فرج كرب المهمومين وابعد عنهم كل غم ✋,sadness
معروف ان الاصابه بتيجي لنادال وقت الخساره لكن في الاوليمبياد كان فيت فشخ,none
انا شفت صحاب بيشتموا في بعض في ضهر بعض وكل واحد بيقول اسوا عيوب التاني في غيبته والحقيقه كنت مزبهله ومش مستوعبه ..,surprise
فيدرير زمان اوي في هوجه الاعتزال كان بيدي الاوليمبياد ديد لاين اللي هو انا مش هعتزل قبلها علي اساس اهميتها وجه قبلها باسبوعين انسحب,surprise
صراحه خايف علي دينيس، مباريات مثل هذي تقتل مواهب لو ماقدم مستوي,fear
اففف من الحين خايفه من الامتحانات💔💔💔,fear
تصنيف اكيد هتلاقي بطل الاوليمبياد ده مستواه اتدهور بعد لندن جت فيه مش في ايمن يعني,none
منك لله يا حسام يا بدري كان معاك فريق ياخد الاوليمبياد مش بس يوصلها,anger
لاعيبه مصر بيخسروا في الاوليمبياد بسبب اخطاء اداريه دا احنا مسخره 😂✋,none
فساد الذمم افسد الوجبات الغذائيه...من يدافع عن الفاسد فاسد خامل...من العدل تعيين فاضحهم مديرا عليهم  جمعيه حايل يفصلون فاضحهم,anger
كانتي وبوسكيتس ايه ! دا لو بيفضله علي كوكلين مش هيعملوا كدا,surprise
لا تغيب اكثر حـبـيـبـي خاف اموت من الـحـنـيـن  Love,love
شوفي الخوف ودّانا لوين رحت خايف و رحتي خايفه .,fear
طب نفرح في الاوليمبياد النهارده !,none
Sayed: حسبنا الله ونعم الوكيل ..ربنا يتولاهم  انقذوا اطفال السرطان,sympathy
مينا عطا   مينا فخر العرب 9,joy
صح كلامك زي ما خرج قبل كده قتل الشهيد السادات متخصصين ومحترفين في  القتل,anger
وانا صغيره كنت عايزه العب جمباز زي اللي كنت بشوفهم في الاوليمبياد دول بس قالولي مينفعش عشان انتي بتلبسي نضاره وممكن تقع منك وانا اقتنعت,none
من الصعب جداً ،، ان تشرح لاحدهم انه خذلك كثيراً  خذلان  الم  حقيقه  صعب,sadness
ثوره الغلابه الله يوفقهم وينصرهم ضد الطغيان وحكم العسكر,sympathy
مُنذُ رَحِيلِك القّاسِي وَانَا مُعتَقَل فِي سِجون  الحُزن ،،،,sadness
sayed   SaharMR   محمد حسان ده عرص ربنا يولع فيه شخصيه قذره كم ابغضه في الله,anger
الاطفال  رضيع وسط الزباله حسبنا الله ونعم الوكيل لاكن بياخذ حقه منكم يوم القيامه الناس تتمني الظني وناس ترميه😢💔حت…,sympathy
دار السلام مشتركه في الاوليمبياد,none
رساله لكل واحد او وحده وسخه شتمت باسم يوسف او اتهمو بلخيانه والعماله وانه مابيفهمش  باسم يوسف سبلكم البلد برطعو فيها ياولاد الكلاب,anger
123: يا رب .. عطني صبر و ايام احساسي اكبر من احلامي احس : عنـدي كثير احلام و خايفه عليها مـن ايامي,fear
اكتشفت بلاد جديده كتير جداً في افتتاحيه الاوليمبياد,none
اخ روحي طلعت عشان اجيب لي واي فاي كرهت نفسي ياخ,anger
زين مسيحيين شيگولون داعش هاجرهم وحاليا گاعدين بايجار مع العلم يملكون بيوت واراضي بموصل هذا مو قهر؟,anger
والله خايفه انزل الاقي التاكسي بقي 10 جنيه بجد..,fear
عندما تتحدثون عن الطرب يجب عليكم ذكر رنا سماحه  رنا سماحه مع عمرو الليثي,joy
هايمين في شوق وحنين وكلامهم بقي بالعين والجو الرومانتيكي خلي ساعه دقيقتين,love
الاسطوري مايكل فيلبس بقا عنده دلوقتي 22 ميداليه ذهبيه في الاوليمبياد الرياضي الاعظم في التاريخ بينافس نفسه!  Rio2016  swimming,none
السبوعين اللي فاتو كانوا من اكبر فترات الضياع اللي عشتها فحياتي .. فيه حاجه غلط بجد !,sadness
الناس كلها هتموت عشان ترد عليها وبمجرد ما بترد بترسم البسمه والفرحه ع وشها اي هذا رد بقي ومتحرمنيش من الفرحه دي 😃😍😍,love
انت تستعبط علي قوله المصريين اوانك عبيط دائما المرتزقه هم بالحدود يدافعون عن اسيادك ومصيرهم الهﻻك وقربت ساعتكم جيش الكبسه,anger
مفاجاه... الخبز وبنادول اكسترا سبب امراض عده في  السعوديه   عبر,surprise
حينما تتشبث بقشه في تلاطم امواج الحياه وتوشك علي الوصول للشاطيء ، فتاتي موجه تدفعك بعيداً,sadness
الاوليمبياد يعني العاب القوي,none
كل الناس خايفه من بكره ويجي بكره ولسه خايفين🤔 بكره مش يوم بكره دا فكره هما جواها محبوسين✋,fear
itti: مولر لاعب نايم طول المباراه وفجاه تحصله يحتفل بالهدف بس اهم شيء انه يسجل ❤️,joy
: • اختيارك لـ  الصمت خشيه ان تجرح مَن تحب، هو نوع نادر وشفّاف مِن  الحُب يعني انك محب حقا.! • • •  كتابات يوسف  اقصي المحاني  ر…,love
1996   يا مهند ياحبيبي انت تدور لبش مع اي احد !!!؟ .. متاكد ابو جاسم مايدري ????,anger
يلومون العاشق علي تلون مشاعرهـ وينسون ان زمان العشق قد ولي!!!  الاسبانيه بجمله  زد رصيدك23,love
ياعم ملعون ابوه علي ابوك انته واجع دماغي اهلي لي علي الصبح قوم يابني شوفالك لعبه,anger
احلامي كرجل عجؤؤز ماتت  عشيقتهہ منذ مراهقتهہ ّ ، ؤعااش ؤحيداا ينتظر  المؤت سبعين عاماا ..!,sadness
وشوش المصريين اليوم خائفه محبطه تتحسب من غد قد يكون مرعبا لكن تلمح نظره استهانه غير مفهومه ربما تعني:اللي حيجرا علينا حيجرا علي غيرنا,fear
والواحد يفضل يتفرج علي الاوليمبياد ويقول يا سلام شوفوا الجمال ويقعد زي البطه البلدي حتي ميروحش الجيم,none
: لذّه  الحُب في جنونه💜,love
ربنا معااكو ومعانا 🙏,fear
: احــببتـــــكـِ بـ قـلـبٍ يـري فـيكِ شـيء لايـشـبه احـــدا .! ⚘❤⚘❤  انت عشقي وكفئ  قروب كايدهم للدعم  له,love
لا الصدفه ف ماتش ماتشين مش البطوله كلها، انت مفيش حد كتبت عنه وعملتي الهاشتاج الاوليمبياد الا وخرج من البطوله 😅,none
الاوليمبياد,none
تاريخ حائل عمره لا يقل عن 600سنه والحقيقه منذ 1400سنه فكيف يختزل بمبني طيني عمره 600سنه,anger
ياخذني الحنين اليك.. وشوقي لسماع نغمات صوتك الجياش واقول لك ان اخذت الاعمال وقتي فلم تاخذ منك قلبي  …,love
اللي مركب الفيديو دا ابن مجنونه هاهاها يانهار ابيض شوفه جماله ياخواتي ياللهوي لا ايه ده هو ازاي كدا,surprise
الله يحفظ الشعب المصري و يوفقهم و ينصرهم علي السيسي بلحه,sympathy
العالم ومجلس الامم والمنظمات اقسم بالله انهم عارفين ان العسيري واعلام بني سعود مضلل، وتفرجوا علي اجرام بني سعود عاما ونصف ساكتين,anger
مفيش اقذر من كده تشكيل والله،، حسبي الله ونعم الوكيل فيك يا مرتضي الكلب,anger
لا طلعنا من الاوليمبياد النهارده بعد الهزيمه من المانيا بطيخ رسمي بعد ما ضيعنا مباراه البرازيل بهبل,sadness
ابشر باجر راح تستدعي للتحقيق ليش تترحم علي الشاب حسن الحايكي,fear
تسلملي يارب,joy
: عجبا .. كم تبدو الاعمال المتعبه مريحه للغايه ؛عندما نفعلها لاجل من نحب❤  عجبا,love
اذا تكلم الناس عنك بسوء قل كما قال الحسن البصري : مرحبا بحسنهٍ لم اعملها ، ولم اتعب فيها ولم يدخل فيها عُجب ولا رياء ..,none
الحكم اهلاوي؟ معقوله؟,surprise
هههههه تم بشوفها هالسنه الاوليمبياد كانها gladiators يا زلمه تكسير ارقام بكل الالعاب,none
:  غريب في هالزمن  المساجد ببلاش بس فاضيه ..????  المراَقص بفلوس بس مليانه ..????  ناس غريبه .. ????  تتجاهل الجنه بالمجان ، تشتري الن…,sadness
غالباً مش هبدا اتفرج علي الدوري الانجليزي الا بعد ما تنتهي الاوليمبياد،انا مش عارف انام بسببها اصلاً هروح اضيف جنبها حاجه تاني،ترتيب اولويات,none
alodah     بلال الحبشي سبق الجميع الي الجنه بشهاده رسول الله  وابو لهب النسيب الحسيب في النار  المقياس هو الايمان,none
ابي ارجع السناب بس خايفه من اروي 🙂💔💔!!,fear
مش سامع صوووت يعني,surprise
هو انتو وصلتو لمستوي التعالي بعدد المتابعين  !!,surprise
🎶 هَو ؛ انْ تَشْعر انگ ؛ مَسْؤول عَنْ ؛ روح اخَريّ ؛ تَمْگثٌ داخَل قَلبگ ؛ قَبْل جَسْدگ,love
كل معمل ريفريش الاقي لاعب مصري يودع منافسات الاوليمبياد يمكن العيب في الريفريش طيب,sadness
ايش اقول وايش يخلي التنظيم خرب فعلا روعه الطايف   صيف الطائف 37,sadness
قلوبنا معكم وعيوننا تترقب اخباركم انتم عزنا ورفعه رؤسنا  ابطال العراق حرروا بلادهم,sympathy
: اللــھُــــــــــــــــــم اغفر ذُنُوبهُم ويَسّر اُمُورهُم وفرّج كُل كُرَبهم واكتُبهُم عندك من عِبادك الصالحين،,sympathy
ازاي اسماء,surprise
النصر الوداد صح انها مباراه وديه بس استفزني ضحك العنزي مدري يضحك ع وش رغم انه قدم مباراه ممتازه طبعاً يحيي الشهري لاعب يرفع الضغط بختصار !,anger
وزاره الصحه تحذر شكراً لكم السلطه الاولي وكلكون ذوق❤️❤️❤️,love
الحمدلله كنت ابي اصحي ع صلاه الفجر و صحيت عليها ابي اقوم اصلي بس المشكله البيت كله ظلام خايفه🙏💔💔!,fear
الاوليمبياد * : D,joy
ورباط القلب بمن احب لا ينقطع 👌💙 ❤,love
بَعض الاوجاع لا تُرمّمها ابتسامه عابره !,sadness
لا تطلب من احد عطا وانت موزعه علا خلق الله واخر ماتلتفت له هو .. وتبيه بعد يناظر خاطرك ؟!,surprise
للاسف الان نحن الفلسطينين نتمني تجريد العرب من السنتهم ومن خونتهم حتي نستطيع تحرير القدس وفلسطين لوحدنا دون ان يطعننا العرب,anger
شوييتين وهيطلعو يقولو الجيش هو اللي منظم الاوليمبياد 😂😂,none
kaz: ملعون في كل الاديان من يهدر حق الانسان حتي لو صلي او زكي او عاش العمر مع القران  انسان من حقي,anger
:   Baqer ALSadr  لن تهدا ايران وامريكا حتي يقضي العرب علي بعضهم  شوفوا هل هنالك قتلي سوي العرب فقط ؟؟,sadness
خمس مصريين بيمثلوا قطرائيل في الاوليمبياد,none
عايز لينك افتتاح الاوليمبياد,none
ماتولع الاوليمبياد 😂,none
alj  :      محمد العرفي اعقل عني انا الغلطان جاي ادافع عنها اصلا ويش دخلني انا انا حشري ☺️????,anger
بنتنا ساره سمير 18 سنه تحرز البرونزيه واول ميداليه لمصر في الاوليمبياد والكويتي فهيد الديحاني يحزر الذهبيه الاولي للعرب مبروك لابطالنا 😍😍,joy
اللي يشوفها في الشارع ميشوفهاش ع الانستجرام,surprise
متضامنه,sympathy
هادي لا يعلم بتصريحات كيري مش معقووووول,surprise
ksa: مصر للمصريين  مثلاً  شعار يردده كل مصري والامر عادي لكن حين يطالب السعودي بالسعوده وتوطين الوظائف لانقاذ ابناء البلد من ا…,sadness
والله كنت مرا مرا خايفه من الاختبار بس الحمدلله طلع يهبل يهبل وربي ❤️❤️❤️❤️,fear
للاسف ماعندك مصداقيه فعلاً ايران ادانت لانها عدو صدام ولكن السعوديه فتحت الباب والمال لحمايتكم واستعاده الكويت وهذا واجب يتبع,anger
: كل ما سجيت بفكاري بعيد افتكر قلبٍ زرع فيني الحنين انتي حبك يمشي في دم الوريد بس وين انته يحبي وانا وين  شعر  احمد…,love
سيبك منها ياسوما يالا نروح ننام وسيبيها تنبح زي الكلبه,anger
Way: مجموعه من الشباب كونوا سلسله لانقاذ كلب  انسانيه في ازهي معانيها بالحيوان,sympathy
بعيدا عن الكاس ملاكم مصر بيتنفخ ضرب في الاوليمبياد ما شاء الله علي بعثه مصر الصراحه تشرف 😫😫😫,surprise
خوان مارتن ديلبترو معلم علي كبار القوم في تنس الاوليمبياد Congratulations J.M.Delpotro  Tenis men  Rio2016,none
وبعدين يعني اللاعيب الي يبقي مشارك في الاوليمبياد وياخد منشطات ده اكيد شايل مخه و حاطط مكانه شبشب O2,anger
ربنا يستر و حنان سليمان متمسكش مكانها ، هتبقا يا فرحه ما تمت ????????,fear
بحلم احلام مرتبطه بالواقع ، وبيحصل حاجات شبهها في الحقيقه.. ؟,surprise
بكل تواضع هي نجوي كرم..????   ????,love
انا مرعوبه من الايام اللي جايه عموما .. الناس هتاكل بعض,fear
اوقف حاجز ضهر البيدر و. ر. (1969، نيجيري) بجرم ترويج عمله مزيفه.  قوي الامن  لبنان,joy
: وظلّت روحي خائفه مرعوبه من الاماكن الشّاغره و من لافتات الطّريق و ستبقي تقرا الوداع ولم تُكمل كلمات الوصال كثيره اقرّر ان ا…,fear
: اعتداءات الصهاينه لا تقتصر علي الانسان في غور الاردن❗️❗️    تقارير مصوره,none
افتتاح  الاوليمبياد اسطووووري 󾓶,joy
لكم الله سبحانه اللهم كُن في عونهم وانصرهم,sympathy
: يكون الليل ، بدون همساتك.؟؟؟ كيف اكون انا ....... بدونك .!!!  لاميرتي,surprise
eb:  رابعه  استشهد فيها مئات الشهداء  ومئات الجرحي  وعاشت فيها مصر ما عاشت من اضرابات نراها باعيننا الان ومازلنا ندافع عن الظال…,sympathy
وفي نفس سنين الاوليمبياد كمان :D,none
ليش احس اني الوحيده اللي ميته خوف من نتايج انتخابات امريكا😳😭,fear
ماما خايفه اني ادخل دورات اخراج واترك الطب .,fear
فيه شخصيات في حياتي موجوده بس عشان تحرقلي دمي.,anger
اهاا الي كيفك مجوز توا انت مش مزال يقرا,surprise
شجعوا مصر في الاوليمبياد مصر يوم 7 اغسطس ستلعب في لعبه الكره الطائره الشاطئيه النسائيه امام المانيا 😊,none
حاليا قطر تهزئ كرواتيا في الاوليمبياد ....  الاوليمبياد,surprise
صباح الخير ياجنود الوطن جنودنا المرابطين في الثغور والحدود قلوبنا معكم وارواحنا فداء للوطن ،،،، االه ينصركم ويثبتكم 💚✌,sympathy
جنوب افريقيا العنصريه منعت من الاشتراك في الاوليمبياد من 1964 ل1988  ضد العنصريه  ضد التطبيع,none
الغيره حب اللهفه حب الحنين حب الاشتياق حب كلمه من حرفين جواها مليون احساس!!!,love
من قوانين الجائره: انك لا تستطيع منع قلبُك عن حب شخص ما.. ولا تستطيع ان تُجبر قلب شخص ما ان يُحبك..  خواطر  كلمات,love
ك حضوورك الرااقي...انا لا اكتب عن الحب  انا اكتب عنك فقط .. والحب يحشر نفسه بين  حروفي ..,love
معرفش ليه النشيد الوطني بتاعنا في الاوليمبياد هو الوحيد اللي بيبقي صوته كانه تسجيل راديو ترانزستور بتاع زمان ده,sadness
في قناه بتعرض اﻻوليمبياد؟؟,none
انا كل الي خايفه منه ان يطلع عندي امتحان بكره وانا معرفش...,fear
: دعاء لاهلنا في  الموصل اللهم كن معهم ولا تكن عليهم واحفظهم وثبت اقدامهم وانصرهم علي الرافضه والخوارج يا رب بهم,sympathy
خايفه تجي دراما زي دراما اليخت 🌚💔,fear
كره القدم في الاوليمبياد حاجه علوضعها كل ماتش الفرق بتلعبه كانه النهائي,joy
اُكل العرب يوم اُكل  صدام حسين واليوم ينعون حالهم ويذمون حظهم لكن،،،، تبقي الاسود اسودا والكلاب كلابا,anger
تخيل انت عاجز انك تجيب علاجك ، شوف الياس اللي انت هتبقي فيه قد ايه،،ربنا يصبرهم ويتولاهم برحمته  ارفعوا الحظر عن استيراد الدواء,sympathy
:  فجاه يقف الشعور وينتهي الكلام ..! !,surprise
ليس من  الحُب ان تتغافلوا عن الزلّات ، بل ان تغفروها..💜,love
افتتاح الاوليمبياد بالنسبه لي:  العد التنازلي  رفع العلم وعزف النشيد  دخول بعثه اليونان والبرازيل  الشعله♥ اربع ساعات تتقلص لربع ساعه قفلنا,none
انا بتفرج عشان احسدهم بصراحه اقل واحد شايل 250 كجم يعني ربع طن الله يخربيتهم 😂😂😂😂 المصرين ف الساحل محدش راح الاوليمبياد اصلا😂,none
ايكاردي يلعب مع الارجنتين في الاوليمبياد ؟؟,surprise
ايا راس دكتوره !!؟؟؟ هول بالشكل شوي بيشبهوا البني ادم بس مركبين مخ بهيم  قلب مصاصي دماء حبيبتي,anger
الجميل بالحياه وجودك ،،،,love
الناس السعيده اللي بتشوفها في الشارع .. انتوا ازاي سعداء وفيه احتمال انكوا تدخلوا ف يوم من الايام اوضه ترياج الميري؟!,surprise
الم بقلبي لم احسه من سنين  ياربي .ازله,sadness
اضراب الاطباء العمانيين1 معكم قلبا و حتي تنالوا حقوقكم كامله !,sympathy
خايفه علي نفسي وبانيه اعلي سور وفي حياتي خلاص نسيت احساس النوم  عايزه اعيش  SamiraSaid,fear
اللي علمني ايش يعني عشق وايش انتماء وايش الهـلاال..  اكثر لاعب صوره بجوالك    الهلال  سامي الجابر,love
التايم لاين مُفرح بطريقه تفرّح : )),joy
تري ماهي اول مشاركه للسعوديات في الاوليمبياد,none
ald3jani:   Bin Khalid قلوبنا معكم وموفقين باذن الله,sympathy
انتي كان قصدك عليا !,surprise
اخر حروفي: ليتني اطري علي بالك مثلي طاريك دوم مشغلني احبك ودوم انشد عن احوالك ابي همسه ماقلت لك كلمني,love
العرب ♥ في تاريخ الاوليمبياد,none
اتضح ان الواد حماده ... ابن المؤسسه العسكريه ... كان فاكر نفسه نازل يحتفل بعيد الترعه الجديده  حد قال لهم يفتحوا الاوليمبياد في العيد,none
انا متعوده علي ان الناس تقول اسمي غلط و تقول ريهام لكن ايه اللي جاب امنيه لالهام نفسي اعرف ازاي تيجي ازاي بس ؟,surprise
MohammadChahine   MinaAtta   ShereenYehia  والله خلتوني اعيط واتنطط من الفرحه واصرخ حسيت انكم التلاته اخدتو اللقب الحمدلله هايرجعو باللقب,joy
نفسي اصحي من النوم الاقي مصر زي زمان في السبعينات والثمانينات   حب   اخلاق  فن راقي  شهامه  اسعار   عيشه بسيطه بس بال رايق يساعد علي الابداع,love
اماني الخياط دي المصريين متبراين منها اصلا ولا حد هنا بيتشرف بيها اساسا,anger
يا رب شفاك لمن مسّه الضر و لمن ضمه التراب.,sympathy
صَبرًا صَبرًا لَستُمْ وَحدكم ، فالله مَعكُمْ وقُلوبَنَا ايضَا فَالفَرجُ قَريبْ !,sympathy
الله يسلمك قلبا و قالِبا بعد جبدي❤️☹️,sympathy
اعط قلبك لمن يستحقه فقط... لانه كلك لا تعطي كلك الا لمن يجعلك كله 😍 💚,love
لا بالعكس الباثولوجي انا كنت بحبها ..,surprise
ان دين الله يضع المراه في مرتبه اللؤلؤه النفسيه التي يجب ان يكون لها محاره قويه تقيها من انفس العابثين..لقد اكرمنا الله بالعزه  اعتزاز مسلمه,love
مرتضي منصور ده هيودينا في دهيه والله ...هيودينا ايه ..هو ودانا خلاص ????????????,anger
اذا لم تجعلك العلاقه بمن تحب ،،، شخصاً افضل فانت مع الشخص الخطا ..  منقول 💕,love
كسب بطل الاوليمبياد اللي فاتت بس خسر امام بكل العالم كده كان وحش في القرعه,none
لن ننسي سنجار ندعِ الله ان يرحم الايزيد والصب من مات منهم ومن قُتل ومن اغتصب واللهم فك اسرهم من الدواعش والطف بهم,anger
MUFC: روني: نحن دائمًا متفائلون وليس في هذا الموسم فقط خصوصًا مع مدرّب ناجح حقق البطولات مع كل فريق دربه. ثمه حماس حتي لدي الجما…,joy
لا مفيش ديمقراطيه  احنا هنبلغ عنك  بقي انت بقي ضد حكم العسكر,anger
اخيرا اترفع علم مصر في الاوليمبياد .. شكرا يا ساره,joy
ممكن احضر الاوليمبياد باني التميمه  العروسه اللوجو  بتاعه البطوله و اتشهر و كده,none
الاوليمبياد دي حدث جميل اوي والله 💪,joy
بس تكتشفو انو  حلب محاصره رح نضحك عليكم للصبح😂😂😂😂😂😂,joy
بعض الاوجاع لا تُحكي خلقت لنشعر بها فقط ؟  بوح  اوجاع  الم  اهات  عذاب,sadness
: لا تفرح وتكذب الكذبه وتصدقها ايها العبيدي او السيسي العراقي كمايسميك المغفلين او سُذّج  الفكروالعقول  حاكموا السراق,anger
هو مفيش حد ناوي يكسب بقه ف الاوليمبياد,none
قطر داخله الاوليمبياد ب 25 لاعب ... اللي عايز يسرق قطر يستغل الفرصه دي البلد كلها في البرازيل,none
ujj : ذي الفتـره جـاينـي  خـوف مـن ايـاامي الجـايه،شعـور غـريب عـاجـز اتجـاهلـه بسهـوله .💔  حكايتي لك  زعماء تويتر للدعم  قروب غزاني ا…,fear
86z: افرجوا عن النبيل   لم يكمل عاماً منذ خرج من السجن الذي دخله شامخاً بعد ان اتهمته السلطه بـ…,anger
raaq : قراءه خاشعه ♥ رائعه جدا جدا ♥ القارئ رعد الكردي قراءه نديّه سوره الاعراف  من معه اذي يستمع ايه ايه ويخبرنا بما صار,joy
المفروض انه عارف انه ممكن يلاعب اي حد ،يعني مش افتكاسه جديده وفي الاوليمبياد ده متوقع فميعملش فيها بطل ومغصوب,none
..اتفضلوا شوفوا بيعملوا ايه في كندا !!! رحمتك يارب,surprise
اعتقد كشف المنشطات في الاوليمبياد لازم يشمل معلقيين النيل للرياضه,none
emam:   ده كابتن شوخير....ده تمامه ياخد بالجزمه هو وابو صبغه لان الاشكال القذره دي هي اللي افسدت الحياه في مصر ومعاه…,anger
احلي حاجه في الدنيا لما تحصل حاجه نفسك فيها فجاه فتفرح استمتع وتبسط بكل التفصيل اللي ممكن تبسطك :) ارابيسك تصبحوا علي خير :),joy
هنعدي امريكا و نبقي ابطال الاوليمبياد,joy
منتخبكم ضعيف يا ريت ياخدونا مثل وقدوه في الاوليمبياد يمكن يغيروا ويحصدوا الميداليات,none
:  كلنا ضد مريم بيفور63 ماسونيه فاجره وصوماليه تدعي الوطنيه تباً لكم,anger
بيريز حيوان مدري ليه يقيل كارلو و يتعاقد مع الزبال ذا !!,anger
وين مايطقونها عوجا كان الله في عونهم,sympathy
اي دا حتي العيط اقسم بالله في حاجه غلط ما هو كل ال بيحصل دا صدفه؟,surprise
اللهم غيثامن عندك يروي ويشفي صدورقوم مؤمنين انهكم الفقد والانين اللهم اني ابراء اليك من قلهحيلتي وهواني عن نصرتهم اللهم ولاناصر الا انت💔,sympathy
لقطه حلوه فشخ حالا في التايكوندو في الاوليمبياد .. الواد الكوري روحه حلوه فشخ,joy
sh999 ده اللي بعملو حاليا بس خايفه م اللي بعد كده,fear
اسقيتك من ماء حبي.. فنبت حبك لامراه سواي🌹♡ ي العذري,love
الواحد كان ممكن يشترك ف الاوليمبياد دي لو في هوكي الجليد .. بس للاسف مفيش,sadness
: كل ما نكبر ونكبر تزيد احلامنا تصغر ماغير جروحنا تكبر ونتعود علي الالام ..  شعر  بوح  حب  الم  عشق  سندس محمد  ا…,sadness
عزيزي المريض تنقلك بين المستشفيات بحثا عن العلاج دون ان تخبر الصيدلي عن الادويه التي وصفت لك يهدد سلامتك وقد تنتج تفاعلات دوائيه تنهي حياتك,fear
.  الاشتراك في الاوليمبياد من الاصل اعتراف بالكيان الصهيوني والدوله الاسرائيليه. اقعدوا في بيوتكم وانقطعوا عن العالم!,none
خاب قوم لم يسمعوا لعقلائهم، ولم يتعظوا بحوادث دهرهم.????   احمد زويل,anger
يا جدعان انا عسل اوي كده للدرجادي😀,surprise
جمهورهم مرعب. الله يستر,fear
جاءنا النّٓبا التالي …!  بسم الله الرحمن الرحيم جيشُنا الباسل ، بٓدٓا بشنِ هجوم المرحله الرابعه من تحرير حلب الدعاء الدعاء لـ ابنائكم,joy
اعتقد في الاوليمبياد اللي فاتت كانت السودان دوله واحده,none
اتركو العنصريه النتنه الحوثي وصالح هم سبب خراب اليمن الحوثي غبي وصالح ثعلب والضحيه الشعب اليمني,anger
مسن مودينه دار  المسنين شوفو وشلون الـ والـ  حسره 💔 حسبي الله ونعم الوكيل . . .  زد رصيدك16  الوالد  ابي  امي…,sadness
: عندما انظر لعيناكِ ياصغيرتي انسي العالم وانسي احزاني ❤️  جوانا  بنتي,love
مبرووووووك لينا يا شاهين وكفايه فرحت كنوز معانا وليث واسماعيل وعلوش وريتا بجد كلكم تستاهل كل خير ماعادا الحيوانه انفصام والكرومبه اللي معاها,joy
ذهبت لكي اخبره باشتياقي .. فاصدمت .. فقد ذهب لمن خلقه ..,sadness
شفتك تنقط خري يامونسه,anger
اه هتنفعهم الاوليمبياد مغيش اكتر منها 😂👏🏻,none
وفاه الامير تركي بن عبدالعزيز انا لله وانا اليه راجعون عظم الله اجركم وغفر الله لفقيدكم  الله يرحمه…,sympathy
خايفه اموت ومتعرفش 💔,fear
الاوليمبياد دي احلي حاجه في الدونياااااا,joy
نحن معاكم يا ابناء المملكه قلبا و لا عاش من مسكم بسوء نفرح لفركم و نحزن لحزنكم.  الاحوازا نجمه الخليج عربي,sympathy
انا خايفه يا مصر 😞😞😞,fear
الزمالك يقدم التعازي للنادي الاهلي في وفاه مدرب قطاع الناشئين  الزمالك  التعازي  للنادي  الاهلي  الناشئين…,sympathy
صوتك ده ايه الله عليه ملايكه بيغنوا ...,joy
الصين ????????تطلب من جنوب السودان معاقبه المسؤولين عن قتل جنديين صينيين بقوه حفظ السلام,anger
خايفه اوي .... لان الجيش هينزل بتقله ويدافع عن السيسي وهتكون مجزره ... ربنا يستر علينا وتعدي علي خير  نازل ومش متنازل,fear
مررررررره ظلم اوقات اقول تقهر وانانيه واوقات تحزني لانها خايفه ومو عارفه كيف تتصرف بس حقيقي خلاااص مررره طولوها لازم يعرف عن بنته,fear
اطالب بتحقيق رسمي من قبل اتحاد كره اليد مع المدرب و اللاعبين علي سوء المستوي و تعمد الخساره و الظهور بشكل رديء في الاوليمبياد,none
: يضحكنا الاعلام الايراني عندما يسمي مرتزقه نصر الله وسليماني في سوريه      مجاهدين      !!,anger
ومستحيل يكون عصام حجي ده عالم ! اخترع ايه اضاف ايه للعلم؟ طيب عالم في ايه ؟,surprise
تفكيري فيك اكثر من كلامي معاك ، عموماً انت اجمل من اخذ قلبي.❤️ .  مساء الحب  سعاده  كيك…,love
دا احنا ناخد الاوليمبياد دا بقا ف اليد,none
تركي العواد يسيء للسعوديات هل عقوبه السجن واﻻعتقال للدعاه فقط ؟؟ ام انها تشمل مثل هذا الساقط الذي يتهم امهاتنا ؟؟ ننتظر اجابه من المسؤل ..,anger
انا متعاطف معك واتمني حل مشكلتك باسرع وقت وليس لك الا المطالبه والصبر والاحتساب,sympathy
الحْبٌ كنزٌ والروح ٓمستودعهٌ لن ينفذ الحبٓ مادام القلب ٓصانعهٌ ..,love
الاتنين الابطال اللي جابولنا اول ميداليتين في الاوليمبياد طلعوا بيلعبو في نادي طلائع الجيش. الجيش مكانه الحدود وليس احراز ميداليات يا برادعي,none
:   بحبكم كلكم يا قرايبي، ابشروا  قدها  مدام جيجي,joy
و ايه المشكله و احنا بلد فشل فيها زويل ونجحت فيها صافيناز,anger
: بالصور : امينه فاخت تحتفل بزواج شقيقها,joy
في جنبي ياهل في الحلاق يشاهد الاوليمبياد يقول استغفرالله بنيه تحكم ويفكر اللي يلعبون رجال لو يدري انهم بنات ويش بيقول😂😂😂😂💔,none
الاكونت ده الاوفيشيال بتاع الاوليمبياد تقدروا تتابعوا من عليه كل حاجه يعني😄,none
:  الاخوان مجرمين والنصر للمصريين سننتصر باذن الله لاننا دُعاه حق ونبني ونعمر وطننا واخوان الشياطين يخربون سُتهزمون,anger
الله ينصرهم,sympathy
انت غيمه عُمري الحلوه اللي امطرت علي قلبي عشق وازهرت الدنيا في عيني احلي ربيع ..  غزل 💟💟,love
فقدنا فيك الامل ، مفيش منك رجا ، رمينا طوبتك من زمان,sadness
وفي هَذهِ  الحيّاه .. بكينا كثيراً ، ولا نعلمُ ان  الله مُخبِئ لنا خلفَ هذا  البُكاء خيراً وفيّرا ! ♡♡,sadness
end1435    بالاصل عمان ليس لها اي دور فعال بحرب السعوديه مع الحوثي وكلابه لكي تطلب السعوديه منهم حل للتسويه.,anger
برونزيه لمصر 💪 اخيرا 😭😭 شكرا  ساره سمير 👏👏👏 اول ميداليه لمصر في الاوليمبياد برونزيه رفع الاثقال,joy
لما نخش لعبه الرمايه و نجيب السهم بره اللوحه يبقا احنا عملنا اللي م يتعملش في الاوليمبياد 󾌴󾌴,none
بس مصر بتفرح اومااال.. و بلاش شرمطه نزول الدولار ل 11 ده مش هيكمل يومين و هيضرب تاني,anger
بطل العالم ف الهجص بوظ صورتنا ف الاوليمبياد اكتر ما هي بايظه  اسلام الشهابي,sadness
احنا جايين نهارد لاق الاوليمبياد دي 😂😂  RioOlympics2016  volleyball,sadness
Jaleel: وبدا انَّ قُبلهَ فَمكِ الرَّطبْ، حَياه.,love
اكثر ما يجهد مشاعرنا هو قمه صدقها..,sadness
حرام عليك مافيش الحد مش مخطي كلنا خطاؤن,fear
امير مرتضي منصور الراجل دا كان سبب رئيسي في تخليص اغلب الصفقات ...ربنا يباركلك يابني,love
: قال:  احببتُها لِدرجه اني لم استخر الله بها يوماً، خشيه ان تكون شراً فيبعدها الله عني  ❤❤❤,love
القائمين علي قناه النيل للرياضه ارحموا ديك ابونا كرهتونا في الاوليمبياد 😡😬,anger
احتفظت بِك .. بداخل قلبيّ و فيّ نفس المكان اوجعتنيّ 🎼    بوراك في جده,love
انا خايف انام الوقت يجري اسرع و البس ف امتحان بكرا ده .,fear
الغيره فِي الحُبّ  تَجعَلنْا كالاَطْفال لا يُرضينَا سِوي الامتِلاكْ !  الغيره,love
بالمررررره حلووو ومفيد انت متخيل لو ادخل علي البنات كذا ماعاد انهم مسوين لي حركات بايخه ابدا,joy
ريو دي چانيرو  مصر اتعاملت مع  الاوليمبياد كانها  دوره رمضانيه جمعت الفلوس لمت اللاعيبه جهزو  الشنط سافروا  البرازيل وف  الاخر  عزبه النخل,none
في فرح من اللي كانوا عندي  : D : D اتاجل بركاتك يا حاجه لبني انا كدا هقلق,love
Mohammed001 جزيتي الجنه ان شاء الله هبلغه,joy
العالم يعيش حلقه جديده مثيره من برنامج الصدمه بس هالمره عن جد مو تمثيل  الصدمه  ترامب  اكشن 🎬🎬🎬🎬🎬,surprise
دا استثناء بعد تعليم وتجهيز ولا الاوليمبياد .. انما مش هنتعب كل شويه معاكوا بقي 😂,none
Tahr: الـيوم الاسود 3/8  لن ننسي سنجار  علي لسان طفله: اي ذنب اقترفته؟سرقتم طفولتي!قتلتم اهلي!اغتصبتم اختي!يكفي مزيدات,anger
29: هناك الف سبب لتذهب، ولكنك تبقي لاجل سبب وحيد لا تفهمه ؟؟؟ 👌,love
:  اثير الاخباريه اسباب تطاول ايران علي محمود عباس!,anger
ملعون ابو التحكيم في الاوليمبياد دي في كره اليد — feeling angry,anger
ما اجمل ان اشعر بروحك حولي تحتويني بكل مكان .. فــ عشق روحك سيدتــي لها مذاق خاص ♥,love
يا بخت الناس اللي بتشوف الناس اللي احنا بنشوفها اه والله بجد,joy
من كتر ما انا خايفه مش مسترجيه اشوف صوره المرا الي دبحها ابنها .. انو احنا الي بنطلع وبنمضي كل يومنا برا البيت شو بضمنا ما نتلاقي مع هيك +,fear
لماذا في السعوديه فقط يحرم العلماء قياده السياره للمراه بينما لعب الجودو في الاوليمبياد لم ينطقوا فيه بكلمه,surprise
: مندوب الحمار عبدربه هادي في الامم المتحده يقول عن الحوثيين :هم جزء اصيل من الشعب اليمني!! ما عد احناش روافض ولا مجوس ????????????…,anger
بس كده ؟ = امال انت فاكر ايه,surprise
فجاه كل البنات يشجعون برشلونه 🙂,surprise
Retweeted بنت نادره Riko ( اللي مستني ان مصر تتاهل للدور التاني في الاوليمبياد في اليد، يا ريت ياخد حبيتين اسبرين وينام,none
كنت خايفه انا بعد🌞,fear
مش كنا ودينا الزمالك يلعب في الاوليمبياد طيب؟,surprise
24: ً الحُب مو كلمه احبك احياناً :  رجفه يد ، و فزه  قلب ، وحياه .,love
باك,surprise
ولا بايديه ولا كان بايدياا,sadness
alSenan   الله يستر عليه واتمني مايكون من المغضوب عليهم لمجرد رايه لم يعجب البعض ،متضامنه ومتفق معه .,sympathy
Divo   Gika17 طب ايه السبب في انهم يعتقلو,anger
انا مو بس احبگ انا ميّت عليك😴 فَقْدتگ تذْبح وتنكّد علي يومي😓 ماحب انا اشتاق لك اتعب كثير🤕 اه لو تدري وش اللي بيصير💔  احبك  حبيبي  غزل . A❤️,love
ربنا يستر. والله مرعوبه,fear
الاسعار نار والجنيه غار والدولار فار والبورصه بتنهار والنيل طار وصنافير اتباعت بدينار ولسه الشعب حمار  بتحب السيسي عشان معيش حميره ف مرار,anger
مصر راحت الاوليمبياد ب 150 لاعب مثلا في 130 خرجوا ف يوم اصلا,none
ما نحنا عارفين انه امريكا من تحت لتحت ازا وقفت مع اسرائيل لما استخدمت الفسفور بحرب غزه وما اتهمت نتنياهو بجرائم حرب بدك ما تكزب هلا,anger
هو في كام قطري في بعثه قطر في الاوليمبياد؟,none
بتبسط جدًا بنجاح اللاعبين المصريين في الاوليمبياد .... بفرح لما بلاقي حد بيحقق حلمه ويوصل للي هو عاوزه رغم كل القرف اللي احنا عايشين فيه,joy
يموت الفرح فيني ، اذا عاش الحزن فيك  الفرح,sadness
كانوا جايبين واحد يحلل الاوليمبياد عالنايل سبورت قالهم لا والله مش متابع البطوله,surprise
الواد الاسرائيلي الي هيلاعبنا في الجودو ف الاوليمبياد ده شكله غشيم : D يارب الولد اسلام ميخسرش مش عايزين فضايح يارب,fear
gouda له لم يصل في المانشن ؟؟؟؟,surprise
: وهذا ّ اغرقني اشتياقاً فمن في حب  مكّه قد يُلامَ  مؤسسه اللؤلؤه الوقفيه,love
يالله تاثرت و دمعت عيوني,sympathy
هما قالو ان شعار الاوليمبياد السنه دي هيبقي المحافظه علي الارض او حاجه زي كدا يعني اهو حاجه ليها علاقه بالبيئه يعني ✋,surprise
الناس خايفه خايفه من كل حاجه بقت متخوفه من اي زياده في الاسعار في اي وقت متلوموش الناس مش هما اللي وصلوا البلد للمر…,fear
افتتاح الالعاب الاوليمبياد في ريو دي جانيرو البرازيل 2016 دخول الفريق السوري الله حيووووووو سوريا,joy
افاااا ترامب متقدم والله اني متعاطفه مع كلينتون عشانها انثي ولا كلهم ادري نفس الشي,sympathy
صوتها بيوهب قلبي حياه ♪♬,joy
مش فارقه مش بيلعب مع المنتخب في الاوليمبياد؟,none
يلا افريقيا الف مليون تحيه لكابتن مؤمن سليمان وش السعد  ع جمهور الزمالك حفرت اسمك ف قلوب كل الزملكاويه ????????????????????,love
انا مش بس خايفه من الموضوع دا انا مرعوبه جداا,fear
ما شاء الله اسرائيل بقت تشارك في الاوليمبياد 😡,surprise
: ناضلوا من اجلنا ومن اجلكم .. من اجل رفعه بلدكم .. معكم حتي النهايه بلا كلل !!  اضراب الاطباء العمانيين4,sympathy
ولو حتي بيبص علي المنافس، ليه يبقي لوزر! يبقي بينافس مايكل فيليبس في الاوليمبياد دراع بدراع ولوزر ازاي يعني!! هبل,anger
ولان الست مالهاش غير بيت جوزها وراحه جوزها وخدمه عيالها... يحتفي المصريون بفوز نسائهم في الاوليمبياد! وعجبي!  شعب متسق بطبعه,surprise
الفرق بين مصر وامريكا/الصين/روسيا/انجلترا في الاوليمبياد ظهر واضحا في ازمه  ساره سمير والثانويه العامه 1,sadness
ضميني في حضنك خبيني...... الخوف ميجيش  منير,fear
اكل ماما : يا اكل ما بعدك اكل و ياروح ما بعدك روح والله 💜😂  الحُب 😻,love
افتتاح الاوليمبياد بدا علي Bein sports و Dubai sports المفتوحيين,none
خايفه وشايله هم الامتحانات 💔,fear
خايف من اليوم الي صبري بينفذ فيه😪.,fear
َ انا خايف من الفقدان ، والوحده وخايف دمعتي تطغي علي فرحي اجيه مبتسم .. شايل معي ورده واروح باكي شايل معي جرحي,fear
خايفه ادخل انام الاقيهم غلوا حاجه تاني 🤔🤔,fear
ما يحتاج ! اكثر فريق فايز بالدوري و الابطال ☺️,joy
العراق ما يحكمها الا دكتاتور الحجاج ابن زياد صدام العباسيين,anger
بس والنبي البت حنان دي جدعه وبنت جدعان. مرات رفاعي فعلاً,joy
harb777: طول الوقت خايفه ربنا يسيبني لنفسي اكتر من كده والله ، اللهم ردنا اليك ردا جميلا❤️,fear
موقعتش ولا حاجه طلعت ال 12 و راحت نصف النهائي ، الاوليمبياد دي عايزه كورس عشان نفهمها,none
خايفه احكي,fear
هي كره القدم بتدخل الاوليمبياد؟,surprise
فهماك طبعا بس هما لازم يعيشو دور خبراء الاوليمبياد,none
يلا الرزق علي الله انا خايفه بس يكون من سوء عملي ان ابني في الوقت ده طب مش لو ربنا بيحبني كان منعني اكمل,fear
قلوبنا معكم يااهل مصر ... ودمتي شامخه يامصر,sympathy
يومك.سعيد.باءذن.الله.  اهلا.بك.صديقه.عزيزه.,joy
t66:  الحُب ان تقرء كلمه ( جنّه) .. فيتشكل فيَ عينيك وجه  اُمك ..🎈,love
ازاي لاعب مصري في الافتتاح يمسك علم السعوديه حتي لو صغير فين المسؤولين   الاوليمبياد  مسخره,anger
فيه بلد اسمها  كوسوفو  كسبت ميداليه ذهبيه في الاوليمبياد وهما اصلا 8 لاعيبه مشاركين من البلد ده العرب منورين  Rio2016,surprise
مايكل فيلبس واخر سباق ليه في كاريره في الاوليمبياد مع منتخب امريكا تتابع 4 * 100 متر بعد 10 دقايق تقريبا  السباحه  ريو2016,none
اول لما السيسي قال انا شايف النصر زي منا شايفكو دلوقت هوب دبل كيك لقيت كل اللاعيبه المصريين في الاوليمبياد بيخسرو وبيروحو علي بلدهم,sadness
لو تعطوني حبر قد البحر ؛ ما اوفي تشابي الونسو حقه .💜  عشششق .,love
نطالب برحيل مرتضي منصور واحنا كاهلويه نطالب برحيل العرص  محمود طاهر فهو  دولجي امنجي اوسخ من مرتضي ( الكوره للجماهير ياولاد الوسخه ),anger
متاخدونيش علي اساس اني الشخص الموتيڤيتد الفتره دي عشان انا جوايا كميه احباط تحبط بتوع الاوليمبياد والله,sadness
مصر بتخرج من الاوليمبياد اسرع من بولت بتاع الجري,none
اعترف اني خايفه من جواهر الله يستر يلا باي 🏃🏻‍♀️,fear
الاوليمبياد بدات 💪💪💪 سباق ال1000متر كان روعه..ورقم عالمي فشيخ.. والاجمل ان الاثيوبيه هيا اللي كسبت..  افريقيا السلام,joy
مفاجاه  الدوري الالماني  bundesliga,surprise
اردوغان مكيافلي اصيل يطبق ( الغايه تبرر الوسيله ) بشكل ممتاز استغل الدين و نصر المظلوم و مساعده  فلسطين لكن مستعديبيع كل هذا من اجل المصلحه,anger
نتش يا سكر انت تصدق اصلاً ان فينجر يعمل كدا,anger
كان مريض قبل الاوليمبياد وكان بياخد ادويه بتزود الوزن,none
مصر خدت ميداليتين في بعثه مصروف عليها 480 مليون يعني الميداليه واقفه ب 240 !! هما رفعوا الدعم عن الاوليمبياد ولا ايه !,surprise
الفشل عندما نقوول للناس كلمه فاشل هذا الفشل الحقيقي عمره ماكان احد فاشل بس نحطم الناس قبل الفشل الحقيقي انا  ضدالفشل  افشل مدرب مر علي ناديك,anger
كان الله في عونهم دعواتكم لهم مع صلاه الوتر,sympathy
لـسه  بـتـحبـها لا عادي !! طــب داري دمـوعـك الاول وبعـديـن  اكـدب بـرحـتـك,sadness
: لو انت فارق معاهم مكنوش سابوك ✌,sadness
يا جماعه الترينينج الاحمر بتاع مصر في الاوليمبياد ده بشع، اول مره كنت اشوفه وساره لابساه من شويه عشان ماتفرجتش علي الافتتاح..ايه البشاعه دي؟,sadness
خوان مارتن ديل بوترو يفوز علي نادال 2 1 ويصعد لنهائي الاوليمبياد  تنس  ريو2016,none
نادي الاثرياء بيتريق علي مرتضي عشان ماسك نادي الزمالك..بعيدا عن ان مرتضي فيه كل العبر طبعا.. بس اخر ناس تتكلم هم بتوع خسن حمدي :),anger
وديتوا السيجنال فين معنديش ولا شرطه,joy
يا جدعان لو سمحتوا مش كل واحد عنده ميتين ام عقده نفسيه يروح داخل شاتم حد علي اسك ، ما هو يا تتعالجوا يا تنتحروا والله :D,anger
انا خايف حاسس ان السيسي ده ملبوس او عنده هلاوس وبيحتاج يسيل دم بني ادمين كل فتره بسبب او بدون,fear
بطل الجودو المصري اسلام الشهابي هيواجه لاعب اسرائيلي في الاوليمبياد,none
هو ان تستغني بمن تُحب عن العالم اجمع .. الا تشعر معه برغبه في اي شيء اخر .. ان يكفيك وجوده عن الوجود !,love
: ﻋﻨﺪﻣﺎ ﺗﻘﻮﻝ  ﺃﻧﺎ ﺑﺨﻴﺮ  ﻳﺼﺪﻗﻚ ﺍﻟﺠﻤﻴﻊ ﻭﺣﺪﻩ ﻣﻦ ﻳﺤﺒﻚ ﻳﻌﺮﻑ ﻛﺬﺑﻚ ❤️❤️   ﺑﺜﻴﻨﺔ ﺍﻟﻌﻴﺴﻰ  الاعمي  الصداقه  الوفاء,love
هو تمام السعاده حيث يرتاح قلبك وتحد  الضلع المفود منك فالانسان لا يرتاح ااالي وهو كامل  اجمل ماقيل بالحب,love
تخيل نايف اناصارلي شي جدا محزن وسيء خايفه انوا تحزن عليا مره كنت انظف الله يكرمك الحمام,fear
اللَهُمَّ ارحَمْ كل ضعيفٍ فَقِير وجائعٍ بردان 💔  اليمن  العراق  تراجف ايديني من البرد وقول,sympathy
Mama said: هتيجبي ملاحق يا هيدي,sadness
albalwi:     ام عبدالله 11K متابع  ❤️تستااااااهلي ياقلبيًً كا خير  ????????☄رائع  ????☄مميز  ????????ذوق  تستحق ❤️المتابعه ????,love
اسمها الحجامه يا جهله ومش حاجه جديده مش العلاج بالكوبيات السخنه الجديد عن مذيعي الاوليمبياد اتحدث,anger
يلعن ابو جمله 7000 سنه حضاره اللي بتتقال لما مصري بيكسب في اي حاجه في الاوليمبياد  اهو اهو بيكسب وبيقول انه 7000 سنه حضاره,anger
اللهم اشكو اليك ضعف اهل وقله حيلتهم وهوانهم علي الناس ياارحم الراحمين اللهم انت رب المستضعفين انصرهم علي عدوهم …,sympathy
تبي تفوز؟ خلك بفريق وايل,surprise
ممكن حد يعرفني اي قناه ممكن اتابع عليها الاوليمبياد وشكرا لحضراتكم,none
جمهور الشرقيه دائما يشرف,joy
اسس التحصل علي منصب في ليبيا واسطه و محسوبيه فقط,anger
شعور مريح حين تتفكروتتذكركان الله يسمعك ويعلم خفايا قلبك كلماتك وحزنك الذي لم تظهِره وانه بِرحمته يخفّف عنك حتي قبل ان تطلب,joy
: من جميل كلام الشافعي [اذا تخلي الناس عنك في كرب فاعلم ان الله يريد ان يتولي امرك و كفي بالله وكيلا],love
اسيست ميسي ب تاريخ الاوليمبياد ..,none
دا رياضي مصري في البعثه اللي بتمثل مصر في الاوليمبياد رفع علم السعوديه مع علم مصر في حفل الافتتاح والناس بتطالب بعودته من البعثه,none
صدق امس عجزت انام قلق عاد انا مو خايفه من القدرات ومتامله فيه بس امس قعدت 3 ساعات مانمت بعدين ماادري وش صار ونمت بس…,fear
انتَبه ﻟـِ ﻧَﻔﺴك ؛ فـَ ﻫُﻨﺎﻙ ﻗَﻠﺐٌ ﭐنت ﻟﻪُ ﻧَﺒﺾ  صباح الخير  شوق,love
كل حب الدنيا دي في قلبي ليك دا انت  اغلي الناس عليااا  روحي فيك  موگاااٱ,love
جمهور مرعب,fear
قطر خاشه الاوليمبياد ب25 لاعب .. اللي يبي يخنب قطر يستغل الفرصه الشعب كله في البرازيل 😂😂😂😂😂😂😂,none
انسج خيوط الحُب والمحبه واهديها لمن هم الاقرب الي قلبك لانهم يستحقوها ❤️,love
احساس غريب عندما  تفقد شخص وتتذكر اجمل  لحظاتكك معہ فَ تظھر  بسمہ علي.  وجهك ودمعه ۈ ﻟا تعلم.هل انت  سعيد ل تذكرهہ ام لِ فقدانہ,sadness
خايف للغربه تحلالك والبعد يغير احوالك,fear
فاتت سنه.. مياده الحناوي ياشيخه يخربيت الفجر انا متضايق اني مسمعتكيش من زمان,surprise
احس خايفه,fear
مش صعبان علي اكتر من لاعب الجودو المصري في الاوليمبياد لو لا قدر الله خسر المصريين هيهيجوا عليه نفس الهيجان اللي كان هيبقي علي الاسرائيلي 😂😂,sadness
الاوليمبياد حلوه جدا وماتشات مفتوحه من الطرفين ومهرجان اهداف,joy
الاوليمبيااااد 😈 حمد لله ع السلامه  Rio2016,joy
نعمل ايه نعمل ايه ؟؟؟؟ نسجن هشام جنينه اللي بيكتب تقارير الفساد ????????,anger
ايه دا الباص جيه في معاده لما نزلت بدري 😃,surprise
اتنين من شرق اسيا بيلاعبوا بعض ping pong في الاوليمبياد تفتكروا تبع انهي بلدين؟ مظبوط النمسا وهولندا.,surprise
علماً ان طارق عامر ده فسل مش بعقليه يوسف بطرس,joy
مبروووووووووووووك للزمالك اللهم لك الحمد مستوي وانتصار  وبتالق الحافي ايمن حفني  والمهاجم الفذ باسم مرسي  البطوله زملكاويه فضلوها,joy
كان الصحابه اهل صدق  عن انس ابن مالك رضي الله عنه قال  (والله ماكنا نكذب ولا ندري ماهو الكذب)  كماان الكذب في الجاهليه كان عار واحتقارللكذاب,sadness
لما بشوف مسلسل حلو ببقي خايفه اخلصه فعلا 😂✋,fear
sniper1 الله ينصركم ، قلوبنا معكم,sympathy
هو انا مش عارف احنا كسبنا ازاي بس هو ربك لما بيسترها بيسترها : D,surprise
ga  89:  ٱلحب ما { يغيَره } ٱلۆقت ۆالايام مَنْ  يحبك   يجدد   لك حبـہ بگل ليلہ  قرووب المسافر,love
زياد العذاري يبتهج بوجود اسمه في تشكيله حكومه الشاهد ويطالب بتسريع تشكيلها دون تاخير,joy
حقد المصاروه علي عمامهم السعوديين تنوء عن حمله البعارين 🏃  مصري يرفع علم السعوديه في الاوليمبياد  Rio2016,anger
انت اللي داخل ممنشني لما بقول نتايج الاوليمبياد زي الخره انت لو مش شايفها خره تبقي اعمي يعني ده مصر كلها بتقول كده,anger
النفس تبكي علي الدنيا وقد علمت ان  السعاده فيها تـرك ما فيها لا دار للمرء بعد يسكنها الا التي كان قبل الموت بانيها  علي بن ابي طالب,sadness
يازين وصفك بعيني ياغناتي بيك يبو ذوقن واحساس راقي حبيبي احتارت كلماتي تجزيك احبك واموت بهواك وعندك الباقي …,love
: 14) فهل عرف الصحابي الجليل  عدي بن حاتم  مطلق دلاله الايه، ام تراه فهم فهماً احتاج معه الي مراجعه وسؤال يظهر له به معني الاي…,none
i tahani   هذا ما نطلبه منكم بالضبط .. نحن نقف معكم قلباً وقالباً في اي قانون ليس من الشرع يقيد ويسلب حريه المراه,sympathy
وهم زمايله في البعثه سكتوا ليه مصيبه لا يكونوا كلهم معرصين  عرص الاوليمبياد,surprise
الله يرحمك يا ابويا لو كان عايش لليوم دا كان الله يرحمه برضو يعني ايه ورشته تشتغل في النحاس بعد الدهب يا بومه العصر,sadness
طب بتقشرو البرتقان ازااااي ! ماسك برتقانه بقالي ساعه مش عارف اقشرها لما شرحتها :D,surprise
ا خرااااااااااااااااااااااااااابي ع الضحك :D مرتضي ع الطاوله,joy
انتو بقيتوا منتشرين كده ليه,surprise
مصر خرجت من بطوله الرمايه في الاوليمبياد بالمركز 41 من 44 .. كانوا جابولهم اهداف من الثوار والاخوان ومناهضي الانقلاب والمُصليين عشان يفلحوا󾓵,none
احنا عندنا ف الاوليمبياد ناس زي الدهب .. 󾌴󾌴,none
الاطفال احباب الله اللهم احفظ احبابك اينما كانو اللهم ارعاهم بعينك التي لا تنام😟,sympathy
والله اني خايفه يتكرر سيناريو مباراه نجران 😑  الاهلي الوحده,fear
alzamil22: الحب ريشه تملك القدره المتناهيه، لرسم الجمال اللامتناهي، علي اولئك الذين نحبهم!,love
احمدالاحمر عدي مرحله حسام غالي ... الله ياخدك .. ضيعتنا في الاوليمبياد 󾌽󾌽,anger
موديول منحس من اوله,sadness
حياتي ماشيه علي نظام  الفجاه ..😳😌  فجاه نروق .. 😌 فجاه نولي نفسيه :🐸.  فجاه نحبك .. 😍🙈 فجاه نكرهك 😡😂😂😂😂,surprise
اللي بيتفرج علي حاجه في الاوليمبياد يكتب تويته يقول بيتفرج علي ايه ، علشان لو حد بيتفرج علي حاجه تانيه يعرف ، فيڤوريت لو انت جوه الاتفاق ده,none
💔مؤلم جـداً؛ انــ تتحــدث وفجــاه تتغيـــرنبــره صــوتــك وْ كــان دمــوعــكْ تتحــداك و تقــول لـك : امـــا ان…,sadness
Doualiya: البابا متضامن حتي البكاء مع ابناء العراق,sympathy
. . لايكمل الحب الا بالاهتمام وقليلا من التضحيه وغيره خاليه من الشك ووفاء حتي بالغيااب !!,love
وطن بيسلم حروف اسمه بيخلع اخر حته علي جسمه ومين يهمه  عرص الاوليمبياد,sadness
انهض اخي لا عليك فغبار قدميك اشرف من الملوك والحكام المتخاذلين ..,sympathy
سيد عبد الحفيظ: جونيور اجاي سيعود الي بلاده عقب انتهاء الاوليمبياد لقضاء فتره راحه ومن ثم العوده للانضمام لصفوف الاهلي,none
alsh: نسالك ان تربط علي قلوب اصدقائنا قبل قلوبنا، وان تبعد الحزن عنهم قبلنا،هم يحزنهم ما اصابهم، ونحن يحزننا حزنهم، وما اصابهم.,sympathy
لو سانتا كلوز مصري  كان هيلعن اليوم اللي كان فيه مصري,anger
مايكل فيليبس لوحدو ع مدار تاريخو ف السباحه حقق 19 ميداليه دهب اكتر مما حققه العرب اجمع منذ انطلاق الاوليمبياد,surprise
لو يلعب كل اللاعبين ويحكم بن مساعد بحول الفوز للملكي ثقتي في الله ثم برجال الملكي مستوي ونتيجه يعني مايهمني من يلعب ومن يغيب,joy
ودي اعرف معلومه ، كم عدد المشاركين في الاوليمبياد وكم عدد الوفد المرافق ؟ الحمدلله اخذنا ميداليات في الاولمبيادات العلميه هالسنه,none
ميلاد مجيد…. سوريانا,joy
انا خايف من القانون الجديد الدائره الاولي لكل ناخب 5 اصوات والدائره الخامسه كل 5 ناخبين صوت .,fear
طب سؤال مين هياخد الاوليمبياد امريكا ولا الصين,none
انت مابتروحش الاوليمبياد ليه صحيح؟ :D,surprise
متعاطفه معاهم كلهم :( فكره المسلسل خطيييره👌,sympathy
da7:   AFN هاولا هم جيش الاسلام اسال الله ان يوفقهم وان ينصرهم ماتركتهم انسانيتهم ان يمّثلوا في جثته ويشوهونها كما يفعل الفرس ب…,sympathy
من بين البنات انتي عليكي العين، يامو الخدود تفاح وفيها غمازتين,joy
هو تلك العاطفه الساميه التي تجعلنا نتزوج وننجب الاطفال وننشئ الاسره وفي ليالي الشتاء البارده نجتمع حول المدفاه,love
: بوركت مساعيكم ، معكم قلباً و ً  اضراب الاطباء العمانيين,sympathy
هو فريق الطايره ده رايح يتعولق بس في الاوليمبياد ؟!!,surprise
افتتاح الالعاب الاوليمبياد في ريو دي جانيرو البرازيل 2016 دخول فريق البارغواي,none
انا مش خايفه غير من حاجه واحده بس.. بعد الخراب دا كله يطلع اهبل ومرفوع عنه القلم و ميتحسبش يوم القيامه. ⁧,fear
ميسي خايف من اشبيليه عشان كذا يضيع الوقت,fear
يلا يا فيروس تعبان  يابني ده انتا نورتون يفشخك  حوارات غير مرئيه,anger
حصاد العرب في الاوليمبياد مخجل مخيب للامال الرياضه في العالم العربي تحت الصفر لا رياضه مدرسيه ولاجامعيه ولامراكز تدريب واكتشاف المواهب,sadness
558: عندما اشتاق اليك اناجي القمر واحكي له حكايه جنوني بك وشوقي لعيناك الساحره لانه يشابه قلبك الصافي  snap,love
. قاطعيني بـ احبّك كل ما اعاتبك الكلام الرقيق ايحدّ من حِدّتي !!  عتاب,love
عرفت ليه انا انسانه بارده لاني منولده بالشتاء,surprise
مره خايفه يالله😭,fear
هي الاسكواش لو دخلت الاوليمبياد مش كنا نايمناهم م المغرب,none
حكايه تقطع القلب خصوصا ان بقي في اطفال ايتام ملهمشي غير ربنا يتولاهم برحمته عشان ابوهم جدع واخته بتموت فيه,sympathy
متعاطف معه :(,sympathy
نازلين 11 11 عشان كفي شعب مصر فقراً و جوعاً و ذلاً ... ان الاوان ليختار رئيسه الصالح و يعيش بكرامه ... قلوبنا معكم و دعواتنا لكم,sympathy
ربنا يسهل والاسكوش يدخل الاوليمبياد,none
وللحب ايام وذكريات لا تنسئ.. وللفراق ايام يتبعها اشتياق لا يوصف.. غرفه رقم210 غرفه  الاحلام  احبك  احبك انت الروح 💋  عشقي الابدي ❤,love
بدات الحن النشيد,joy
shm دي مجنونه رسمي يكون في ناس بتفكر بالطريقه دي !!,surprise
قدسي متي اللقاء 😔   مُنذ ان بدات اتامل صورك َ، و حجمُ  الحُبِ بي يتضاعَف 🌸 °`  قروب فلسطيني  راميツ,love
مرتضي العبيط,anger
الحمد لله عندنا ترام,joy
تزيلين البقع من اواني الخبز بسلاسه؟,surprise
والله تفاجئت يوم حصلتني محذوف ما ادري وش حاصل والله اننا خسرناك ناصح ولاتحرم نفسك الاجر والدعاء لك بظهر الغيب اعد التفكير بقرارك,sadness
ولادنا في الاوليمبياد يا غاليه عقبال ولادك😅,joy
: اخبروهم ان  الحُب ليس بلقاء ، علِّموهم ان الحُب بقاء ابديّ,love
والنبي حوار الاوليمبياد ده فكرني اني كنت بلعب سباحه زمان *مسم*,none
: ممكن تكون انسان لطيف لِوقت طويل ومحد ينتبه لك لكن بمجرد ما تغلط الحي والميت يلتفت لك .,sadness
هو حماده طلعت لو كان لقي علم داعش (بدلا من علم السعوديه) و مكتوب عليه الشهادتين واقع علي الارض كان شاله و لوح بيه في الاوليمبياد برضه ؟؟!!!!,surprise
: .. لمن يطري عليك شخص واحد وانت ساجد بين يدين ربك ..وتدعي له من كل قلبك وتنزل دموعك علشانه .  ورود الطنايا,love
كيف تجعل رضيعاً يتوقف عن البكاء؟  افكار,surprise
مش عايزه ازعلكوا بس لازم نفتكر ان ف شهر خلص من الدراسه ولسه شهرين ع الامتحانات : D : (  الم  وجع  قرف,sadness
: الي كل من يحاول العبث بامن الوطن سواء كان من حثاله البنا او نشطاء السبوبه اومن اللي بيتمول من الخارج    مصر وشعبها وارضها خط…,anger
اي حد من الرياضيين الافاضل اللي في الاوليمبياد (ولا استثني احد) احسن الف مره من مليون واحد بينتقدهم علي الفيسبوك، ياريتكم تبقوا زيهم. شكراً,none
تخيل كده فريق برشلونه راح اشترك في الاوليمبياد في الكوره و المفروض ان يكون في فرق منافسه .. هو ده بالضبط منتخب قطر في الهاندبول  قطروفيتش,none
و الله كنا بنلعب سباحه و رمايه و شيش و كان زماني داخل الاوليمبياد بـ3 انفار دلوقتي ✋,none
خايفه جدا والله 😳😳  ربنا يستر ياررب,fear
rowyda عقبال الباقي يا رب,joy
قناه السعوديه الرياضيه منشغله بنقل سباقات الفروسيه وقنوات دول اخري مجاوره تنقل الاوليمبياد!! رغم ان هذا النقل مجاني شيء غريب فعلا.  Rio2016,surprise
جعلتي اشتاق لك ولم اجدك ابكيتني يا من كنت تكره بكائي ! !,sadness
انا خايفه من بكره اوي 😐,fear
ننتقل الان للتفاصيل . ويمكنكم المشاركه بتغريداتكم في هاشتاج  شجعوا مصر في الاوليمبياد . سنتعرف سويًا علي خط سير البعثه المصريه الاوليمبيه,none
: ماذا سوف يفعلون اهالي احياء المحاصره بعد فك الحصار ؟ ما ابسط امنياتهم ...,sympathy
لا هذه الدرجه يا حوثيين الجماعه خايفه منك .. حبيبي يا حوثي 😎,fear
ميداليات العرب في الاوليمبياد .. الكويتي فهد الديحاني .. واﻹماراتي سيرجيو توما .. فهد..؟!! ايه الاسم الغريب ده .. 󾌴󾌴,surprise
تركي العواد يسيء للسعوديات الله يخلف علي ام جابتك يابو اربعه,anger
ابتسم رغم ما بي من وتقف دموعي كالحجر بين مقلتي,sadness
تيم المباحث ومحاكمه الفولورز اعملولي فولو عشان الحق الفتره الصباحيه في الاوليمبياد يا جماعه 😂😂😂😂,none
: نوال الزغبي.. “كل ما بتكبر بتحلي”,love
جد منه ابو شهبه توفي ..ادعوله بالرحمه و ادعلوهم ربنا يصبرهم .,sympathy
رايح الاوليمبياد علشان يعرص لا حول ولا قوه الا بالله 😂😂😂,anger
خُلقنا لنخسر في الاوليمبياد  EGY,sadness
:  تحب تقول ايه لتميم بن موزه يا جبان ما انت جنست ناس من السنغال للدفاع عنك,anger
k: العدد151/كيف نمنع     داعش     من العوده مره اخري بعد هزيمته عسكريا؟,anger
مو خايفه من الاختبار خايفه من النتيجه 💔😢,fear
نَحنُ لا نُحِب اشخاصاً كاملين ولَكِن نَري الكَمال في مَنْ نُحِب .  كلام ذوالفقار,love
: الجزيره جايبه خبراء لتفسير غياب الرئيس السيسي عن القمه العربيه  لكن مقالتش سبب انسحاب تميم ابن موزه المفاجئ من القمه بدون…,none
سعد عبدالامير مكسب للـ  القادسيه و  الدوري السعودي، تابعت معظم مبارياته في الاوليمبياد مع  العراق  ما شاءالله  يسجل ويصنع وينظم ويقود..,joy
الحياه لا تعطينا ما نحب و لكن من نحبهم يعطونا كل الحياه  الحياه  مغرب  عرب  salimhaloui  morocco  arab,love
محتاجه حد بذاكرلي زي الاطفال من كتر مابسرح :/,sadness
ماحب ادرس الا من اوراقي ودفاتري والجابتر الاول والثاني عطيتهم قبل بنت عشان تذاكر منهم وشكلها مضيعتهم وانا خايفه فيهم اشياء مهمه اف,fear
66: شي تكونين خايفه منه من دقايق والله يريح بالك بعده كنك رجعتي لدنيا من بعد خوف االييم.,fear
: اجمل قصه شوفتهاا في حياتي هي : حب السجود لرب  الوجود,love
: فلسطيني بعد لحظات من هدم الاحتلال الصهيوني لمنزله في غور الاردن، فلسطين,sadness
2016:  شخصيه الاسبوع  الملك عبدالله بن عبدالعزيز غداً ختامها مسك  مع شعب الملك عبدالله ومحبينه نرحب بجميع مشاركاتكم,love
الحُبُّ الذِي يَخلو مِن المُشاجَراتِ و الغِيابِ ، و العَتب ، و الغِيرَه ، و السَّهَر ، و الحَنِين لا نَكههَ لهُ,love
اللهم نصراللمسلمين المستضعفين في حلب وفي كل مكان يا رب العالمين اللهم رحمتك التي وسعت كل شيء،فقد ضاق الامرواشتد الكرب،اللهم فرجاًعاجلاً,sympathy
قلوبنا معكم، الله يعلم اني مشفق عليكم لكنها المقادير، ولئن قدر لكلينتون ان تفوز فستعلمين ان النهايه قادمه علي كل حال.,sympathy
وانتي عايزه تتجوزي قدوه ليه ؟ انتي داخله الاوليمبياد؟,none
1 2011:   اسال الله العلي العظيم ان ينصرهم ويثبتهم علي الحق ويهلك عدوهم .,sympathy
حسبي الله ،، ربنا يصبرهم .. اللهم عليك بالظالمين,sympathy
. . .يحدث ان نتعلق بهدف وطموح حد الهوس....فان هو خاب....فلا اسي علي شيئ بعده  خيبه,sadness
Xz11 هذا الي خايف منه والله,fear
اعتقد بالحماس اللي عندكم ف تشجيع الرياضيين المصريين ف الاوليمبياد..ده لو صعدنا كاس العالم هاتقولوا عايزين كاس العالم 😅,none
ربنا يسترها عليه انا خايف عليه والله,fear
كنت هموت امبارح واعرف كل شويه بيوشوشوا بعض يقولوا ايه يلا منك لله يا كنترول  StaracArabia  DoaaElSebaii,anger
الاوليمبياد حلم كل رياضي..,joy
جونيور اجاي مهاجم الاهلي خسر مع نيجيريا في قبل نهائي الاوليمبياد من المانيا، وهيلعب علي البرونزيه ضد هندوراس وبعدها يرجع مصر  يلا ريو,none
Ismail:  الاهلي لو فاز ببطوله افريقيا دي لازم مرتضي يموت او يجيله شلل ويتعذب شويه فالدنيا وبعدين يموت  اكبر عدو لنادي  الزمالك هو…,anger
انا مبسوط لمجرد ان دكتوره جامعتي تبقي خاله دينا مشرف وحاسس ان في حد قريبي في الاوليمبياد. ربنا يوفقها,none
يللا يا ساره انا اول مره اتفرج علي حاجه في الاوليمبياد اصلا ✋🏼 متكسفنيش و حياه ابوكي 👏🏼👏🏼👏🏼👏🏼😂😂😂😂  Rio2016,none
هو انا لوحدي اللي مش عاجبني فستان ال ushers في الاوليمبياد؟! 😏,surprise
: مدحت شلبي بيقول علي اجاي مهاجم الاهلي القوي جدا وهو مشافش له ماتشين والله بس هو تعريص بتعريص وخلاص,anger
: قصيده الشيخ /سعيد علي بن مبارك ال جرمان في ابوه الله يغفرله ويرحمه  راعي العجليه كريم الله يكرمه بالجنه,sympathy
خايفه ارسب بالفيزياء يخرابي,fear
: روسيا، سوريا  تصدقون هي نفس الحروف   لكن ماهي نفس الظروف  الاوله تبيع السلاح من اجل تضمن (شبعها) والثانيه تشري السلاح من اجل…,anger
تستطيع  مصر ان تتصدر الاوليمبياد بجداره بشرط ان يكون اولمبياد رقص شرقي  Rio2016  مصر بتقولكم  ملحمه حلب الكبري,none
كم اتمني ان اتحدث معك كم اتمني ان تنظري لي احبك بي جنون لكن كيف اقولها لك كيف تعرفين اني احبك لماذا كل شي صعب كم اعشقك,love
: مُش معقول  صوت او صوره او كلمه  من اللي تحبه تاخذك لعالم ثاني و تشوف الدنيا حلوه ،كيف كذا؟,surprise
•• اكثر شخص يستحق هو من يراك حزيناً وياتي اليك بهدف ان يُضحكك وهو يُخفي ما في قلبه لاجلك  اجمل ماقيل بالحب,love
دائره اللامُبالاه اتسعت للحد الـ مُش معقول.,surprise
الابواق التي تبكي ال سعود وتضع قناعا بريئا. والصاق الارهاب بدول اخري سيزول  عند تطهير الموصل قريباً جدا بسواعدكم الجيش والحشد المقدس ننتصر,anger
الحمدلله اننا لِسَّه عايشين ! كنت خايفه ميطلعش عليا نهار انا وايهاب ! كانت ليله صعبه جدا ! منك لله ياسيسي انت وحكومتك !,fear
خاااااايف,fear
AlGanaam بل يكسر رقم هنري علي ما اعتقد الذي كان 50 هدف في 49 مباراه,surprise
منتخب مصر مشارك في 24 رياضه و 213 لاعب في 275 ايفنت في الاوليمبياد,none
رساله لمحبُوبي: اذا ماكُنت معي بتكُون بقلِبي.  بوح,love
من اسوا اللحظات اللي بتمر عليك كدكتور باي حاله هي ان دورك انه يتقال لاهل المتوفي والاصعب انهم يكونوا قرايبك 💔💔,sympathy
o:  تراجف ايديني من البرد وقول الله يكون بعون اخوننا ب  العراق و و  اليمن اللهم ان الكل خذلهم فانصرهم يارب 💔🙏🏻,sympathy
تغار وما تدري عيوُني ما تحب غيرها ما تدري اني ابيع الكل عشان ضحكتها ..💜😴  رتويت  رومنسي  جميل  رائع يبتي  غزل  شوق  ذوق,love
لو حصل و خرج هيبقي اكبر فشل في الاوليمبياد,fear
اول لاعب يحصل علي لقب قبل انطلاق المنافسات  حماده طلعت  عرص الاوليمبياد برافو يا حماده,anger
a z   معكم قلبا وغالباً,sympathy
اّلـموت’ مـلّوش سـنِ فـي‘ ثـواّنـي اّلـعزيـزِ بيـروح‘ و  ربـناّ هـوِ اّلـباقـي‘..,sadness
كانت تهرب مما تخاف وتبتعد عنه لابعد مدي ..ثم تكتشف انها لازالت خائفه.. فقد كانت تحمل ما تخاف منه.. في اعماقها!!,fear
الحب هو ان تري الف شخص ، و لا يروق لك الاّ هو ..,love
Madaniah: لقطات تشقعر لها الابدان.. لقطات من كاميرات المراقبه في مشفي حي الشعار بـ تظهر لحظه استهدافه بالصواريخ الفراغيه.. ht…,sympathy
الحلم اللي خايفه منه قاعده اشوفه يصير😶💔!!!,fear
واخدين المجد الاوليمبي بجديات اكتر من اللازم ..و هذا سبب تفوقهم في الاوليمبياد في اخر 3 دورات,none
حين يغمرك الحزن تامل قلبك من جديد..فستري انك في الحقيقه تبكي مما كان يوماً مصدر بهجتك..,sadness
:  الدولار هيودينا فين كنا بنقول ايام مرسي احنا رايحين في داهيه حمد الله ع السلامه يا شباب احنا وصلنا  الدولار فشخ الجنيه,anger
كل سنه وانتي طيبه  يامديره واحه الاسلام وربنا يزيدك نور ورفعه انتي والمنتدي بتاعك اتمني لكم كل الخيرات واارفعه علي الدوام,joy
الله معكم يا وحوش الارض,sympathy
الديحاني بدون العلم  حقق الذهبيه للكويت الرشيدي بدون العلم حقق البرونزيه  دكتوره احلام  بدون جنسيه  الاولي بالطب  ما اروع مواطنه الانجازات..,joy
انا خايفه,fear
ايه الحضري ده !!,surprise
انقسام الامه ع تويتر: هذا يقول سيسي ويشتم الاخوان، وذاك يقول مرسي ويسب دحلان، وهذي تقول بشار سوريا، وتلك تلعن روسيا وايران  ملحمه حلب الكبري,sadness
ودي اضمك لين اكسر ضلوعك ماهي لعانه لكن الشوق ذباح .  قصائد حب 😴💔,love
العراق ايران تستنزف الشباب العربي بخلق الفتن والتحريض والشحن الطائفي 2000 قتيل وجريح بالعراق خلال شهر تموز 2016م بسبب المد الطغيان الفارسي,anger
Heba 55: ما بيجيش من نظره ولا كلمه ... الحب بيجي بالاهتمام بالحنيه بالموده,love
انا خايفه اكمل باقي حياتي,fear
هل هذا معقول؟  video  هل  هذا  egypt  hotvideo  videos,surprise
الحُب ، هو مش مجرد اننا نتقبل عيوب و مشاكل التاني ... بل ان الاتنين ميشلوش و ميقفوش علي مشكله ، حتي تكون المشكله مش موجوده من الاساس.,love
صرت خايف لا تجيني لحظه يذبل فيها قلبي وكل اوراقي تموت💔,fear
خايفه اقولكم تصبحوا علي خير، نصحي علي مصيبه جديده,fear
احتفال الاوليمبياد الساعه كام يا جماعه,none
: هناك قلوب هلكت وهي تُمارس الحب سراً,love
ال3 اصفار اللي بقوا عندنا ف الاكونت دول هما نفسهم اللي كانوا عند مصر في الاوليمبياد الصبح؟,none
من سحر .. ان تري وجه من تحب هو الوجه الذي تضحك به الدنيا وتعبس ايضاً .,love
اظن بعد اداء البعثه المصريه في الاوليمبياد ده انا من حقي اسافر الاولمبياد الجايه انا كمان ..اشمعنا انا ؟,surprise
المصري خالد عصار X الكونغولي وانج جيانان تنس طاوله Bein 3  مصر في الاوليمبياد  ريو دي جانيرو 2016,none
: متضامنه ومتعاطفه ومصدّقه انّه سعد المجرّد بريء  سعد المجرد بريء,sympathy
: دائماً اشيائنا الجميله بالسر اجمل الا  الهلال فانا اجهر باني دوماً هلالي ويا ذا الجمال ????????,joy
كنت بائس من حياتي وحزين الساعه12 لكن دلوقتي متفال ومبسوط فشخ  سبحان مغير ا?حوال,joy
: فريق تطوعي يفاجيء اطفال سوريا المحاصرين بهدايا بالشوارع شاهد رده فعلهم وفرحتهم من اروع مارايت الله ينصرهم علي بشار,sympathy
ناس يشوفون نفسهم احسن منك ... واذا اثبت العكس لهم، قالوا انك تشوف نفسك !!!,surprise
لا حلو الافتتاح الصراحه 👏 تخيل لو اتعمل في مصر مثلا الاوليمبياد 😂😂😂😂,joy
جميل ذاك الامل الذي يجعلنا نشعر بان الله سوف يسعدنا عما قريب.,love
كل مغني طالع جديد بيعمل احسن ماعنده عشان يعجب الناس اول ما يتشهر ويزيطو عليه بيبقي خره لانه خلاص الناس عرفته,anger
تحيا مصر تحيا مصر تحيا مصر  لن نبيع شرف مصر  ان شاء الله الخير قادم والمستقبل لنا والارهاب والخونه الي زوال,love
لا يستقيمُ  الحُبّ الاّ علي ساقين .ساقُ  الاهتمام وساق الاحترام .اذا فُقِدَ احدهُما فهو  حُبٌ اعرج  والحبّ الاعرج لامكان له في  القلب !,love
حسام البدري احسن واحد يتفلسف ويضيع تعب الفريق كله ولا نسيته لما هزقتوه وطردتوه ولا نسيته تصفيات الاوليمبياد  زملكاوي,sadness
انا الوحيده الي خايفه من ذَا المقطع؟,fear
حبيت هههههههههههههههههههههههههههههههههههههههههههههههههههههههههههههههههههههههههههههههههههههههههههههههههههههههههههههههههه,joy
: اسوا شُعور ؛ هُو ان تگتشفَ بـَ انك وَسيله لـ ملئ فراغ احدهَم وَ لم يُحبك گمَا احببته .!,sadness
بجد هي دي احلي ايامنا اللي لما نعجز و شعرنا يشيب هنفتكرها !! لا يا جدعان متتضحكوش علينا,surprise
ساعه علي نهائي سباق ال 100 متر رجال كريزه الاوليمبياد,none
في حد غيري   يقدر يطلب يدها !!,surprise
وبعدين هما الاوليمبياد بياجلوا زيينا؟,surprise
ما هذا ؟ مثال ( عندما تمنح جائزه الملك فيصل رحمه الله لاي مبدع من غير المسلمين هل هذا يعني انه مسلم سلفي ؟ لماذا عقلك مغيب ؟,anger
طول مانتي جنبي.. بلاقيكي تملي وش السعد عليا حبيبه قلبي.. ومعاكي ناقصني ايه؟,joy
البوست اللي بيكتبه فيه شتيمه عن احمد زويل مش مدح,anger
طيب سؤال بجد لو انت راجع من الاوليمبياد بميداليه و قالولك انت هتقابل السيسي عشان هيكرمك و ده امر مش طلب هتعمل ايه,none
انا شوفت تقرير من مده لبعثه فرنسا المسافره الاوليمبياد كانوا هيلبسوا لاكوست,none
ما يمكن السعوديه داخله الاوليمبياد بنفرين,surprise
خايفه انام لاحلم نفس الحلم 😢,fear
تمكن اردوغان من تطهير جيش تركيا يعني ان اميركا ليس امامها الا توريطها في حرب يستنزف فيها هذا الجيش فخروج تركيا من عباءه امريكا خساره (منقول),fear
افضل شي العاب القوي في الاوليمبياد 😍,joy
اللهم اجعل حبك احب الي من الماء البارد علي الظما  يارب 💕,love
انا مشروخ مشروخ يا جمي,sadness
سعوديات نطالب باسقاط الولايه الانثي صارت تخاف علي نفسها من اقرب الناس لها لازم يسقطو الولايه ويحطو قوانين تحميها,anger
helwa رائعه,joy
اعتقد اصعب حاجه بالنسبه لاي بنت في الاوليمبياد انهم بيقولوا وزنها,none
وانا خايفه يطول المرض لان حالتنا معها مرا صعبه وصارت اعصابي م تمسك بعضها,fear
مع كل جنيه بيزيد في سعر الدولار...المعادله بتغلي من 10 ل 15 الف... ده اللي قالقني... احتمال كبير نتحبس في مصر  في الاخر ????????????????,anger
انت معلم واحنا منك نتعلم &lt بصوت سعد المجرد ????????????,love
: ابطااااال الحد الجنوبي الله يحماكم وينصركم ويسدد رميكم يااسووود الحد الجنوبي انا معكم بدمي انتم درع المملكه انتم فخر وعز 👍👍,sympathy
الواحد ساعات بيسرح ويتخيل.. بس عمرنا فعلًا ما هنتخيل احساس اهل عُمر وهما داخلين في اليوم الـ14 ومايعرفوش عنه حاجه. ربنا يصبرهم,sympathy
الاتحاد استغرب من بعض جمهور الاتحاد اللي يتكلمون علي عدم اكتمال اجانب الاتحاد وبان هذا يضر الفريق الا يعلمون بان الهلال باقي له اجنبيين,anger
:  خطاكم السوء يا اهل السعوديه حنا معكم دائما وابدا انتم اهلنا واخواننا ارواحنا لكم فداء ... كويتي واحب السعوديه ❤,sympathy
صبري رحيل بيحاول يعمل اي حاجه عشان هينافس علي معلول علي مركزه، طب ما كان من الاول !!,anger
بناء علي فكره بيع الجنسيه المصريه ورفع علم السعوديه ف الاوليمبياد ليه ما نعملش مساحه في العلم تبقي sponsered و المعلن يحط فيها للي هو عايزه؟,none
خايفه عليكم😔,fear
بكرا عندنا اكبر مشاركه في الاوليمبياد بتاع 15 مشاركه للاعيبه المصريين,none
01 خايفه عليكم,fear
دا احنا مفشوخين في الاوليمبياد 😂😂,sadness
هو مش اللعب مع واحد اسرائيلي ف الاوليمبياد ده يعتبر تطبيع ولا ايه يا اخوانا,surprise
عن الشخص اللي بيبقي نفسك تفضل تتكلم معاه 24 ساعه في اليوم .,joy
حاجه بستفز منها التجمل !,anger
قطر داخله الاوليمبياد ب 25 رياضي يعني فرصه اللي عاوز يسرق قطر البلد كلها في البرازيل 😂  البرازيل,none
الف مره خنتني .. ودعتني .. خااااب ظن الشوق بك ! صاابه !!,sadness
نيجيريا الاول علي الجزائر. متعاطف مع الجزائر اتمني يفوزون ويتاهلون .,sympathy
: تبتسم فيفوح عطر قلبك ويضحك الياسمين لظلك تنتشي الروح لذكرك  قروب خالد للرتويت  قروب شعله الامل,love
اكثر فريق يتمسخر في السعوديه الاتحاد مساكين يلقوها من الاهلي ولا النصر قصدي الفريدي ولا من الهلال????????????????????,anger
حلوه الوحده اوي والهدؤ,joy
ممدوح المنسدح يقذف فتاه. لازم يتربي ومارح يتربي الا اذا انسجن,anger
مش مظبوط,sadness
بعد الاوليمبياد ده غالبا احنا اللي هيتقالنا ع المطبخ,fear
مصر رقم واحد في المركز الخامس في الاوليمبياد 😀😀,none
احبك حبين الهوي وحبا لانك اهل لذاك فاما. الذي هو حب الهوي ف شغلي بذكرك عما سواك 👐,love
من دفئها ضل السرير يغار استوحشت اناملي واضافري غاصت بخصرٍ من ثمار وتوطنت شفتاي من بعد ابتداءٍ ترتشف شهقاتها كلما زاد الثوار اكليل ورد رحيقها,joy
امريكا معاهم 3 لاعيبه جامدين في الثلاثيات .. كلاي ودورانت وكايري وخط الثلاثيات في الاوليمبياد اقرب للسله كمان :D,none
اللهم اسكب في جسدها نهراً من الراحه يسري في اوردتها ربي اشفها والبسها ثوب الصحه والعافيه واشفي كل مريض يتالم..  منال حمد السيف ????.,sympathy
hmod: شباب اليهود يقتحمون مسجد الاقصي في قوه السلاح ؛ اين التحالف العربي ؟ نعتذر هؤلاء ليسوا     مسلمين     حتي ينتفضوا الرعاع !,sadness
اليسا النجمه الاولي عربياً علي انغامي لعام 2014 وكليبها “حب كل حياتي” يحقق اكثر من 3 مليون مشاهده!,joy
بصراحه انا حاسس انه اتظلم وتلاقيه بيتمني لو مرحش الاوليمبياد من اصله,sadness
صدقه جاريه محمد راشد المري  اللهم اغفر له  سبحان الله وبحمده تلاوه عذبه اللهم تقبل انك سميع الدعاء,sympathy
5nSa الثاني مخيف ! تقليل من حلقات القران !! يارب سترك,fear
:   نصف السِعاده تجدها في روٌح تفهمك والنِصف اﻷخر في قلبًا  لن يتغير علَيك .  امير,love
مصر ترتيبها ال65 في الاوليمبياد .. قدرنا وبكل فخر وقوه اننا نجيب ميداليتين و برونزيتين كمان ياريت نسجد سجده شكر يجماعه.. فيه امل,joy
احنا مش ضد قطر تحديدًا! مافيش شيء في الدنيا يعيبها كدوله، احنا ضد اي دوله تعتمد علي التجنيس ف منافسه الاوليمبياد,sadness
al otaibi: وهذا  الحُب اغرقني اشتياقاً .. فمن في حُب  مكَه قد يُلامْ؟ ❤   صُدفه رائعه والتقاطه جميله للمصور احمد حاضر.,love
14 انا متعاطفه معه بس ابي فرقاه,sympathy
كل التوفيق للغالي سلطان العنزي   موفق يا بعدي,love
♩♡ بين حُب وبين اشواق و شفت صورهماضي العمروضياه كل ما قالولي :راحوا الطيبين ! قلت يبقي ذكرهم عطر الحياه,love
ماتت الڤيزياء والكيمياء وانتحرت الاحياء وبكي نيوتن وطلع من قبره اينشتاين. الله يخرب بيتك يا السيسي كرهتني في الدراسه,sadness
فتره  التلميحات الي قبل الحب دي احلي من نفسو... !! واخدالي بالك ❤,love
حماده طلعت حد يشوفلنا ابن الو**ه ده منين او راجع امتي علشان محتاج يتزف زفه بلدي  عرص الاوليمبياد,anger
خايف اروح الكليه الدكتور مياخدش غياب اكون رحت علي الفاضي 😂😂,fear
: في مشهد تخر له جبابره القلوب امراه في حي الشعار بـ تبكي زوجها و ابناءها استشهدوا بفعل قصف نظام الاسد و الاحتلال الروسي htt…,sympathy
: كنت اتصور ان يمكن ان يكون  صديقاً 😞 لكنني لم اكن اتصور ان الحزن يمكن ان يكون  وطناً 😞😞,sadness
عنلابوام الجنتله يا عم ..,anger
Daehyun كيف تقدر تكون بهالجمال؟؟؟؟ مش معقووول,surprise
مؤثر دموع وصرخات امراه تبكي علي زوجها الذي استشهد اثر غاره جويه علي احياء مدينه .  تباد بسكوت العرب  سوريا…,sympathy
:  رساله لجندي عراقي نحن معكم كلنا خلفكم ندعوا لكم بنصر والثبات لتحرير الارض والانسان من الظلم وخوارج العصر المارقيين,sympathy
المفروض يدخلوا شغل البيت ف الاوليمبياد وهنلم منجم دهب والله هلكاااااااااااانه😢,none
ما هو العشري تربيه جوزيه بقي   يلا دوري,joy
تسريح العسكريين البدون ليس فقط العسكريين البدون ايضاً المعلمين البدون تم تسريحهم وغيرهم الكثير كان الله في عونهم شيء موجع💔,sympathy
لا تقسو عليهم :  اليتيم المسكين الفقير,sympathy
اللي يكذب يروح الاوليمبياد  حماده طلعت,none
مانا لسه سايبه في صدي البلد بيهرتل . ايه اللي خلاه يجيب جولين في برشلونه دلواتي ؟,anger
badi: لكم يا اهلنا في  داريا وفي  حمص وفي كلها,sympathy
ما جمعه الاسلام لن تفرقه السياسه   الجزائر  المغرب  اخوه  دين واحد  لغه واحد  تاريخ واحد   احبكي ياجزائر,anger
يابن اللعيبه يا جوووووووووووووووو : D,joy
سالوا قيس : عن سبب حبه لـِ ليلي وهي ليست جميله ! فقال : ومن منكم يري ليلي بعين قيس ؟  الحب ارواح   خواطر  الشرقيه,love
اثق بان  عناقك ، اشبه بامتلاك الدنيا كلها في  لحظه 😍,love
فجاه كلهم يحبون السوشي 🙂,surprise
النظام الحاكم في ايران حاله حال الانظمه العربيه البائسه اصنام فالسلطه لاديمقراطيه لاحريه لاتقدم مال وثروات وشهوات وحروب المواطن مستثني..,anger
انت تقول مجوسي لعنه الله علي ايران والمجوس وكل اتباعهم من الاولين والاخرين 0ولعنه الله عليك يا راعي فضائح الفاسقه يا نتنن وديوث,anger
:  ماجد الصباح في عمان  ماشاء الله صحه يارب، شكل الفواكهه بتجنن والطعم ????؛ ارضك ارض طيبه ياعمان,love
في بعض الظروف تكون غريب الاطوار ... ولا يفهمك احد ... ويظنوك منطاوي ... فالحقيقه لا !,surprise
بس لا والله اكيد انا فاهمه غلط,surprise
مودي حبيبي الي مكانش بيروح تمرين السباحه عشان المياه ساقعه الصبح بيهاجم الي وصلوا الاوليمبياد عشان مجابوش ميديليات ولازم نسمعه طبعاً,none
الله يرحمه عسا الله يرحم شايبن كاسب الناموس,sympathy
فاضي لدرجه بتفرج ع الاوليمبياد :D,joy
علي جبر ،خطاك عمره ما قل منك ف نظري  بالعكس كنت بدافع عنك قدام الناس كلها و كنت ع ثقه انك هتخرس كل لسان فكر يتريق او تطاول عليك,anger
العالم مكانٌ مخيف لاولئك الذين يقعون بحب الناس بسرعه.,fear
ده هما الغلط ذاته,anger
ليش بس نمرض وتصير الحراره 41 بيجي تيزورنا هيدا يلي بسمو دوار برد او نزله برد طالما نحنا ما بعود فينا لا نطلع ولا ندور موت سلامتي انا,surprise
لهذا استرجع الشريط حتي تكون منصفا وقد وثقت قناه المنار ذلك بالتواريخ وشعارات المظاهرات التي تتهدد العلوين بالذبح ونصر الله بالقتل,anger
ar نايم مع امك مجاهده النكاح يا ابن السايبه تفوووو عليك وعلي الخنزير سلمان وعلي ابنه محمد حشيشه وعلي كل سلتوح مثلك,anger
e5552000 علي فكره الناس مش معترضه علي البنزين انما خايفه ان الحكومه مش حتسيطر علي زياده اسعار من التجار الجشعين والتجربه اثبتت عجزها,fear
: هي اصلا لاتمثلني بكبرها لابعد الكاريكاتير ولا قبله ????   كاريكاتير الرياض لايمثلني,anger
منمتش تقريبا غير 5 ساعات :(,sadness
ا رجوا من كل الاتحادات التي اخفقت في الاوليمبياد ان تقدم كشف حساب للجنه الاوليمبيه المصريه وارجوا من وزير الرياضه تشكيل لجنه لمحاسبه الفشله,none
الناس خايفه ع نفسها من الحسد,fear
ايه الحك ده !!,surprise
لا خالص انا الكنت بضحك .. صباح الفل,joy
عن الفرحه مع رفع علم الاوليمبياد في حفل الافتتاح..و  عن الدموع مع نزوله يوم حفل الختام,none
براءه الاطفال في تغتالها الغارات الجويه..,sympathy
: .. هو ارتياح قلب لـ وجود قلب,love
لا غالـب الا اللـه...  مبروك فك حصار حلب,joy
يااارب رحمتك  معين   يشعر بـالمرض,sadness
الشيخ حمد حارق قلوب الاخونجيه الله يوفقه لكل خير . اسمع عويل الاخونجيه وصراخهم هنا لتعرف ان اسطورتهم انتهت.  العتيق يشبه الدعاه باليهود,anger
الصدمه : من اقرب الناس ؟!  تصنع شخص: فارغ من الداخل,surprise
و انا مرعوبه وربنااا 😂,fear
تعلمت من الاوليمبياد انه البحريني في تويتر مع المواطن و ضد التجنيس الرياضي و في الانستقرام ضد المواطن و مع التجنيس 😂  شسالفه خوي  تيري ميري,none
الكل ياكل الكل! الدوله ضد الشعب! اجهزه الدوله ضد بعضها البعض! الشعب ضد بعضه البعض!  دوامه الطغيان  عسف,sadness
العرض الذي قدم حول نموذج النمو الجديد المزعوم تميز بصمت مقلق حول المحتوي والاليات والاهداف الواضحه القابله...,fear
ياريت نيچيريا تطلع من الاوليمبياد و اچاي يجي بقي ونشوف هيعمل ايه عشان التوتو وابو عشره مليون مش نافعين خالص والله.,none
احمد الاحمر اوحش لاعب في الاوليمبياد ... اخره تضخيم الناس والله,sadness
الحب ؛ ان تثق بي .. الحب ؛ ان ترتاح لي .. الحب ؛ ان تشتاق لـ سماع صوتي .. الحب ؛ تُحس…,love
انا من كتر الانشغال حاسس ان في وقت اجازتي كائن غريب في بيتي بتعرف علي الاسره من اول وجديد,sadness
كان الله في عون اهلنا في العراق  البعض يتحاشي حتي التعاطف معهم خوفاً من دعشنته مهزله ما بعدها مهزله !!,sympathy
العاطفه التي في قلبي ، اليس من الاجدر ان تكون متعاطفه معي قبل غيري .....؟؟,sympathy
صـَديقـه عـُمري، انتِ عُمري ...  رباب الكبم  قهوه السابعه  كوب لشخصين,love
وقلبي نبضه صوت نبضك..,joy
حفل افتتاح مُبهج فشخ من اول دقيقه فيه لغايه دلوقت.. من احلي حفلات افتتاح الاوليمبياد اللي وعيت عليها,joy
:    چبدي معورني من الجهل بس واقع وتغييره يبدي بالوعي والوعي مخاض عسير.... يعني شكم جيل يلله نبدي نصحي او لا نستم…,anger
مينفعش ننكر دور السيد الرئيس و جيش مصر في الفوز ب ميداليتين في الاوليمبياد طبعا و يالمناشيه دي نزود معاشات العسكريين و القضاه بقي,none
الاوليمبياد دي مصدر نكد و كابه للواحد,sadness
فاذا وقفت امام حسنك صامتاً فالصمت في حرم الجمال جمال كلماتنا في تقتل حبّنا ان الحروف تموت حين تُقال,love
هو ليه رجع وهو عايش، كان المفروض يستني اما يموت وهو يرجع البلد معزز مكرم .. بلدنا مش بتفتكر الناس غير لما يموتوا    ادعم دكتور محمد امام,anger
حاجه عن الاوليمبياد 😂,none
2016 قربت تنتهي وانا لاـ  ايفون7 ولاـ  نوت5 ولاـ  m10 ولاـ  سفر ولاـ  هديه ولاـ  مفاجاه ولا حتي ـ  عروسه ليه ؟؟؟ داعش انا ؟؟؟؟؟؟؟؟!!!!!!,surprise
الجزائر في الكوره في الاوليمبياد واقعه في اصعب مجموعه.. معاها ارجنتين و برتغال..,none
:  يارب ارحم ما في الارض يارب فاهل هم يتعزبون و العرب يتفرجون يارب 😢,sympathy
عبد الله متقل في الاكل !! !,surprise
السباح السعودي احمد جبريل حصل علي المركز 47 في الاوليمبياد من اصل 47 مشارك الحمد انه ما غرقش : D,none
حنكتك في الاوليمبياد وصلت مستويات لم نسجلها من قبل 👏👏,none
a:  السعوديه الثالثه في السمنه  جيبو لنا علوم زينه سلط الله عليكم ????,anger
moi  سلطنه عمان اقليم محكوم من الخارج وهم مسيرين  وليسوا بمخيرين  ولكن شعب عمان شعب محبوب وكريم وذو اخﻻق جميله,joy
صوتك قصائد عشق تطرب روحي   نبضي,love
va94: شعور الفرحه اللي م بعدها فرحه لما تشوفي صديقه قلبك عروسَ،حبيبه قلبي الله يتمم لها علي خير????????????.,joy
اول مابسافر في اي حته بحس ان روحي اتسحبت مني  سافري انتي بس ماتقلقيش. ????????????,sadness
بحار شايف زورق مهاجرين بيغرق في البحر بيصورهم بيموتو 10 دقايق ولا فكر يساعدهم .. ولكن عذاب الله شديد  بؤس  عرب,sadness
في 10 دقايق ابو القاسم والقماش يخرجوا من الاوليمبياد :(  rio2016,sadness
اقسم بالله ضحكته مسخره بتفصلني ضحك مش قادره امسك نفسي وربنا يا يونس ????????  كلام معلمين الاربع   Youness    Youness,joy
:  كلنا ضد مريم بيفور63 اي سعودي بيشتم سعوديات اعرفوا انه مزور وانكشفت العابهم ولاتردون عليه احقروه ولاكانكم تشوفونه htt…,anger
اليوم انا اسعد انسان مشتيش احد يزعجني ماناش مصدق الي الان انه يقول يعشقني ،،  طفش  غزل  انثي,love
احضانك وطننَ بلا ضجيج. بوح فضيل  بوح  بوحي  ابداعي  السعوديه  حساب راقي  كاان نفسي  خلك ذيبان  كاان نفسي  الهلال  تابعني اتابعك  روعه,love
خايفه مني,fear
:  اسولف بگلبي واگول احنه شعب قشمر ياهو لجان نصدق بي ودليل هذا وزير دفاع كل الادله تثبت تورط وياهم وليقولي لا اكول سنتين ساكت…,anger
هو في لاعب مصري رفع علم السعوديه في بعثه الاوليمبياد؟ ايه العبث ده؟؟  مصر  rio2016,surprise
لا اكتفي بقول احِبكِ فقط ف عيانكِ حب وصوتك حب اخر وكلكِ وجميعُ ما فيكِ حُب لذا ساستغني عن صيغه الفرد واحبكِ بشعور الجميع والجمع.,love
???????????? لازم نستغل الاجازه صح يا وفاء ولا ناويه تقضي نصها نوم ????,anger
اب لــِ طفل مُقعد صمم منحوته لقبر ابنه المُتوفي ، ليصوّر ان ابنه تحرر من هذا الكرسي وصعد الي السماء.*  مؤثره,sympathy
:   Alamer يامرحبامرحب يخص المير  في ارض العرب ذي صحبته مكسب ولقيانه بشاره غاليهيا من كتب في القلب عنوانه ورقمه والل…,joy
يعني الصين تطلع بالاوناش دي في الاوليمبياد ويصدرولنا احنا شواحن مضروبه؟ لعنه الله علي الشيوعيه.,anger
✽ خذاك الموت ليت الموت لو ليله بعد خلّاك ياربي ، بس ابي ليله معاه اودّعه فيها .  جرح  بوح  غياب,sadness
كيف سيكون رد فعلك اذا رايت احدهم يضرب طفلا في الشارع ؟  الصدمه,surprise
: القرضاوي يفتي لحماس بجواز قتل المسلمين المعتصمين بمسجد بن تيميه الذين طلبو من حماس تطبيق الشريعه في الحكم,anger
: اعوذ بالله مريم يعني تتواصل مع الشيميل اي شي يغضب الله انتي بالمقدمه اللهم عليك بها انها لاتعجزك عاجلا غير اجلا مقرفه  كلنا…,anger
ابراهيم عيسي: مصر اللي اد الدنيا صغرتوها قوي في الاوليمبياد بالبرونزيتين وعنجهيه لاعب الجودو الرافض مصافحه الاسرائيلي الذي غلبه 100/ 0,sadness
aljaber   red انا عندي صداع رهيييييب ده اللي مبوظ مودي,sadness
ربنا يحميهم هما الاتنين يونس و القمر سدره ربنا يحفظهم,sympathy
: ياشين حال اللي يحبون بسكات من زود صادق حبهم مايقولون يتابعون احبابهم كل الاوقـات وعلي اثرهم كل ساعه يموتــون,love
راضتني الحياهـ لما اهدتني ، شخص حلي ايام عمري 💋❤️  سالخير,love
مبروووك اول 3 نقاط ❤️❤️ اول مباراه واداء مقبول ، مع انسجام مختاريان وبوجبا باذن الله نشوف يونايتد يسر الناظرين ????❤️,joy
عاجل .. طرد الاعب المصري للجودو من الاوليمبياد,none
حفل افتتاح الاوليمبياد ريو دي جانيرو 🎉🎉,joy
يـوجعنـي قـلـبي،لمـا اتمـسك بانسان وانـا خايـفه يتـركنـي،تـوجعنـي فكـره ان النـاس كلهـم مـؤقتـين ومجـرد عـابريـن.💔,fear
سعادتك انا روحت الجامعه اول يوم و رجعت نمت شويه و صحيت لقيتهم نزلوا جدول الميدتيرم! 😂😂😂😂😂😂😂😂😂😂😂😂😂  الصدمه ✋😅,surprise
يا  خســاره بتيجـي الحاجه لما الواحد ميعوزهااش .! 😕,sadness
فنوحه احسك؟خايفه من شي بصير,fear
ربنا يصبرهم ويفرح قلوبهم بنصر قريب  ال البلتاجي  البلتاجي ايقونه ثوره,sympathy
: وحين نري ع مراي اعيننا ماذا يفعله من يرتدون بدله رجال الامن وطائفيه امير الشرقيه والدعم الكامل بصمته واخوه فاننا نعارض  استد…,anger
مش كنت روحت الاوليمبياد ودخلت سباق ال 100 متر وضمنت لمصر ميداليه يا نجم :)  EGY,none
: اقبال كثيف من جمهور  النصر الله عليكم ياجماهير الشمس  في كل مكان مشرفينا بحضوركم  وتفاعلكم مع النصر جمهور عاشق  ????????????????,joy
: السيد  الصرخي: نحن نملك الرجال الحديديون بالاضافه للعلم والاخلاق  نحن نضطر الان نقحم بعض الافكار هنا من باقي خطوط... h…,joy
44   يااارب ان شاء الله ربي يوفقهم,sympathy
؟؟ يعني كده خلاص بودي انتهي ومفيش معجبات هتقولهاله تاني ؟,surprise
يمهه بموت خايفه 🙂😭💔💔.,fear
ضعي ما تشائين من مساحيق التجميل فانا اتلذذ في ازالتها,love
خايفه اقوله عن شعوري واخسره 😔💜.,fear
بنات مصر اللي لعبوا في الاوليمبياد اللي كسبوا واللي ما كسبوش من اصغر لاكبر واحده يشرفوا ويفرحوا فخورين بيكم يا اجدع بنات  Egy  Rio2016,joy
اللهم اني خائفه من امور انت اعلم بها فاجعل الطمانينه تسري بجسدي واتم اموري بتوفيقك لي وكن معي ياحي ياقيوم.❤️,fear
النفسيه محتاجه قاعده قدام شط البحر وشيشه عنب و ام كلثوم لسه فاكر يااااااه علي الدماغ,joy
مش بعيده لان الاخوان هم من ورطو السعوديه بهذي الحرب الخاسره  وتريد الانتقام منهم علي خصومهم,anger
مشكله اااي  بت انها عايزه الواد  يهتم بيها ال24 ساعه حتي وهو  نايم  الرحمه حلوه,anger
كده معانا ذهبيه و فضيتين و 2 نهائي متتالي و غيرنا مشافش نهائي الاوليمبياد,none
تحيا للام  المثاليه 👧 بس  المفاجاه انها  رقاصه😂💃,surprise
Jaleel: اذا عانقَ كفُّكِ الصَّغيرُ كَفِّــي.. عَرفتُ مِعْني ان تُقبضَ الاكوانُ جَميعها، فـــي قَبضهٍ واحده..! .. ْ,love
ان ترّي فِي طريقِكـ .. الفُ شَخص ولا يرُوق لكْـ  الا مَن  احبَبتْ  هذا هو  الحُب…,love
ابداً مُش معقول!!!.,surprise
وبناء عليه اثبت ابناء المؤسسه العسكريه تفوقهم علي ابناء مصر في الاوليمبياد،نرجو ان مصرما تحاولش تستولي علي انتصارات المؤسسه العسكريه,none
: ،، صبااحي يقتضي وجودگ .. °° گي اشعر بروعته °° صَبااحِي انت،،  صباح  شوق  …,love
انا فعلا والله خايفه يتكرر الموضوع.,fear
jory: اقتلهم بنجاحك وادفنهم بضحكتك  كلنا معاك ربنا يحفظك ويجبر بخاطرك وتعيش وتبني ياحبيب المصريين  اثق في رئيسي  تحيا مصر,joy
اذاكر اللي انا مش فاهماه ازاي بس؟,surprise
الشركه اللي مصممه ملابس الوفد المصري مزوده فرق تانيه كتير بالملابس في الاوليمبياد.. مش احنا بس زي ما البعض مصور,none
انتي اصلا خايفه مني,fear
انا حاضر لعينيك,joy
مبادره الاصلاح... هذا طريق الاصلاح   قواكم الله، ونعم المبادره ونعم البشر، قلوبنا وارواحنا معكم، بالتوفيق والسداد❤️,sympathy
قطر داخله الاوليمبياد ب 25 لاعب، اللي عايز يسرق قطر يستغل الفرصه دي البلد كلها في البرازيل,none
الاوليمبياد امريكا .. بالسرعه الصين.. بالتكنيك مصر.. بالحب بالحب بالحب󾌰,none
ايمن حفني: اصل محمد صلاح دا بالنسبالي ترامادول???????? لما بيبقي مدير فني ببقي فشيخ  باصي لعفيفي,love
Mosul ربي يحفظكم وينصركم يا ابطال :  قلوبنا معكم وعين الله ترعاكم ۞﷽ حصنتهم بمدينه سورها لا اله الا الله وسقفها محمد رسول الله,sympathy
الحمد لله ^^ مستنيه الامتحانات تيجي عشان الاجازه بقي :D,joy
شجعوا فريده عثمان يا جماعه، حققت تاني احسن رقم فالتاريخ و ان شاء الله حتنافس علي ميداليه في الاوليمبياد,none
منع الاكياس البلاستيكيه في السعوديه مبلمرات  اقل مايمكن قوله انها تسهم في تلوث البيئه ولايمكن التخلص منها بسهوله وحرقها يؤدي الي التلوث .,anger
H ههههههههههههههههههههههههههههههههههههههههههه,joy
15: ي الله لا هز الجسد سكره الموت     ترحم ضعيف جاك تقطر ذنوبه,fear
مش وقت جونيور اجاي خالص ،، الراجل رايح الاوليمبياد مع نيجيريا يعني شهر كامل مش موجود,none
:  مطار دبي اللهم احفظ الامارات و اهلها من كل شر و سوء، اللهم و ارزقهم الخير كله، اللهم لك الحمد و الشكر و الفضل و المنّه,joy
مرعوبه من فكره ان الوقت يسرقنا من بعض قبل ما اعرفكم انا اد ايه بحبكم،لازم احبكم الحُب اللي تستحقوه❤,fear
عايز اخش اسال واحده علي حاجه في المنهج بس خايف تفتكرني حكاك,fear
خايفه.,fear
بتهديد الرجال بعدم المشاركه في الاوليمبياد لعدم السماح للنساء بالمشاركه 😆 يعني مدخلينهن بدون تدريب كبش فداء علشان الرجال يشاركون,none
اصغر طالب سنا ف تاريخ ستاراك ياخد اللقب  محمد شاهين   ليث المصري السادس   كنزه حبيبه المصريين,joy
: ما اجملك يابلادي يارب امنن علي  اليمن بالامن والامان والراحه والاستقرار مُنيتي امشي في هذا الطريق الممتد بالخضره????,joy
نعم الحب يتكرر لكن تعلقك في حب سابق هو السبب في عدم تكرار في حياتك . فمجرد ان تفتح قلبك مرهً اخري تجد الحب يتجدد فيه لحب اخر ..,love
الاوليمبياد جميله بجد <3 go egypt,joy
جمهور الاندلس مرعب مرعب مرعب يارب لا تردهم خايبين,fear
افتي واحنا هنصدق انا هسافر احضر الاوليمبياد في البرازيل,none
بالجد يعني متضامنه مع اي بت المجتمع مكرها و ضاغط عليها عشان ما عرست و معذبها بالسؤال البايخ  اها مافي حاجه كدا ولا كدا؟  😒,sympathy
الخوف بالف نصل      كل نصل ينغرس في حلم قادم      فتسود حاله نزف لكل الاحلام      ويسود البحث عن ذره امان   وامنهم من خوف,sadness
اكونت رائع لمتابعه المصريين في الاوليمبياد,none
اخاطب الشيب وافاني علي صغر.. عجلت ام عادني همي علي عجل؟! هذا البياض الذي في مفرقي لغه.. قرات فيها فصول الياس والامل.. احدث الليل,sadness
المفروض الشطرنج تدخل ف الاوليمبياد,none
Al3oukli انا مش خايفه الا بعد التاخير هذا كله نمتحنو في رمضان😭,fear
اهبل !!  انتبتلعب في عداد عمرك يا عبهادي  بس انا برده منور  :D,anger
هو الانتقادات اللي متوجهه للبرازيل علشان بتنظم الاوليمبياد و هي بلد فيها فقر نفهم منها ان الرياضه بقت حكر عالدول الغنيه,surprise
اجـمل  حُــبْ هو الذي يكون  بٓــين العبد و ربه😇,love
فجاه يدخل منزلك كتله  نار!! وتسمع صراخ الاطفال وعويل النساء وصيحات الرجال جراء الحرائق التي تلتهمك في  دوما…,surprise
اللهم لطفك باطفال المسلمين في و  بورما  تراجف ايديني من البرد وقول,sympathy
احب اشوف الغطس في الاوليمبياد رياضتي المفضله 😉,joy
: دايما عندي خوف من اني اكون تقيله علي حد و ده بيخلينا ببعد عن اي حد مجرد ما احس اني مش مرغوبه,fear
2080 الله يسعد قلبك يارررب 😭انا قد قالو لي ماتقدرين تختبرين اكثر من 3 مرات ومن بعدها وانا خايفه,fear
علي ان مصر اخدت ميداليه ذهبيه في الاوليمبياد هههههههههه موت يا حمار تتمني تصحي علي ايه,none
833   و احنا معكم و نساندكم و لن نتخلي عنكم ابدا ابدا,sympathy
يارتني ما فتحت الواتس .. جو عشق ممنوع مفيش مرعاه لاحساسك ولا لحبك :3,joy
بره التنس والكوره ولقب ال nba للعيبه امريكا الاوليمبياد هي اهم حاجه لاي رياضي,none
يعني الواحد يغني كم مقطع ينكبون عليه المعجبات؟؟؟ !!!!,surprise
: احساس صعب اوي ان الواحد يعيش و هو خايف من بكره.,fear
انا كنت عايش ف اسكندريه واعرف ان بنت اسكندريه جريئه  ومن الاخر لبط  لكن واحده تتخطف وسط البشر .غريبه  فعلا.,fear
قولوا الكلمه بسرعه في السر اهو تبقي اتقالت و خلاص,fear
هو في ايه هي كل البنات بتحلو كدا ليه 😂😂😂,surprise
علي الصقفه كله يرقص علي الصقفه كله يرقص  زماااااااااااااااااااااااااالك,joy
المشكله مش بس في لهل تقيل الدم المشكله بيلي بيحضرو و بيستهضمو كمان 😩 😐,surprise
بس انا كنت بحب المدرس بتاعها فلذلك حبتها,joy
وش خطتك للاجازه اصبحتم لا تريدون المدارس والجامعات والعمل تترقبون كُل اجازه ثم تسالون انفسكم لماذا تعليمنا ضعيف؟ امزح معكم باقي يومين.,sympathy
al9dee8: يارب بشره بما لا عين رات ولا اذن سمعت ولا خطر علي قلب بشر اللهم ارحمه واغفرله  اللهم انك عفوا تحب العفو فاعف عنه   سعود الف…,joy
gosh   3adas   اذا هاجموا الرجال ايضا عندها ساكون اول من يقف معكم,sympathy
الاوليمبياد هتبدا خلاص اهو :DDD,joy
:   سنه حلوه ياجميل????????❤️❤️❤️,love
الله يوفقهم لما فيه الخير للاسلام والمسلمين,sympathy
ربي يوفقك يا بوشرزه و مبروك مقدماً باذن الله و كفو تستاهل كل خير و معاك قلباً و ً ❤️❤️❤️,sympathy
بقيت قليله ذوق خالص واحده بتقولي ممكن انقل منك حل الشيت بكل بجاحه قولتلها لا !!,surprise
علي جنب كده، لبس فرنسا هو الاشيك في الاوليمبياد,none
:  كارثه خطف بنات اسكندريه الداخليه مش فاضيه بتقبض علي طفل بيبيع عسليه عشان ميمدش ايده ويشحت,anger
هل تؤيد الدعوات المطالبه باستبعاد حماده طلعت من الاوليمبياد بسبب رفعه العلم السعودي؟  رجعوا حماده  اولمبياد ريو 2016,none
مصر بره الاوليمبياد رسميا !! يلا علي بيتك انت وهو,surprise
الاوليمبياد مزفته التايملاين,anger
مبرووووووك هدايه ملاك تفوز باول برونزيه في تاريخ التاكوندو المصري في الاوليمبياد. كانت تستحق الذهب.,joy
لما واحد ملوش لازمه زي تامر امين شخصيه قذره يطلع يتريق ع الرياضيين بتوعنا اللي في الاوليمبياد يبقي مصر جابت اخرها. مين انت عشان تتريق عليهم!,anger
احنا ملتزمين الصمت اهو وقاعدين نتفرج علي الاوليمبياد لحد ما الماتش يخلص 😇😎😂😂😂,none
للمكان ذكري تُسعد القلب 💗🍁  فرنسا  باريس  سياحه  اوروبا  سعاده  تفاؤل  ايجابيه  طبيعه  جمال…,love
كنت خايف كانو هيحفلو علينا جامد والله 😂😂,fear
MATHORA: قال اﻹمام البغوي رحمه الله : قال بن عطاء رحمه الله :     لا يسمع سوره يوسف عليه السلام محزون الا استراح اليها ..,none
السباحه المصريه واضح انها احسن حاجه ف الاوليمبياد,none
ابن اخويا بطل جمهوريه وبطل عرب والمفروض لو قدر يحافظ علي نفسه هيخش الاوليمبياد الجايه ده بجد مش بهزر,joy
التحكيم يساند الهلال الله ف اسيا ان ظلمنا من الحكم ع الكاس وف دوري التحكيم ساندت النصر والاهلي ويوم جات ع الهلال عرفتوو ان التحكيم ساند????????,anger
3G لا مدحك بيقدم قطر ولا ذمك اخر قطر  ( القافله تسير والكلاب تنبح ) كمل نباحك عشان تزيد دراهمك ????,anger
قاتلكم الله ياوعاظ السلاطين بكم زاد بلاء الاسلام وسفكت دماء المسلمين العريفي يهنئ بالعيش الرغيد ويحث ع قتل المسلمين,anger
حادث مريع يحصد 6 ارواح بطريق الدمام     اليكم تفاصيل الحادث,sadness
اه التييييييت بس احنا سرقنا صور كتييييير  هطلع عليهم النكد كله,sadness
اف والله احسني خايفه اكثر من هيتاي : (,fear
الغلطه بتعملها في لحظه لاكن  بتندم عليها سنين فكر في كل فعل بتعمله لانه ممكن يخلي شخص من جواه 😪,sadness
يانعمِه حياتي الحُلوه يارضَي قلبي بقُربك.❤  رمزيات  رمزيات سارا  صور كيوت  اقتباسات  رمزيات كيوت  غرد بصوره…,love
استاذ ناصر تحياتي الطيبه لك  لا يصح لمن هو في مثل مكانتك ان يتبني مثل هذا الفكر يكفيك منه ان (تُسب او والديك) من شخص جاهل متعصب,sympathy
محمد جميل: نظام السيسي وبشار الاسد هم منظمات ارهابيه ويجب محاكمتهم!  قناه الشرق Watch Elsharq TV channel live stre…,anger
مثير وبالصور.. خديجه التي حصلت علي العفو قتلت زوجها رفقه خليلها قبل 22 سنه بغابه سندباد…,surprise
والمشاهد الي عندنا دي متقلش خالص عن وجع المشاهد هناك.حالنا اضبح موجع ومؤلم..لنا الله وللغلابه والمظلومين,sadness
شوف يا حوس حتي لو رياضه رجالي الاوليمبياد ده اكبر نصب اللاعب علشان ياخد ميداليه بيصرف ملايين ممكن الدوله تفتح بيهم نوادي جيم للشعب,none
للاسف حاله المصريين المشتركيين في الاوليمبياد صفر كبير  مصر في الاوليمبياد,sadness
badwy96:  الحـــب رزق والــرزق لا يـــاتـــي  بــالـــحــرام ..😄,love
يارب اتمني اشوف مصر بااحسن حال وياليت اعلامكم يحترم وقفتنا معكم في اسوا ضروفكم ولم نتخلي عنكم ودعمناكم رغم الضروف الاقتصادي,sympathy
ايه اللي مرمي فالزباله دا ؟!,surprise
انت مش عاجبك ابطالنا اللي في الاوليمبياد ؟ خلاص اتمرن وشد حيلك انت وورينا انت هتعمل ايه 󾰀,none
: اللهّم رب الداء والدواء لا شفاء الا شفاؤك اشفِ ابي وابسط عليه و اجعل ما اصابه تكفيرًا ثم اجرًا ثم عافيه❤.,sympathy
زيدان عري سيميوني من ثاني مباراه وانريكي من اول مباراه وكونتي اول  شوط واضح انشي اول ربع ساعه  والقادم اعظم,love
مع كل احترامنا ل اشقائنا المعلقين علي الاوليمبياد من الدول العربيه الشقيقه لكن معلقين قناه النيل للرياضه حاجه تانيه خااالص ليهم جو تاني,none
ماتش الجزائر وهندوراس في الاوليمبياد حلو وبونجاح عالمي واعتقد السد مش هيفرط فيه,joy
: ايها الابطال ..وانتم تقاتلون وحوش الارض الدواعش.. نقبل رؤسكم التي اعلت كل راس  رساله لجندي عراقي,sympathy
: شي بيوجع انك تشتاق لحدا بعيد عنك لحدا مو الك لحدا مانك ع بالو و لا مفكر فيك 💔,sadness
و ناس فضلت تعافر و تمسك ف الحياه ❤,joy
مش بتدخل ف التشكيل بس بحترمهم ✋  مرتضي طرطور,anger
ياسمينا  رائعه ... تجنني  هي دي فعلا الموهبه اللي بجد,joy
هو مفيش حد epee من مصر طلع في الاوليمبياد ولا ايه؟: D,surprise
خايفه امسِك ف ايدك، ترجَعني تاني للوجّع ..,fear
لانه لا كسر للانقلاب الا بعوده الرئيس المنتخب المتقلب عليه غير كده تهييس وبيضحكوا عليكوا مندوبين امريكا والصهاينه بتبديل ع&amp;  هنرجع مرسي لانه,sadness
MaDHi: اسوا الذكريات .. هي تلك التي لا نزال نقنع انفسنا بانها لا تزال حقيقه ..!  حسره,sadness
الناس يلي بنحبهم حتي لو ما حكينا معاهم شعورنا واحساسنا بيصلهم عن طريق نبض القلب .  ع البال,love
لا يا جماعه الاوليمبياد ليها هيبه كدا..الافتتاح قمه في الجمال..و احمد الاحمر اجمل ما فيها  Rio2016  OpeningCeremony,joy
ibrahim 18: قلبي عندك ا سيسي 😌😌✋  رسالتك للسيسي,sympathy
okk25 مليون متابعه عملت لك ماشفت منك شي,sadness
: سلاماً علي من تلحفوا بالثري ،عسي الله ان يهب لهم من لطفه نسمات عطف .,sympathy
مبتاكلش معايا الاوليمبياد دي خالص😞,none
هو اللي بيستعبط .. جايله اكتر من ديزاين بـ5 الوان وهو بيصمم يلبس نايكي ويحط لوجو ماكرون عليها شغل فلح فشخ يعني. زي عبد الواحد كده.,anger
:  الحُب هو ان اعاتبك وتعاتبني علي اصغر الاخطاء وان اسامحك وتُسامحني علي اكبر الاخطاء,love
معلش في بدايه الاوليمبياد بيستعرضو الدول المشاركه وجودك ومشاركتك فيها اصلا اعترافا بدوله اسرائيل بدليل انها معاك,sadness
السوال بقي انت بتتفرج علي الاوليمبياد حبا فيها ولا فراغ ولا ماده تتويت بيها ؟؟,none
شكرا جزيﻻ,joy
النهارده مصر في الاوليمبياد حتلعب كره طايره و كره طايره للشواطيء و كره يد للفرق ، دا غير الرياضات الفرديه,none
ايهاب عبد الرحمن بره الاوليمبياد عشان في (شك) انه اخد منشطات. حماده رفع علم دوله تانيه )بكل وضوح( ولسه موجود لا وكمان بجح,sadness
غالباً السيسي لو شارك في الاوليمبياد مش هيحاول يكسب الميداليات لا هيشحتها .. 👽,none
thseen: هناك لا اَعرفك مكانه يوقضني من  نومي ويغلق شهيتي ويجعل  اتفه الاسباب  سبباً عظيماً لِفقدان العقل ،  غرد بحچايه عراقيه…,sadness
اتابع ايه انا مش هرتاح غير لما يتحفل عليهم 😂 اما عن الاوليمبياد في حد قذر مسيطر ع الريموت 😂,none
ازاي كده دي حكومه مصر ؟؟؟؟ والله العظيم انا لغايه دلوقتي مش قادره اصدق !!!!,surprise
اييييييييييييييييييييييييييييييييييييييييييييييييه الجون ده !!!!!!!!!!!!!!!!!!!!!!!!!!! حاجه حتي منتخب...,surprise
الناس اللي بتتابع الاوليمبياد، ممكن تقولي اعرف مواعيد كل رياضه امتي و علي قناه ايه عشان عايز اتابع لو سمحتوا,none
نطالب البلديات بالسعوديه ايقاف تسميم وقتل الكلاب  بكره يجي هشتاق لا تقتلو العقارب ارحموهم,anger
:   Almuhanndi76 انت فوق الشبهات اتركهم عنك عصابه الفوتو شوب استمر ياصديقي ولا يهمونك ????????????,anger
S ALGARNI: حين يرثي عدوك صديقك   فاعلم ان صديقك خائن..   احمد زويل   روبرت القرني,anger
:  حمله 60 الف نصراوي امام الفتح ????الليله اجمل الليالي ????????صورتك ي نصر تبقي تنور الدره ????لانك وين ماكنت????مكانك في الحنايا,joy
مريم مدحت لو مرعبتنيش قبل اي نتيجه ليها تتحرق. بتحسسني ان مفيش امل هتعيد السنه يا اما هيطلعوها ب6 مواد و فالاخر هييه نجحت يا شيخه منك لله????????,anger
:  تحيا مصر  احمد زويل كتب اسمه في صفحات التاريخ المشرف ولكن  بردعه الغرب كتب اسمه في مزبله التاريخ شتان مابين هذا وذاك…,love
الغرق بين قطر ومصر.. ان قطر بتجنس اجانب يرفعوا علمها في الاوليمبياد.. ومصر بتبعت لاعيبه من الجيش يرفعوا علم السعوديه  Rio2016,none
audin ليش تفكر السعوديه زيك ي حمار ايران منبطح تحت حذاء ايران????????,anger
lashin: السيسي ...الدوله فيها فسااد طيب اعمل ايه طيب???????????? يخربيتك بجد ربناا رزقنا بواحد متخلف عقلياا,anger
هو تلك العاطفه الساميه التي تجعلنا نتزوج وننجب الاطفال وننشئ الاسره وفي ليالي الشتاء البارده نجتمع حول المدفاه …  محمد عفيفي,love
: هي اللي حبتني ويوم حبيتها تركتني...,love
المصريين مبدعين ماشاء الله في الاوليمبياد ..كلهم خسرو 😂,none
رجعت اقول اي كلام تاني اهو بعد ما كانت الاوليمبياد مربياني.,none
لـو عهـود الحب مَـره يـا قمر هـانت عليـك لـو ساعات الصبر مُره نحتمل علـشان عينيـك 💗  طلاليات,love
والله لو استضفنا الاوليمبياد وشغلنا مهرجانات هتبقي فكره كرييتف,none
والله مشتاقين ياقلبي للحب القديم ..... اللي عرفنا معاه طعم الحياه الحب اللي عشناه معاه اجمل حياه .,love
بروح الحقها والله خايفه عليها اخاف تطيح ولا شيء ومحد معها ...,fear
يا رباااااااااااااه 😍,surprise
احببتك مرغما ليس لانك الاجمل ، بل لانك الاعمق ، فعاشق الجمال في العاده احمق .. !,joy
معرفش يا مهزو انا خايفه :((((,fear
صوتك يضحك بزوايا البيت   و يضوّي ايامي ♥🎻  بوح  كلمات  جرح  البحرين  الكويت  السعوديه  الخليج  الصوت الجريح  اخبار  رساله مع زجاجه عطر,love
و العشم لما يطلع علي الفاضي بتبقي اكبر مقلب ممكن تاخده !!,sadness
دي اراده وطموح المصري يفتقد دعم وامكانيات  الاوليمبياد ماهي الااكتشاف ولفت الانظار للالعاب يفتقدابطالها لمديد العون  ريو2016,none
هي دوله المنوفيه مدخلتش الاوليمبياد,surprise
انا ماسك قلبي بايدي خايف في اي وقت الاقي قرار جمهوري بعدم عوده المصريين في الخارج انا بحذرك يا  بلحه   ابويا في السعوديه   خلص ا لكلام 😱😢,fear
لو انك بقربي الان لاهديتك  عناقًا يجعلك لاتفرق بين نبضي ونبضُك  حضن  ضم  عناق,love
لا كنت منتظره وفدهم وسط وفود الدول ف الاوليمبياد,none
انت شايف رفع علم السعوديه في الاوليمبياد غلط يبقي السفير القطان اللي لف العالم ليمنع عنك عقوبات ودافع عن مصر كانها بلده غلطان العيب فيك انت🐑,none
3otaibi: لا تنتظر ... حتي تشعر انت بشده البروده لكي تعلم مدي معاناه اخوانك فاخواننا في بحاجه للدعم خاصه مع بدايه فصل  الشت…,sympathy
تتحرق الاوليمبياد ويتحرق التنس طالما فيديرير مش موجود ..بكل اريحيه يعني,anger
وانا ايه اللي هيسليني بعد ما الاوليمبياد تخلص؟,fear
بالمناسبه دي مش ناوي تحترف يا نجم؟، بجد والله احنا عايزين مصحلتك يعني,sadness
مبررررررررروك رنوشتي ويستااهل ابن مصررررررر  لووووووووووووولي  رنا سماحه,joy
لا للاسف المعلومه طلعت غلط و حصلت قبل كدا من بطل هولندا ، بس الكفتجيه اللي بيعلقو ع الاوليمبياد هما اللي قالو .. معلش مره تانيه,none
بحب اتفرج جدا علي حفلات الافتتاح بتاع البطولات دي مستني حفله الاوليمبياد من الصبح والله 😂  OpeningCeremony  Rio2016,joy
: الحمدالله ع نعمه ولايه محمد و ال محمد ????.,joy
ايوه هذا اللي خايفه منه يعني خاصه الشعر اذا راح ما يترقع,fear
هو احنا مش حناخد ميداليه بقي في الاوليمبياد ولا احنا مش قد المقام 😔,none
اعيننا تنظر اليكم وقلوبنا تخفق معكم. ربي احفظ العراق وشعبه من الصادقين وحرسهم من كل شر يا عظيم الرجاء ياكريم العطاء يالله,sympathy
SA: كفن الميت وكفن المحرم  الشيخ ابن باز رحمه الله .,sympathy
bh6xx6 و انا المجنونُ يا من فيكِ قد اتلفتُ عقلي  جنون  عشق,love
: من هو السيناريست المصري الذي هاجم زويل فور وفاته؟,anger
القرار بخصوص عمرو الشوبكي انا معرفش ازاي؟!,surprise
كيف يحق لمعتوه كهذا اداره شؤون دوله كامله وما حولها!  ترامب  ترامب رئيس امريكا,surprise
دقن الولد فتنه♡,joy
احسن منتخب جماعي ف مصر بيبدا مشواره ف الاوليمبياد,none
: حضرتك انا خايف من نتيجه الامتحانات اكتر ما خفت في the conjuring.,fear
lam:  خاب ظني يا عرب لا تسالوني عن السبب فكل شيء من حولكم يقص معاتبا قصه تاريخ بالدم  انكتب اسفي عليكم يا عرب  القدس   منبر الحر…,sadness
السبيّكه صاحب المقوله الشهيره بعد مباراه الدور الاول : ظُلمنا امام كل الفرق الا الهلال . حافظ مش فاهم .,surprise
الناس تصحي تضحك وتتفائل واحنا هنا نصحي ع الشتيمه وتلقيح الكلام ف الهاشتاجات .. حد يبتدي يومه كده ابدا ..ارحمونا .!!!,surprise
لم اري معتوه ولا اتفه من هذا الانسان مطبل ومن عبده الحكام ????????????  احمد موسي,anger
العراق لحد دلوقتي 3كور في القائم وبتاع 5انفرادات ضايعه من اقوي الفرق اللي لعبت في الاوليمبياد,none
يستااااهلون كل خير???????????????????? وهاذي مهيب غريبه علي ابوفهد,joy
rero4   al3od روعه غايه التعبير,joy
: كانت السلطه تريد من هذا التضييق والحمله القمعيه واستهداف الشعائر تركيع شعب البحرين .. سقط الشهيد الحايكي فذهبت جهودها هباء منث…,anger
HH: شكراً للفخم خالد البذال .. نظف الساحه الفنيه برائعه احتاج لك للماجد راشد,love
الحل الوحيد علشان مصر تلم ميداليات ذهبيه في الاوليمبياد يتعمل مسابقات علوقيه,none
شجعوا مصر في الاوليمبياد لنا عشره ايام سنشارك في لعبات مختلفه . اذا فزنا باذن الله . سنشارك في ايام اكثر . لكن المنافسات التمهيديه 10 ايام,none
IHFC20 ذا اللي خايفه منه💔,fear
اتابعك من دون ما تدرين اتابعك و ان غبتي ينتابني خوف واهتم ﻷمرك كني اهتم ﻷمري  حنايا الشوق,fear
لهذه الدرجه كانت الامال علي هيلاري كلينتون ؟ بماذا وعدت؟ وكم من الاموال اخذت ؟ سبحان مغير الاحوال  الصدمه صعبه,surprise
:   مهمّا عظُم كبرياءُ القلبَّ ، لا بُد ان ينحنِي لمن احبه بِ صدق ..♡💭💕  كلام  جميل  كبرياء  قلب  درر,love
لا يمكن لوي ذراع مصر فهي ام الدنيا وام الحضاره. ان كانت ظروفكم قاسيه فرجالكم اقسي. ازمه وتعدي. العراقيون معكم قلبا وقالبا,sympathy
: واشكر شركه المشاهير اللي لهم دور فعال في انجاح الحفل واتقدم بشكر للاستاذ عبدالمحسن شباب القثامي واخوانه     جنودنا البواسل…,joy
كان الله في عونهم 😭😭😭 نسال الله ان يعينهم وكل المسلمين في كل مكان,sympathy
حوار خولاتي ونسوان,anger
الكره تظلم العراق وبالتالي تغادر الاوليمبياد بعد التعادل مع جنوب افريقيا ،، وتتاهل البرازيل رفقه الدنمارك بعد فوزها 4 0,none
: بسم الله الرحمن الرحيم انا كنت داخل اذاكر ايه اللي جاب الموبيل في ايدي!,surprise
:   تُورط قَلبيِ فيِ حُبـككّ...!!! 🎧❤   غزل  بوح  احبك  خواطر  عيونك دنيتي للدعم  نبض مجنونها للدعم  قروب العبدلي للدعم…,love
ولم يجد الشعب من يرفق به ويحنوا عليه ...,sadness
ماساه ابكت كل من شاهدها ياااارب رحماك باهل اليمن,sympathy
بفرح لما بشوف المتجنسيين الخلايجه بيخسروا في الاوليمبياد الصراحه :D,joy
: اربعه لا  تقسو عليهم* :   اليتيم  المسكين  الفقير,sympathy
ابرز الغائبين عن الاوليمبياد ؟    Olympics,none
الاوليمبياد ديه جميله فشخ ياخوانا انا بفرح للي بيكسبوا والنعمه كاني جمهورهم .. احسن حدث رياضي الواحد يشوفه فعلاً.,joy
احسن من البغله هي وامهاا لي مش عارفه تربيهاا كويس,anger
مواعيد كره القدم النسائيه في الاوليمبياد امتي يا جدعان؟! انا بحب اتابعها كل مره,none
: الجيش العربي السوري يحقق امال عاهرات جيش الفتح بتوصيله مجانيه لحورياتهم حلب تنتصر  يحيا الجيش العربي السوري,anger
ف lc اللي المفروض اسعاره مش اوفر انا خايفه اروح القاهره اتجلط اقسم بالله 😰,fear
alenzii:   Almuhanndi76  انا سلامه حبيب العنزي  واعرف ماجد المهندي من زمان واشهد شهاده اسال عنها يوم القيامه انه علي خلق عالي ويكرم…,joy
Zahlan: ام ثلكي فقدت كل عائلتها زوجها وابنائها قضوا جميعاً بقصف طيران القذر بوتين حي  الشعار شرقي نسال الله ان يذوق من خذلها…,sympathy
نحن معاكم يا ابناء الاحواز قلباً و ً لا عاش من مسكم بسوء نفرح لفرحكم و نحزن لحزنكم ونسال الله لكم النصر وال…,sympathy
الي متي و النت زباله متي تاصل الالياف و لا يوجد 4g في منطقتي و 3g شرطه واحده اسكن في بريده!!,anger
2nd في تحليل كانت عمله بلومبرج عامل مقارنه بين الدول اللي عملت تعويم و اللي حصلها بصراحه مرعب حعملك منشن,fear
يافواز قول  لسعيدالشهير عيب تتريق علي شيخ ا?زهر في الطبخ نحن نحترم كل مشايخكم ونشاهدكم,anger
انا متضامن مع الاطباء العمانيين ومع المطالبه وتنفيذ مطالبهم في اسرع وقت  اضراب الاطباء العمانيين5,sympathy
في دوله اسمها فيچي في الاوليمبياد و احنا لا 😌😌😌😌😌,none
انا مش فاهمه حاجه من الله ببقولوها بس متحمسه ومبسوطه بالاغنيه   DoaaElSebaii  دعاء السباعي,joy
هنا غزه. . في ظل انقطاع الكهرباء! !! حسبنا الله ونعم الوكيل علي كل واحد له سبب في هذه المشكله المقيته سواء من قريب او من بعيد!!,anger
انا سـاكـنه ف الاسكًـا :/,sadness
بيان مارتن يول بيضحك بيه علي الناس,anger
السعوديه الثالثه في السمنه سمني زوجك بلعيه بلع عشان ماياخذ غيرك هع ????,joy
هو مين العيل الاهطل اللي في بعثه مصر في الاوليمبياد رافع علم السعوديه !!,surprise
لكن خايفه يحرجوني 💔,fear
ولانملك تقدم في اي مجال فمن الطبيعي الا نؤدي بشكل جيد في الاوليمبياد هو مثلث بيكمل بعضه استاذ نبيل !   الي متي سنظل هكذا ؟,sadness
اما بقي لاعبينا ف الاوليمبياد مش هستني اشجعهم واتابهعم تاني لان كل مره استني حد بيخسر ادعولهم انتو بقي,none
: ليه اللي قاسي و مفتري، الدنيا بتبوسه ؟ بس يا علي و اللي علي فيض الكريم ، الخلق بتدوسه !! بس بقي يا علي,surprise
منتخب الطايره بتاعنا تحسه داخل الاوليمبياد غصب عنه😑  volleyball,anger
yeni ومن ايه خايفه لاتناقشيه,fear
هنرجع تاني لتغطيه الاوليمبياد ..,none
عل صحيح ان احد افراد بعثه  مصر في  الاوليمبياد رفع علم دوله اخري؟ اذا كان صحيحا ما الاجراء الذي تم معه؟,none
اعانكم الله يالطبقه الكادحه ❤️❤️,sympathy
طبعا الامارات دي اجمل بلد ف الخليج كنت بس بدي مثال بس للاسف خاني التعبير..علي العموم العرب ملهمش ف الاوليمبياد من زمان للاسف,sadness
: شاركونا يااحرار بهالوسم  بوتين ينتقم من اطفال حلب   قروب اغلي وطن  حلب تقتل,anger
: شاب سعودي يضرب عامل نظافه والله ابكاني للاسف كل يوم ينشر مقط اعتداء علي الشغالين والجاني يفلت من العقاب لانه…,sympathy
الناس خايفه تتجوز و تتكاثر في ظل هذه الظروف العصيبه التي تمر بها البلاد..  انا كنت عارف انه نو علي فكره :D,fear
ايه البرد ده...,surprise
احيييييه بقي ع الحكم و الماتش,anger
عن احساسك وانت مش عايز حد جنبك ولا حتي يهتم بيك اكتفيت بنفسك وعايز تبعد عن كل الناس 💔,sadness
رنا سماحه ياقلبنا ما تغبيش عننا لانك سرقتي قلوبنا كلنا  رنا سماحه في انت حر,sadness
: 🎶 هَو ؛ انْ تَشْعر انگ ؛ مَسْؤول عَنْ ؛ روح اخَريّ ؛ تَمْگثٌ داخَل قَلبگ ؛ قَبْل جَسْدگ,love
صبح علي جيرانك مثﻻ,joy
راموس يشوت علي نوير ويجي يقول انقاذ خرافي افضل حارس بالعالم 😖,love
15: كم اعشق ذاك الذي ؛ يسال عني فاليوم اكثرمن مره ، ف اهتمام فان لم يكن كذلك فهو مٌجرد كلام 💔  القيصر,love
13814 ﻻني باﻻردن مش نازل بس الله معكم لتغير ...يا نشامي ثوره الغﻻبه,sympathy
ايوه طبعا عايزه الصين هي اللي تكسب الاوليمبياد مش امريكا ....,none
تضحك وتقول انا كنت بعمل كده !,surprise
Retweeted عادل علي بن علي ( ): الاقدار لا تُخطيء ولكن نحن الذين لا نرضي !,none
تبدو اشكال حبّات الرمال تحت المجهر؟⁦⁩,surprise
لكن سماءك ممطرهٌ و طريقك مسدودٌ : D,sadness
هو احنا هننسحب من مباراه جودو مع اسرائيل في الاوليمبياد رغم ان وزير الخارجيه بتاعنا اتعشي مع نتنياهو واتفرجوا علي نهائي اليورو 2016 سوا ؟؟!!,surprise
مفيش اي برنامج رياضي بيغطي الاوليمبياد ؟ طيب اعلامي واحد او موقع بيغطي اللعيبه المصريين ؟ لكن لو فنانه فستانها اتقطع كله يكتب و ينزل صور,none
بنقعد نشتم في مصر كل يوم و نصرخ و نتطط من الفرحه عشان ميداليه في الاوليمبياد ولا جول في تصفيات كاس العالم!,none
media: مفتي الاردن: يجوز للمسلمين تعزيه اتباع الديانات الاخري بموتاهم. يعني كتر خيرك علي هيدي الفتوي الانسانيه .. من اي كوكب حضره…,anger
اللهم امين والله فعلاً كل اللي يهمنا ان الممسلمين اللي في مصر يعيشوا عيشه كريمه,sympathy
والله ماننساكم بكل لحضه. اللهم احفظهم وسدد رميهم وافرغ عليهم صبر وردهم الي اهليهم سالمين غانمين,sympathy
بي ان فجاه قطعت الارسال عن ماتش الجزائر وهندوراس في الاوليمبياد,surprise
life4u: اللهم كن عون لهم وانصرهم علي من عاداهم وثبت اقدامهم و سدد رميهم ، و شتت اعدائهم انك علي كل شي قدير  يارب,sympathy
تقريبا في خطا في الكتابه يعني ايه دوله اسرائيل!!! دا دوره الاوليمبياد اقدم من دوله الاحتلال المزعومه,surprise
الاوليمبياد حلوه فعلاً و فيها قصص كتيره حلوه ... عمري مكنت بهتم بيها قبل كدا مش عارف بتاعت السنه دي الواحد مشدود ليها جداً ليه,joy
موضوع نقص اادوا اللي داخلين علبه الايام الجايه ده مرعب.. في ادويه حيويه لو متاخدتش فيها موت والله.. ربنا يستر,fear
وبمناسبه الاوليمبياد بردو :)),none
: الضباط والجنود الروس الذاهبون لذبح الشعب السوري يمرون علي كهنوت الكنيسه الشرقيه لمباركتهم وتعميدهم .,sadness
اللهم انج المستضعفين من المسلمين في كل مكان 😔💔,sympathy
انت خووورم كبير ياشريف ياريت تمشي وتريحنا وخد احمد  عادل معاك عشان تصوروا مع بعض ياشويه منايك,anger
: زي ما خان خايف ليتخان ..!,fear
يمكن ان تكون في داخلي اكثر مني ؟!!,surprise
1 1 6 6 3 0 نادال تم كسر ميني بريك الان يرسل لمحاوله البقاء في الاوليمبياد  ESp  ARG,none
افتحو معبر رفح سجن اقفله الصهاينه من جهه والسيسي من جهه اخري كان الله في عونهم,sympathy
لماذا تستنكرون ع  الجزيره من تاريخ اسست وهيا ضد السعوديه تلفق الاخبار وتلفق الاباطيل وتزور الاخبار يهوديه لسان عربي,anger
مُش معقول كميه الفضول اللي انتم عايشين فيه,surprise
: فيديو|     من الارشيف     طارق عزيز: صدام حسين غلط غلطه كبيره في  الكويت,anger
اعشق الحديث معك .. حتي وان تكرر ، وان كان بدون ملح فانت ملح  الكلام  خاطره يب  العراق,love
رساله من احد الاحبه في حضرموت . اللهم عجل في نصرهم وفرج كربهم ... اللهم ادم علينا الامن والامان يارب...,sympathy
: اظهار السنه و اذلال البدعه في دوله بني اميه و حنق الروافض و حركه الاخوان عليها اليوم  شبكه البيضاء العلميه,anger
بيتكلموا علي ساره سمير الي شابت الثانويه وراحت الاوليمبياد وازاي تسيب التعليم وترووح لحدث رياضي😏🤗🤗,surprise
احيه ديه فضلتني انا علي كل الولاد دول.,surprise
كميه الدبان القذره دي !!,surprise
حاكموا المسؤل عن الحاله السيئه التي ظهر بيها لعبونا المصريين ...  يلا ريو  مصر في الاوليمبياد  مصر,sadness
: نَحـــنُ نَعيـــش فـــي مُجتمع  غَريـــب  يَهتمــون بِــ/  كــلام النـاس وَ لـا  يَهتمـــون بِــ/  مشــاعـر النــاس .~,surprise
q8: تفاصيل وجهك وابتساماتك الرحبه يعيشون امه كامله في تاملها  مساءكم والجو الحلو 😍🚬,love
:  نعم لقرارات السيسي  لما تلاقي هجوم الخرفان علي القرض يبقي لازم تعرف انه فيه مصلحه لمصر يبقي لازم نوافق عليه,anger
ترابيزه البنج اللي بيلعبوا عليها في الاوليمبياد احلي من ترابيزه السفره بتاعتنا والله,none
alh1133: من سحر الحب .. ان تري وجه من تُحب هو الوجه الذي تضحك بهِ الدنيا ، وتعبس ايضاً! الرافعي  رباب الكلم  قهوه السابعه  كو…,love
خذيني بين ذراعيك وحضنيني بقوه حتي تهشم عظامي من الحنين,love
صاحبي لا خيّم الليل مدري وش اقول الوصَال اصعب من الحلم لا زاد البطا  ساخبرك شيء  شعر  خوطر,sadness
لعباتنا الاوليمبياد 😅😂,joy
الاطفال زينه الحياه الله لايحرم احد من هاذي النعمه😘,sympathy
اكتشفت ان  ساره سمير بطله  مصر وصاحبه برونزيه الاوليمبياد من ابناء بلدي الاسماعيليه .. لا ده كده الفرحه تبقي فرحتين بقي ^ ^ !,joy
اجمل ماقيل بالحب الاكيد حب  الروح قبل الكلام قبل ماشوف شخصه امتلك  قلبي انا  حقيقه,love
احيه هعيط والله :) شكل علم فلسطين وهو بيتنطط مع صوت وعزف مارسيل حاجه كده ما تتوصفش والله,joy
صالح رجل مخادع ومكار الي ابعد حد ولابد من التلويح له بجزره لينساق اليها او جلده بالعصاء لينساق الي مصلحه اليمن ماهوخسران شيء!,anger
678901 متضامنه وياهم تقرعه ما تخليه بهالشكل .. امين الله يشفي الجميع,sympathy
وصل بيا الحال اتابع الاوليمبياد من صباحيه ربنا لغايه دلوقتي لابجد بمناسبه ايه!! 20 سنه وبنتنافس نبقي اتفه اكتر من الاول ازاي!!,none
لحظه جميله من مذيع  بين سبورت لعدم ذكره لاي معلومه عن اسرائيل المحتله لحظه تقديمها في الاوليمبياد تجاهلها تجاهل تام 👌🏽👏🏽  Rio2016  beINRio16,joy
فؤاد المهندس و شويكار !,surprise
مش عارف حسبوها ازاي؟!,surprise
متعاطف مع ترامب.. الكل ضده,sympathy
تقييمك لتغطيه الاوليمبياد اللي انا عاملها بقالي يومين دي سواء هنا او عالفيسبوك ؟ :D ولو فيه تعليق.. واكمل ولا لا؟ :D,none
صحيح صوتها مرعب,fear
الليله ليله عمرناا ♥♥    3alahwa,joy
❤️هو ان تحتاج لشخص واحد في كل هذه  الدنيا  انيس منصور,love
بعض القسوه ضعف ، بعض الكبرياء دفاع، والكثير من الغرور خوف .. كما ان في الامتناع حكمه .. تروَ في الحكم ، وكنْ رحيمًا .,fear
:  كان بكام وبقي بكام ايام السيسي المواطن بقي بياكل لحم حمير وقمح مسرطن وبيشرب ميه مجاري,anger
طب انا لسه عارف انا نولي خرج من الدور الاول من الاوليمبياد  ريو2016,none
: فائده نفيسه لابن الجوزي عن تقلّب الزمان وان السعيد من لازم التقوي علي كل حال,joy
عايزه اقص شعري بس خايفه من النتيجه.,fear
يا وعدي عالايام بندق بابها كتير .. ليلها قمر و غيام و غريبه في المشاوير ! الخال منيب .,joy
هو انا مش فاهمه بس ربنا يهدي الحال صباحك ورد ????????????,surprise
:  منك لله تقولها لمين للخانوا  مرسي الامين اللي باعو الوطن والدين اللي قتلوا الساجدين اللي خلوا الوطن حزين  احمد زويل htt…,sadness
:    ياريت اتمني ..فانا دائما متعاطف مع المراه مقدر لدورها في المجتمع وفي الحياه والعالم زوكمان دورها العظيم علي…,sympathy
: ( احب الاعمال الي الله عزوجل سرور تدخله علي مسلم ) سنبقي معكم باذن الله وبدعم اخوتي فاعلين الخير نقدم مانستطيع .... اكسب…,sympathy
MAN  الناس خايفه يا مصطفي والفلوس بتتحول لورق قدام عينيها,fear
:     انا اول من قال هيلاري هتنجح عشان لديها مخطط لازم تكمله,none
بعض اللحضاات تزرع بقلوبنا خوف لا ينسي 💔😢,fear
1512 ربنا يرحمه و يصبرهم,sympathy
السباح السعودي احمد جبريل حصل علي المركز ال47 في الاوليمبياد من اصل 47 مشارك .. الحمد لله انو مش غرق ..=D =D,none
الزمالكاويه اللي بيزيطوا ان الاهلي اتغلب اتلموا بدل ما نردح وشكلكوا يبقي وحش اكتر ما هوا,anger
حجب التواصل الاجتماعي في تركيا. قلوبنا مع اخواننا الاكراد لن ننسي فضل قوات pkkفي دحر داعش اخوانكم من العراق معكم نتضامن لكم منا تحيه,sympathy
بشيل همها واضم يدها و بحكي لها انا ضعفي وجع قلبك💭😪💘  رتويت  رومنسي  بوح  خواطر يبتي  غزل  شوق  ذوق  جميل  رائع  مساء الخير,love
ياريت فرحتنا بساره سميره ماتنسيناش بنتنا ريم منصور لاعبه القوس والسهم اللي السهم اللي رمته جه برا اللوحه اصلا لاول مره في تاريخ الاوليمبياد,joy
وكسه مصر  عفره مصر :////,anger
: الصمت عن اخطاء من نحب ، خاص لهم والم خاص لنا ..!,love
انا زهقت اوي و الله ... احيه ؟! .. كل ما اذاكر حاجه !!!!! انسي التانيه ...  هنلعب ولا ايه   امتحانات,sadness
اومال ضاكتوره ايه بقي يا حسره *مسم*,sadness
«    amar «   q88 .. احياناً نبكي فرحـاً مع اننا واثقون بان قلوبنا لاتسكنها الا الاحزان ...,sadness
shoooshooo: لشهداء لعراق ياربي ارحمهم وارحمنه سمعني كلمه,sympathy
2014:  وين اروح في الرياض هي ناقصه تزيد الزحمه كل عام اكثر زحمه من قبلها يحتاجون رحلات جويه من شمال الي الجنوب تعدوا مرحله القطارا…,anger
غرباء،، بجمال احاديثهم سكنوا مصب الوريد ♥ 😍😍😍😍😍😍😍😍😍😍 ♥♥♥♥♥♥♥♥♥♥♥♥♥♥♥ ♥  المباحث وفولورز بيغنوا للهضبه,love
ها ايه رايك اقوله ايه بقا .. انا بقول مودي حلو ^^,joy
المقاومه السوريه  ملحمه حلب الكبري   الغضب لحلب   بوتين ينتقم من اطفال حلب  حلب تستغيث  اشو رايكم بالزباله هاد؟؟؟,anger
انا متعاطف معاك يا اخي 😞,sympathy
alnssr      لو كان هناك قاعده كما ذكر الدهيم لعلمت بها دول التحالف التي ضربت اليمن قبل عام ؟! ومازالت تقصف؟!,anger
بتخيل دايماً و انا خارجه من باب الحمام اني هلاقي كائن مخيف قدامي و خايفه مره عقلي يشتغل علي نفسه جامد و يحقق ده 🐤,fear
nabil ازاي بس,surprise
سعاده رئيس مجلس الامه المنتخب شرعياً  العم احمد السعدون  اذا اتتك مذمتي من     فاسدٍ     فتلك الشهاده بانك     شريف      مساك الله بالخير طال عمرك????,love
والله شرف لمصر انك الاسطوره احمد الاحمر هو اللي يرفع علمها في الاوليمبياد,joy
lyla يارب ويسعدك ^^,joy
.. مشهد مؤلم ومبكي لام تبكي زوجها واطفالها المقتولين بصواريخ الاسد  💔,sympathy
العشرات يتظاهرون امام بوابه البرجسيه النفطيه في الزبير ويغلقونها,anger
المحاضره الثامنه المرجع الصرخي :السيستاني لا يدعو الي محبّه عليٍّ وموالاته لا قولًا ولا فعلًا!!!,anger
بس برضه كسم الاوليمبياد اللي اتعملت قصاد طرد الاف الفقرا من بيوتهم في البرازيل,anger
هي كمان مرعوبه علي البلد ...,fear
اهم شي انهم مصدومين وبالانتخابات يصوتون للمناديب 😎,surprise
sj107:  الجيش المرابط نفخر بكم يارب احفظهم من بين ايديهم ومن خلفهم ومن فوقهم ومن تحتهم  انت خير الحافظين,joy
انصحك بمراجعه اخر المناوشات الامراوروبيه ضد  روسيا لحرمانها من الاوليمبياد (الرياضه) كعقوبه سياسيه ضمن الحصار,none
ولماذا سقطت بغداد وطرابلس العرب ولماذا يريدون اسقاط دمشق وصنعاء!متي عرفت الاجابه استطعنا ان نمنع سقوط ما تبقي ليبيا,anger
لا شيء اجمل منك .. ولا شيء اسعد مني .. وانا معك. 😍💕  الحٌب  انثے مٌخْتٓےـلِفه,love
y شفت هالصوره في اكثر من تطبيق و طبعا نفس التعليقات، استغربت يعني معقول بس هالشي الي لاحظوه العرب خلال هاليومين؟! العالم وين!,surprise
مصر خسرت في كل حاجه انهرده في الاوليمبياد، جودو وطايره ويد وطايره شاطئيه، لو في بلي انهرده كنا خسرنا بردو,sadness
حبيب قلبي ❤️,joy
:  جمال المراه يقال بان جمال  المراه يدوم مادام  الرجل  يحبها ❤️ ويدوم الرجل .. ما دامت المراه   تحترمه,love
ظهران الجنوب الحرب لها فوق السنه والنص ولا زال اهالي الجنوب يعانون كان الله في عونهم وانهي حرب الاستنزاف باسرع حال,sympathy
هيه دبي حلوه كدا ليه,joy
لما بخلي حد يعمل بدالي حاجه ببقي قلقانه و شايله همها اكتر و خايفه حاجه تفلت منه,fear
. ساعد الاخرين اذا استطعت اما ان لم تستطع فلا تؤذهم علي الاقل . دالاي لاما .  الرحمه…,sympathy
حماده طلعت اللي رفع علم 🇸🇦 في الاوليمبياد طلع ظابط في القوات المسلحه... ابقوا ورونا هترحلوه ازاي  الاخوات وفولورز دعم,anger
: ليس كالحب مظلوم ، اُسقطت عليه تُهم لم يقترفها !,love
allli :  سعوديات نطالب باسقاط الولايه26  المراه السعوديه مُشرفه ناجحه وصبوره لولا ان اغلبهن يقف في طريقهن عقبه الولايه .,joy
انا قلت اهرب زي حضرتك كده برده و اروح الاوليمبياد,none
313: البعث الكافر ينخر في الدوله بفساده    اتحاد القوي فساد وارهاب   EHS,anger
لك الله يا سوريا وتبالكل من يتخاذل عن نصرهالمظلومين من القادرين  اللهم انقطعت السبل وقل المعين اﻻ منك فنعم النصيرانت,sadness
Brk24: ممرضات يبكين اثناء اخراج الرُّضع والخُدّج من الحاضنات بسبب القصف المستمر علي المراكز الصحيه في .  تحترق  فيديو  ملا…,sympathy
:      هي بدايه العبث مع بدايه التدخل الامريكي بتنسيق مع  فرنسا ... وسوف تبدوا لك الايام ما كنت جاهل او مت…,anger
وحيد في نص الطريق باين علي وجهي الضيق يلحقني  بضيق  واضيع بين ؛ العاارفين مالي قريب ولا  صديق انا حبيب (  الغاايبين ) !,sadness
النهارده بليل افتتاح الاوليمبياد في ريو دي جانيرو البرازيل .. يعني المتعه والجمال لمشاهده الالعاب والرياضات المختلفه اللي تتابعها ومتزهقش !,joy
889 ههههههه ماشي خقه,joy
♬  الحُب : هو المعركه الوحِيده التي ؛ لا ينتصر فيها القوي 🚶,love
الصدمه في الاشخاص المقربون منك... هيا الكارثه 😨,surprise
احنا كنا نوفر مصاريف السفر و نشوف لكل لاعب من اللي راحوا الاوليمبياد كلبه ارخص و اقل اهانه,anger
: ميصحش كده يا استاذ سمير !,anger
يتقدم رئيس واهالي مركز الصالحيه بخالص التعازي لذوي مصوي خاصه وقبيله العوازم عامه في وفاه الشيخ /دخيل الله خاشم بن مصوي رحمه الله,sympathy
رفع علم بلد تاني في الاوليمبياد(بصرف النظر عن البلد) مُهين,sadness
كنت بحلم ان ممكن مصر في يوم تنظم اﻻوليمبياد بس متهيالي لو نظمناها ممكن ناخد ميداليه ذهبيه في لعبه ما ويعزفو النشيد الوطني السعودي,none
الانسان يتغير لسببين : حينما يتعلم اكثر مما يريد او حينما يتاذي اكثر مما يستحق,sadness
dr sara تعصي الاله وانت تظهر حُبّه  هذا محالٌ في القياس بديع لو كان حبك صادقاً لاطعته  ان المحب لمن يحب مُطيع,surprise
مش معقووووول والله الي عايزين يمشوا كوبر دول,surprise
rhaifa:  احساس خالد عبدالرحمن بانساك وانسي ما مضي  وبشـوف بعيونـي الفــرح  بانسي الندم وجرح الهوي  عـلّـه يطيب قلب انـجــرح,love
ياويلك ياعويدات قامت عليك عاصفه السبام ????????????????????????????????????????????????????????????????????????????????????????????????????  كلنا ضد مريم بيفور82,anger
يخربييييييييييييت العسسسسسسسسسسسسسل يا جودعان :D :D الواحد لازم يحب العربي بقئ كده بصراحه حلاوه...,surprise
يا جدع حرام عليك دي هي روح الاوليمبياد,sadness
تركيا   اخوان كاذبون    وكل المدارس والجمعيات الخيريه المغلقه والجرائد والاذاعات ودور النشر تابعه له ( كلها مُنشائات دينيه ),anger
كفايا خروج من الاوليمبياد يا جدعان .. جسمنا باظ,sadness
الفضا وحش لدرجه انك متابع الاوليمبياد 😂😂 كويس ان البريميرليج هيبدا النهارده والاحد سوبر اسبانيا و سوبر المانيا 😂,none
اليوم ينتهي التصويت اتمناها ترمب تعاطفًا مع ولايتي لكن الاقرب هيلاري (:,sympathy
هو انا بس اللي متفرجتش علي افتتاح الاوليمبياد 😂,none
وربنا دعيت بضمير ده انا كنت مصلي الفجر :(,joy
عيد ميلاد تريكه  كل عام وانت  معشوق الجماهير 💘 ان كان  الاعتزال قرارك ف الجماهير ليك ليس اختيارك…,love
والله مافيش احلي جوجل في اي حاجه في الدنيا .. ايه الحلاوه والسهوله دي اكتب اسم اي رياضي في السيرش يجبلي هيلعب امتي ومع مين في الاوليمبياد,joy
: يحمل اخته الصغيره بحثا عن ملجا من القصف,sympathy
: كيف لشعب يعتبر اكثر الشعوب عطاءاً وكرماً وهذه  مفخره ، ان يقبل بحكم ساسه فاسدون فاشلون طائفيون؟! ؟!  صافي,surprise
بتقول نجوي بتنجنن وكل شي بيجي عليها روعه ???????????? الله يحميك ????,love
حبي الصغير 😍😍😍,love
الاوليمبياد سباق للدرجات في شوارع البرازيل شغال حاليا لمسافه كبيره جدا...سبت السباق و بتفرج ع الشوارع النظيفه و المغسوله ...اوعدنا يارب,surprise
mohameed ومجرد التفكير في البعد مرعب فما بالك اذا تحقق 😏😏,fear
: وزاره الشؤون ..علي قولت اخواننا المصريين اسمع كلامك اصدقك ..اشوف امورك استعجب ‼️????????,anger
روووووووعه يامصر ام الدنيا بعد زمن فساد مبارك,joy
من تسبب في نزوح هؤلاء الضعفاء !!؟ سيقف بيوم الحساب فل يستعد للجواب !!!؟,sympathy
يا بختكم يا اهل مكه بالحرم والركون والكعبه اللي بها الزوار يطوفون                      غرد بصوره,love
ههههههه مالها هي الاوليمبياد تبع الثقه😒,joy
صار ليل وقامت العالم تروح خايفه انك مثل هالعالم تروح ❣️🎼🌟 صوتها 🎼❣️  صار ليل,fear
ترنجات التوحيد و النور عامله قلق في حفل افتتاح الاوليمبياد 😂,joy
انتي مش كنتي قايلالي انه مش هيروح الاوليمبياد اصلا وهيمشي قبلها صحيح؟,surprise
بتفرج علي ماتشات الping pong في الاوليمبياد تحس العيال دول عفاريت مش بني ادمين زينا.. ييجوا شوفونا واحنا بنلعب في السراج,none
خسرنا مباراتين امام الاتفاق كنا الافضل وامام الخليج ضيعنا بالكوم,sadness
نحمم حيواننا الاليف !؟,surprise
اُقسِمُ انّ اناقتگ ليّ وثغرگ الفاتن تزيد قـلبي عِشقاً وحباً وغراماً بگ,love
2iL: مافي اخيس من شعور انك خايف من اختبار وبنفس الوقت ما تذاكر.,fear
اليمن ستنتصر علي رعاه الابل كما انتصرت علي الاتراك ومن قبل علي الاحباش,anger
وعندما نشتاق لاحد و بشده... يصبح العالم و كانه خالي من البشر ..,sadness
:  الانسانيه اعظم من القانون ، و  الرحمه اسميٰ من العدل 🌹💜,sympathy
اكيييد حيكسب لان القمه لا تليق الا بالقمه محبوب العالم  محمد عساف ❤,love
اوليمبياد ريودي جانيرو يعتبر من اكثر الاوليمبياد التي ينتظرها العالم بسبب: فيروز زيكا والعصابات المسلحه والفساد الاداري وعدم تاهيل المرافق.,none
مفيش حد هيتصل ب رئيس البعثه المصريه في الاوليمبياد يقوله يرحل حماده طلعت علي مصر؟؟؟ كلهم نايميين!!!! خلاص الصبح بقي تكون الناس نسيت,none
ذبُل الكلام بيننا، شفايده حُبك وانتِ ابعد من السما؟لا سؤال ولا لحظه لقي🌸.  خواطر  الشرقيه  الدمام,love
عامه الطريق كمان كان واقف واقفه طين و لسه داخل زايد اهو..يوم لاتيف,anger
احم احم العراق فعلا يستحق ذهبيه الاوليمبياد قدم افضل فريق لعب لحد دلوقتي,none
توماس باخ هيعمل مؤتمر صحفي جديد عشان العدد النهائي للمشاركين الروس في الاوليمبياد تم استبعاد ال 17 المشاركين في مسابقه التجديف !  Rio2016,none
زاد الميعاد في حكم العاب القوي و الاوليمبياد,none
صاحبك اللي اقرب ليك من اهلك ❤️,joy
free7 من حقاره ووضاعه الهلال يحيي الشهري سجل عليهم بنفس حركه الجربوع !,anger
هل تعلم ان اليونان تدخل دايما علي راس طابور المشاركين في الاوليمبياد يليها باقي الدول بالترتيب الابجدي,surprise
سالوا العرص : هل تعلم نسبه البطاله في مصر ؟؟؟ قال : المصريين كلهم ابطال !!!..اعم مش فاضي انا بحارب الارهاب... المختمل تحيا ماسر ...,anger
الرقم مخيف حقيقي 21 مليون قطعه سلاح,fear
{اذ تستغيثون ربكم فاستجاب لكم} اللهم انا نستغيثك للمستضعفين من المسلمين في وكل مكان، كن عوناً لهم  يارب انصرهم،وفرج عنهم، واهلك عدوهم..,sympathy
نيمار يسجل اسرع هدف في تاريخ الاوليمبياد في الثانيه 16,none
: نشجب ونستنكر باشد العبارات لما تعرض له  عمده تاروت من عمل اجرامي جبان ونتمني له الشفاء العاجل  كدا كويس؟ ????,anger
الاوليمبياد وسنينه,none
روجر بويز في     التايمز    : كيف فضحت حلب عجز الغرب؟,anger
وانتصرت حلب فك الحصار عن حلب الله اكبر,joy
ربنا يصبرهم علي ماابتلاهم الناس دي شافت ظلم كتير ! ربنا يفك اسرهم ويفرج كربهم ويرحم ميتهم ويرد غائبهم  البلتاجي ايقونه ثوره,sympathy
و صحيح دي هتبقي اول مره في تاريخ الاوليمبياد ان الافتتاح يبقي علي ملعب مش هيبقي عليه منافسات العاب القوي ، الافتتاح علي الماراكانا,surprise
يايا توريه و صلاح لا طيب؟,surprise
شوفو لمروكيه حبت تسرق حسام علي ولدو ومرتو  soon  طلياني ثاني ????????????,anger
وخلاصه التّجارب كلّها في ّ انّك لا تحبّ حين تختار ولا تختار حين تحبّ، وانّنا مع القضاء والقدر حين نولد وحين نحب وحين نموت.,love
: ما يُحْدِثه الغناء مِن نَشْوَه وطَرَب ، وقد اثْبَتَتْ دِراسات علميه تاثير الغناء علي السائقين  كيف لفرح ان يكون ذنب,love
حالتي النفسيه متسمحش اني اذاكر وامتحن كده تو ماتش,sadness
المصري محمد حسين الان سباحه النيل الرياضيه  مصر في الاوليمبياد  ريو دي جانيرو 2016,none
: اللهم نستودعك اهل  الموصل واهل اللهم احفظهم وانصرهم اللهم انصر دينك وسنه نبيكﷺوعبادك الصالحين,sympathy
انا حارجع العب چودو تاني و حاتمرن جامد و اروح الاوليمبياد الاعب الاسرائيلي و اهزمه و لما يجي يسلم عليا حاسلم عليه و اعطس في وشه اغرقه تفافه,none
اشَتهيّ انْ تَرجعْ بِيّ سَنِينْ لاجلِسْ علَي ارجُوحَہّ ولَا افهَمْ مَ يَدور حَولِيّ .. !”,sadness
الهاشتاق يمثل قضيه وطنيه ومن حقي كانسان غيور علي وطنه ودينه انه يعارض افكاركم ي ناقصات العقل اجل بنات احرار  قبحتم,anger
منتخب امريكا لو مخلصش اي ماتش في الاوليمبياد كسبان بفارق 40 نقطه علي الاقل بعتبره مهزوم ! ده فريق خرافي  Rio2016,surprise
حازم ابو اسماعيل دا امنجي ، استخدموه و بعد كده رموه,anger
ضاعت اجمل سنيني من عمايل يديك اكذب ان قلت راحت لاجل عينك فدي فرصه العمر قالوا لا غدت ما تجيك جتني اكثر فرص عمري وضاعت سدي,sadness
ونتي زي النور في طبق بنور,joy
: قلوبنا ❤️ معكم اللهم اقر عيوننا و عيون اهليهم بعودتهم سالمين غانمين ..  عاصفه الحزم  كلنا الجيش السعودي,sympathy
فعلا خايفه حد ينفجر فيا 😀,fear
: اغار علي اعطافها من ثيابها اذا البستها فوق جسم منعمي  باليمني حب,love
وهي طيزها عالميه وتستاهل تدخل الاوليمبياد,joy
:  الرحمه : كثيرون علي قيد الحياه ... ولكن قليلون من هم علي قيد الانسانيه ...!,sympathy
معكم قلباً وقالباً انجلينا جولي ما احسن منا بشي 🙂,sympathy
ربي جابك لي هديه من السماء ❤️ . . .  ياسمين  الشوق  الاحساس  احساس  شوق  منشن شخص…,love
جو سيبك انت من الناس الهدامه وعلي راي المثل ( الكلاب تعوي والقافله تسير ) خليهم يعووا,anger
اتاني هواها قبل ان اعرِف الهوي فصادفَ قلباً خالياً فتمكّنا.,love
مصر خرجت من بطوله الرمايه في الاوليمبياد بالمركز 41 من 44 .. كانوا جابولهم اهداف من الثوار والاخوان ومناهضي الانقلاب والمُصليين عشان يفلحوا🔫,anger
alasd العراق كُلهُ مختطف من قبل الرافضه والفُرس عليهم من الله مايستحقونه ..,anger
؟ دعاء اللهم اني استودعتك عذبي فاحفظه بعينك التي لا تنام ❤️,love
في الاوليمبياد,none
شحات بيضرب عالانتركوم عايز اكل و جل لشعره عشان خشن....في ايه يا مصر عالصبح؟! ????,anger
ايه اللي دخل النواب ولاد المتناكه في الاوليمبياد. ياولاد الوسخه,anger
shawan: شاطئ نصف القمر ( هاف مون ) 1977م والذي يبعد52كلم عن الخبر من اجمل الاماكن ولا يزال .  قهوه السابعه  فجريات  جماليات,joy
دعم محمد بن نايف مليون متابع يستاهل ولد نايف 👍هذا شبل من ذاك الاسد من خلف مامات 😌الله يوفقه ويسدد خطاه لما فيه صلاح البلاد والعباد,love
انا اكون جاهزه قبل الوقت بنص ساعه لكن رافض يفتح معي انا خايفه ان موقعي في الجامعه فيه مشكله رغم انه تم تسديد الرسوم,fear
ثقافه  الاحتشام  عمومًا، البنت التانيه ماكانتش محجبه بس لابسه sleeves وpants برضه. اللي اتريق كان محتاج دقيقه يفكر ان دي ناس في الاوليمبياد.,none
Usama ربنا يخليكي يا رب ^ ^,joy
بمناسبه الاوليمبياد احنا لازم في مصر يكون عندنا رياضه من الاصل قبل ما نفكر نبعت لعيب يجيب ميداليه الحاله منيله خالص,sadness
alnahdi   مرسي ابن الزيناتي اتهزم يارجاله بالانجليزي,anger
والله دي تاني مره اخاف من وقت 28 يناير، فعلا خايفه ومرعوبه علي مستقبلي الضبابي,fear
اما نظم العداله الاجتماعيه فتبعث علي الاطمئنان والفضيله .. يعني كل المشاكل الموجوده الان لم تكن موجوده ايام ناصر,surprise
قررت اتابع الاوليمبياد,none
(اتفضح فضيحه حماده في الاوليمبياد) امثال مصريه,none
اللي حصل ولا معقول التغييرات الصراحه,surprise
فيه ابناء للقوات المسلحه لسه في الاوليمبياد ولا خلاص كده ؟,none
الوضع الانساني في الجانب الايسر مخيف جدا ، منذ ايام لا توجد كهرباء ( الرئيسيه والمولدات) ،ومنذ امس بدا انقطاع الماء عن اغلب الاحياء  الموصل,fear
الحب الذي يملا وقت فراغك لاتقسم به .. ليس,love
كاظم الساهر  زيديني عشقاً زيديني  يا احلي نوبات جنوني  زيديني,joy
الله يوفقهم ويستر عليهم,sympathy
صباح الورد يا عنتبلي بيه !,joy
: نحن الذين بلا وطن يوجعنا المنفي كلما هششنا بالريح شمعه,sadness
: استشهد العميدمحمد بن محمد حسين اليافعي وهو من القيادات المهمه بالحملهعلي تحرير ابين بتفخيخ بزنجبار الله يرحمه ويسكنه فسيح جنا…,sadness
ما نفسي يجي الاسبوع الجاي خايفه مممره,fear
مراحل حياه الانسان:  1  الميلاد 2  احا هو في ايه!! 3  الموت,surprise
الكومنتات  اه جزء جاي من اوريا تعالي شوفي اسكندريه في الشتاء وبعدين اتكلمي وفلاحين متعتبرش شتيمه لما بنقول فلاحين...,anger
افتتاح الالعاب الاوليمبياد في ريو دي جانيرو البرازيل 2016 دخول الفريق المصري,none
الاوليمبياد مثلا  من اسباب رفع الضغط عند المصرين,none
: اقسم بالله اللبس اللي انا بجيبه لجوجو بنتي انضف و اشيك من اللبس اللي شيرين المعفنه لابساه في برنامج the voice عرتونا ج…,anger
من اجمل الصور الخالده جندي سعودي مصاب يقبل راس جندي شهيد حب الوطن لا حدود له ❤  السعوديه,love
اسمي المشاعر والاحاسيس يشعر بها الانسان تجاه الاخر فالحب ليس مقتصراً ع شريك الحياه بل حبنا لاقرب من اخوه صديق …,love
:   من يثق بك عش معهُ باخلاص لان الثقه لا تُعطي الا لمن نُحب❤,love
لا يوجد رجل لا يحِب النساء !.. لكن هناك رجل اقتنع بان احداهن تكفِيه ...!! هذا هو حِبيبي...!! ....  عمو,love
مش عارفه ازاي يحصل كده في حين ان المفروض ان الاوليمبياد حق لكل انسان انه يتفرج عليها😑,sadness
سامي بهلول 28عاماً لم يستسلم لاعاقته ومضي باصرار لاكمال تعليمه الجامعي فاجتهد وثابر حتي حقق حلمه، واعتلي منصه النجاح,love
: وعاده ابين محرره مطهره من عناصر الاصلاح المسمي قاعده وميليشيات الحوثي صالح المسمي داعش. عاشت ابين وعاش الجنوب العربي,joy
افتتاح الالعاب الاوليمبياد في ريو دي جانيرو البرازيل 2016 دخول الفريق الاردني,none
بس هو هيلحق افريقيا بعد الاوليمبياد صح؟,none
تشكيله  النصر بدون اي لاعب اجنبي..!! بينما تشكيله السير خليفه بـ الاربعه اجانب وبعض المحليين المنضمين حديثاً .!!   دهاء السير خليفه  الاتحاد,anger
ده قالي في يوم يا حبيبتي خدي القمر  ورحت معاه ومااداني الا السهر,sadness
شايلاك في نن عيني يا عيني واللي بينك و بيني اشواق كل الاحِبّه وحنين المحرومين  ورده,love
خلاصه يومين فرجه علي الاوليمبياد : البعثه المصريه فيها لاعيبه تقريباً اتفاجؤا انهم هيلعبوا او حد صحاهم من النوم علي البرازيل علطول,surprise
ممكن نبطل هري و كلام في الكوره و نشوف الابطال اللي بجد في الاوليمبياد بيعملوا حاجه تشرف بجد  Rio2016,joy
الاجسام رهيبه في الاوليمبياد علي مستوي كل الالعاب الفردي والجماعي من الجنسين .. منظرهم مبهر فشخ,joy
كوسوفو اللي مشاركه ب8 لاعبين في الاوليمبياد واول مره في حياتهم يشاركوا اصلاً، اخدت ذهبيه في الجودو! واحنا مشاركين ب140، كل يوم بيطلع 10منهم.,surprise
انا صابني الحزن ماقولتش ليه وعاندني الحزن قدرت عليه...,sadness
اللهم انتصر لضعفائهم واطفالهم ونسائهم وشيوخهم,sympathy
al:   silo هاهم جنود الفرقه الذهبيه من داخل ارض الموصل لن نتراجع ولن ننسحب سنقاتلكم وستكون نهايتكم علي يدنا,anger
اندي موراي معاه فرصتين للصعود لنهائي الاوليمبياد,none
ibrahim هيا انا معك الان وتحداني مره ثانيه نجيب صحيح البخاري  ونفتح الصفحه واذا وجدنا ان عمر رضي الله عنه وحشاه من ذلك كان لوطياً,anger
يعني مثلا الاوليمبياد اهم موجودين ولعبوا ماتش قدام البرازيل كويس وعندهم لاعب اسمه علي عدنان صراحه لاعب كويس فشخ,none
صامته وفي قلبي انين روح مجروحه,sadness
لقد هرمنا من اجل هذه اللحظه .. هنسقط يا موزه :D :D,joy
كاريكاتير الرياض لايمثلني  لا تمثلني اطلاقاً ،، لانها و ببساطه اكبر صحيفه عنصريه ????,anger
الكويت اتمنعت من دخول الاوليمبياد والبطل ده دخل بدون علم وعلشان كده هو تحت العلم الاوليمبي وسبب منع الكويت👈 التدخل الحكومي😉,none
d15: حلو لما يكون فيه انسان علي قد ما انت خايف تفقده هو خايف يفقدك وعلي قد ما انت معتبره سعادتك هو شايفك الدنيا بعينه,fear
هكذا يباد  الاطفال في  العراق بدهس بالدبابات وهم احياء اين الانسانيه بل اين الخوف من الله 💔,sympathy
انت انسان مش محترم وكفايه كلام عن برونزيات مصر في الاوليمبياد,anger
قهر وفقر وجوع كان الله في عونهم ثلاث مهلكات تنوء بحملها الجبال الرواسي !!,sympathy
انا خايفه من البلد دي .. خايفه جدا والله,fear
افضل مدرب..! وفي تاريخه ولا بطوله افضل مدرب ..! وجميع اهداف الاهلي بكور ثابته افضل مدرب ..! يخسر من سامي افضل مدرب ..! ويبعد شيفو,surprise
يسعد مساكم ^ ^,joy
صباح الخير ايهم  كل سنه وانت سالم,joy
:   25jan   اعوذ بالله مايسوي هذا الرز اللي تحكوا عنه قطره دم لواحد من اخواننا المصريين الله يحميك يامصر ويحفظ…,sympathy
ibrahim:  مهند مات احلي ما فينا مات يااا  مصر 😢 و احلنا شبابنــــــا اللي بيموتوا 😢😢✋ نهايتنا في بلدنا  الموووت 😢😢✋👇,sadness
مازال احمد الفريدي يثبت تدني اخلاقه حتي بالمباريات الوديه ????    بطوله تبوك الوديه,anger
يمزق القلوب براءه الاطفال في تغتالها الغارات الجويه..,sympathy
“  alriyadh: وزاره الصحه تشدد علي منع الاختلاط في المحاضرات الطبيه .   السعوديه  الصحه  الاختلاط،،، عوده الي الوراء ، وتحكم لوبي الشك,sadness
نساء الاولمبياد لايمثلوننا لتحديد وحصر توجهات المشاركين فقط: هل تمثلك الفتاه المشاركه في الاوليمبياد؟,none
الاطفال طفل يتحدث عن اخيه المصاب ب  متلازمه دوان متلازمه الحب 💗,sympathy
alq:     كلناااا معكم ...,sympathy
Ill: من سخريه القدر ان يكون بيننا من يحرم سماع العمالقه طلال مداح او محمد عبده ويطرب لسماع هذا النشاز القبيح,anger
اليمن ماقلت شي ولو اهل اليمن اردو ان يسقطو عفاش والحوثي لاسقطوه بس غلب عليهم الكلام دون الفعل,anger
حتّي مُعانقتك وتقبيلك فِ الخيال لذهَ 💞✖ .  مشاعر  بوح  عناق  هو ده,love
قلوبنا معكم ❤❤❤و دعائنا لكم 💗💗  للحشد انتمي,sympathy
البدري فرغلي    : يا خسارتك يا مصر.. الجنسيه هتتباع بالفلوس  ولسه ياما هنشوف لسه مع العميل القزم عليه العوض,sadness
1r:  الامير منصور بن ناصر بن فهد ال سعود قيمه هالخرفان والعلف قيمه راتب سعودي وانت تحاول تهين بها الناغي. هنا يقترن الترف والحماقه و…,anger
بحلم بيك انا بحلم بيك تارارا را رام,joy
: اللهم انا نستودعك برها وبحرها، رجالها ونساؤها، اطفالها وشيوخها، يامن لا تضيع عنده الودائع.,sympathy
يارب تناديك يا للله  يارب اطفال تناجيك يارب انته عوننا يارب والعرب خزلونا  يالله,sympathy
هيعملوا حوار معاه قبل الاستاذ وائل الابراشي؟,surprise
انجازات ابطالنا في الاوليمبياد .. رفعت اسم الوطن عالي .. برغم الايقاف .. وصفعه بوجه كل .. نائب وقف ضدهم .. وضد الرياضه. مبروك وننتظر المزيد.,joy
اللقطه دي من اجمل وارق واصدق اللقطات اللي شفتها في الاوليمبياد دي.,joy
هو حفل افتتاح الاوليمبياد امتي؟,none
ايوه يعني لو انا عاوز اشجع اللاعيبه المصريه في الاوليمبياد ارفع علم مصر ولا علم السعوديه!!!!!!!!!!  رجعوا حماده,surprise
اعدام 21 داعيه سنيا في ايران ان شاءالله انهم مظلومين  واحنا عندنا عدد بالمثل جواسيس  واذناب لاايران خليه التجسس  السيف بيمر عليهم قريب,anger
: شاركونا الهاشتاق  اجرام نظام الملالي بحق سنه  ايران لاينبغي ابدا السكوت عليه افضحوهم   اعدام 21 داعيه سنيا في ايران,anger
عرفتوا ليه العالم المعرصه دي خايفه من جمهورالاهلي وخايفه م المدرجات,fear
❤︎ ، ، ، صـعـب فـرقـااااااهــ صـعـب انـسـاااااه🚶🏻💔  مساء الشوق 💫  قبل يومين 👌  عراقي …,love
الستات رافعين اسم مصر بره يا خيبتنا التقيله يا رجاله مصر الف مبروك لمصر فوز  ساره سمير ببرونزيه رفع الاثقال في الاوليمبياد 🇪🇬 👍,joy
شاب يموت حزنا علي شقيقه ويسالونك عن الامان قل هو عطف اخ ..😢💔,sympathy
ومعرفش يرفع اي حاجه امبارح هل احنا معندناش حد بداله يشارك وازاي تجيب لاعب تدربه تلت شهور بعد اصابه ويشارك بعدها في الاوليمبياد!,anger
تحيه لكل لاعبي مصر  اللي رفعوا علم مصر بس  في الاوليمبياد .. عارفين تحديكم لكل الظروف وبرونزيتكم عندنا دهب والله .. ربنا يحميكم,joy
وفود دوليه و عالميه و ميداليات و افتتاح و صرف و مشاهير و سياسيين اكبر الدول يحضروا في حدث مهم زي الاوليمبياد و الليبيين ساهرين عشان الدرايق,none
في ناس بتكون عم تضحك قدامك،عيونن عم تلمع، فجاه بتصير تتغير ملامحن شوي شوي من ضحكه لزعل،و عيونن بتصير شارده، بتنطفي اللمعه،بترجعلن غصه.,sadness
الميداليات التي حصدناها في الاوليمبياد فقط في رفع الاثقال. تحمل المشاكل والعيش بها الموهبه الوحيده المتبقيه نتيجه فشل وفساد النظم المتعاقبه.,none
خائفه جداً من ان احبك ولا تبادلني هذا الحب..!  meera  bh 💙,fear
والله الواحد فرحان للاردن، اول ميداليه في تاريخ الاوليمبياد دهب :D,joy
: لا يمكن اخفاء الحب مهما حاولنا في المراه تفضحها الغيره والرجل يفضحه الاهتمام,love
CNN قذره وبالعربي ان شاء الله كل امريكا تقع بل وتحترق وﻻ يبقي فيها ﻻ اسم وﻻ مكان علي خريطه العالم ..مصر هتجننكوا يا قاذورات ..,anger
كان اقصي احلامنا ان ناكل ونشرب ونتعالج فلم نجد اي شيء من هذا فانتحرت ابنتي واسرتها .. وقهر في بلد العهر,sadness
متضامنون معكم  اضراب الاطباء العمانيين5,sympathy
zlli: حائط الحنان في لندن كل من يعاني الجفاف العاطفي يلجا اليه فتمتد منه ايادي وتعانقك المفروض يحطونه بالسعوديه ????.,love
يعني دلوقتي دوله مش قادره توفر دواء و في ماتش تلم ملاين و شعب يقولك معيش فلوس.ناس ديه فعلا ملهمش غير ربنا يتولاهم برحمته. انقذوا اطفال سرطان,sympathy
وعشان كده بولت هو نجم الشباك الاول في الاوليمبياد .. حتي في وجود اعظم اوليمبي في التاريخ,none
مش عارف ابتدي مذاكره منين :/,sadness
ذبيح الفلوجه كاظم الركابي من اهالي قلعه سكر في الناصريه ترك ايتام. .وبالمناسبه لا احد تكلم عنه. لا احد وصل صوت اهله  الله يرحمه,sympathy
اعتقد دي احسن مشاركه لمنتخب الطايره اشوفها في الاوليمبياد .. كفايه اننا كسبنا ماتش يعني :D,joy
دا خوف وعدم ثقه فعلا ،، انتي ركزي فالموقف قدامك وسيبك من معتقداتك القديمه والحاجات اللي حصلتلك زمان و مخوفاكي,fear
ودي اعلق… بس خايف من الشرطه الالكترونيه 🤔,fear
يمه والله روبي احس اني خايفه مع ان صار لي اسبوع ادرسله😭,fear
ما هو لو كان في اسكواش في الاوليمبياد كنا ضمنا الذهبيه والفضيه والبرونزيه مع بعض كده كلهم !  ريو2016  مصر,none
مواصلات وورق وكورسات 😂وف الاخر في جبل ورق فوق المكتب خايفه اقربله ينفجر 😖😂😂,fear
خايفه اجيك ومالي في قلبك مكان و خايفه احكي لك عن شوقي و تهملني مثل اخر مره,fear
في ناس الغربه كسراها وناس الغربه كارهاها وناس مضطره فـ بتبعد وشايله بلدها جواها 😓😓,sadness
دعاء نازله الجنينه حياتي?  StaracArabia   DoaaElSebaii  دعاء السباعي دعاء السباعي دعاء السباعي,joy
حسب التقرير يوجد 20 مكتب تحت اشراف ايران في وسط و جنوب  العراق لتجنيد المرتزقه لا بواكي عليهم تعالوا نشتم الوهابيه و التكفيريين هم السبب ????,fear
: الموضوع مخيف جداً ان حد يبقا معاك دلوقتي ويعرف كل تفصيله دقيقه عنك ،وفجاه ينسحب،وبعد فتره تلاقيه مع حد تاني بيشاركه نفس…,fear
خبرين حلوين ف يوم تلات !! لا مش مصدقه لا 😂😂,surprise
TM: ...... حلب حلب ..... .....امست تصاحبها الكرب صرخت ونزف جراحها ✒يشكو صواريخ العرب  بوح المشاعر,sympathy
اجمل بلد في الدنيا هي الامارات الحبيبه .. تحيه طيبه من مصر لكل الامارات شعب وحكومه,joy
ليه بتلوموا لاعب  الاوليمبياد  المصري اللي رفع علم السعوديه علي اللي عمله!!!... في نائب اكثر نطاعه من العبيد رفعه في  المجلس.,anger
بشار الاسد وهو رخمه  اسماء متناقضه,anger
:   اتقي الله اخي محمد :(,anger
مشاعر حبي تقول . . . . كــن  صـديـــقــــي فـــ  الحــــــب في زمـــــنـــــنـــا ليس للـــ  اوفـــــيــــاء..!!!! . . . .  لهفه برود,love
: ..هو ان تشعر انك مسؤول عن روح اخري تمكث داخل قلبك ❤️قبل جسدك ..  عناقيد حرف  حنايا الشوق  قهوه توت,love
????نخجل عند اهتمام  شخص بناولم نصنع له يومًامعروفا ونتالم عند  نكران   شخص ????????اشعلناله اصابع يدينا شموعاً ❗️  همسه بدر,sadness
قلبي وجعني وقاعده مكسوفه من نفسي من المنظر عالتليفزيون والله ماكنت اعرف ان الوضع سئ وواصل للدرجه دي,sadness
الاربعاء 7.30 مساء وثائقي عن كره القدم العربيه في الاوليمبياد يتضمن مساهمه من القاهره مع ابرز لاعب كره مصري علي المستوي الاوليمبي,none
ربنا يخليهولك ويسعدكوا,joy
كل بطولات السباحه والرمايه وركوب الخيل في الاوليمبياد فاز بيها كفار   مش عارف بقي هما اللي بقوا مسلمين ولا احنا اللي بقينا كفار !,sadness
احمد اكرم في المركز ال11 و مروان المركز ال7 و بالتالي اكرم يودع الاوليمبياد لان اول 8 هم اللي بيتاهلوا,none
مصر داخله بفرقه في الطائره الشاطئيه في الاوليمبياد :D النت هيبقي ممتع فشخ وقتها.,joy
: ان مررت يوما وقراتني ستجدني متعبه ، خائفه ، موجوعه ، وربما ابكي ولكن برغم كل ماقرات لااحتاجك .,fear
خائفه جِداً وترعِبُني كل نغزات الالم فِ صَدري💔,fear
Common sense 😕 ابوي يكره كل شي امريكي حتي المشاركين في الاوليمبياد يتمني خسارتهم بـ سبب كرهه لـ امريكا سياسياً 😂😂,sadness
الحكومه مرعوبه .. ودا المطلوب.,fear
ما اوحشك  يا دنيا,sadness
ايمن يونس ده رغاي فشخ وحورتجي,anger
لاعيبه مصر من كتر خروجهم في الاوليمبياد يحسسوك انهم مسافرين من ورا اهاليهم,sadness
RSEDK حرام عليكم,sadness
يعني مثلا منتخب مصر لكره اليد كسب بطوله افريقيا فراح الاوليمبياد .. اللي في الصوره طلعت تاني في بطوله افريقيا راحت اوليبمياد كده يعني :D,none
كل دا بميداليه في الاوليمبياد,none
الله معكم اينما حللتم ياابطال رابعه✌🏼️.,sympathy
اخي ان رحلت فلنا لقاء قريب,sadness
بشر سعوا للخلود وتحدوا  الموت..!! ولكن كانت  المفاجاه ..؟؟...,surprise
بوجي بيدرب امريكا وهيلعب قدام مصر ف الاوليمبياد,none
ولا تزعل 💐,sadness
كفرشيما تتشح بالسواد مرتين في اسبوع  ملحم بركات وام  ماجده الرومي  لبنان  سواد الليالي,sadness
العالم كله يتابع افتتاح الاوليمبياد في البرازيل، ونحن ابتلانا الله بهذا المعتوه عبد الفتاح السيسي الذي يحتفل بفشله  عيد الحفره  مصر,sadness
وفجاه صار بيني وبينك حاجز من كل الكلمات اللي كان لازم نحكيها وما حكيناها ايسترو للدعم,sadness
ما اقول غير الله يعين ذا 😿💔,sympathy
تسريح العسكريين البدون اكثر ناس مظلومين البدون كان الله في عونهم,sympathy
معلش لو مفيهاش اساءه ادب يعني هو احمد توفيق بيعمل ايه بالظبط !!!,anger
احنا ايه اطقم الغسيل الي احنا رايحين بيها الاوليمبياد دي ؟!!!,surprise
salyy: حين نقول انتهي كل شئ .. ليتنا نملك القوه والشجاعه لكي ينتهي فعلاً...,sadness
: وداعاً يا من ملكتَ فؤادي بِـ حُبِكَ يا من تَتُوقُ روحي لِـ رُؤياكَ يا من اكتفيتَ بِكَ وحدكَ  سَـ ابقي لك  سارحل يوماً بصمت …,sadness
: * قلبُها وطن ، وانا لاتروق لي الغُربه .. ..™,love
: بابا ليش عن تبكي !! مو اتفقنا ان ماما شهيده ؟!,sadness
دول افريفيا مبوزه سمعتنا في الاوليمبياد,none
اسود وزن فوق 105 كيلو عاملين مذبحه في الاوليمبياد دلوئتي — watching the Olympic Games,none
ذكري الغزو العراقي الغاشم  اطماع شخصيه يظنها صاحبها هينه.  ويستغلها العدو لصالحه. .فلا الطامع نال مطامعه ولا الامه سلمت من شرورها.,sadness
يااستاذ نبيل ماتشغلش بالك ببعثه مصر في الاوليمبياد لانها ماتستاهلش تضيع وقتك وكمان صرفوا 400 مليون جنيه ولم يحققوا شيئ يذكر,sadness
*انا خايفّ يستمر صمت الشفايف*,fear
خايفه في 2017 يقولو لينا الهواء بقروش .,fear
ساظل ابحث عنك مهما طال بي زماني واقول اني احبك دون ان ينطق لساني فالحب في قلبي له اسمي المعاني والكل يعرف اني من دونك اعاني  شعر  بوح,love
ايه دا انت شايل مني ؟ طب خد شيل تاني بقي ..,surprise
بصراحه اصل مش وقته خالص الناس مرعوبه من زياده الاسعار و دول زودوا سعر الوقود و دي سلعه مهمه و حساسه,fear
اتنفـس  الاحـزان يا مـولاي اذ ان  الـبكاء عـليك  اصـل الحياه,sadness
انا اتذكر اني قمت فتحت عيوني ساعه 1 شلرن صارت 2.35,surprise
Sadam H الرجل الذي لاقي الموت فهزمه كما هزم ايران وخشاه اعداءه عاش جسورا ومات جسورا,love
اايههه 😂😭 لا انا خايفه افهي واضيع بين القاعات عاد اسويها والله 🌚😂,fear
لا يوووووووصف ????❤  احساس خالد عبدالرحمن,joy
ايه جد بتكلم، انا متعاطف وبشده مع تلك الكائنات المضطهده.,sympathy
مش شرط كل مره يرفع اكتر بتفرق تركيز و رهبه الاوليمبياد برضه,none
يتنافسوا عليها في الاوليمبياد ويكسبوا فيها ويزودوا عدد ميداليتهم ودي دايما بتكون الدول الغنيه وبتححق الميداليات دي علي حساب الدول الفقيره,none
وعلي سبيل الاعترافات:  كل ما نكتبه هنا نحاول بطريقه او باخري اعاده تجميل صوره الواقع وترتيب المشهد من هذه القسوه التي نشاهدها ✋🌷,sadness
خايفه من هاليوم ✈️😢,fear
اكثر شي خايف انه يصير .. بيصيرله زي رومن رينز,fear
حتي الرجال مقهورين يا حرام  ظلم  اجتماعي و  ديني,sadness
:  اوقفوا الاختفاء القسري   ﻋﻼﺀ ﺍﻟﺴﻴﺪ ﻣﺤﻤﺪ . خطفوه ليه ؟؟؟ علاء مش ارهابي,sadness
Hariri Dr: عصابات الاسد تكثف القصف العنيف علي احياء  درعا البلد مؤخرا لانها الجبهه الوحيده حاليا والتي تتعرض للضغط الاكبر وسط جمود…,sadness
طبيبه مصريه ؟!!,surprise
اعشق لمعه عينيك واعشق ابتسامتك واريدك بجانبي طوال العمر,love
: احبگ لانگ انت لا يشبهگ الا وانت 💜,love
علي رايك ههههههه بس دايما تلاقي منافسه عربيه بين مصر وتونس في الاوليمبياد او اي دوره العاب يعني,none
البرشااااءءءءم يغزو الاوليمبياد.,none
كفار قريش دول كانو وﻻد وسخه جاحدين اوووي بقي النبي يعرض عليكم تدخلو اﻻسﻻم وتدخلو الجنه وترفضوا  كانو هيخسروا ايه يعني مش احسن من اﻻصنام,anger
mehsen:  حاكموا السراق المشكله العبيدي صار مثل قائد الضروره وهو اتعس من نفس القائد شعب يحب الطواغيت والظالمين,anger
لافت نظري في المنافسات النسائيه في الاوليمبياد ان اكثر الجمهور رجاله و كمان الدكتور و المدرب كلهم رجاله . ناس اوبن مايندد 😂😂,none
عشان اخدك من علي اول الشارع و نمشي شارع مؤمن دا مع بعض,joy
الله,joy
انا كل اللي لغت انتباهي ف موضوع الاوليمبياد ان كوريا الجنوبيه المركز التالت 😂 مفيش اي انتماء لمصر خالص,none
في لهفتك غيم ومواعيد واحلام وفي شوفتك قصّـه غرام طويله 💕,love
فريق ال handball هو الوحيد الي هيعمل حاجه في الاوليمبياد دي ☝,none
ايه دا دا انتم مصممين تولعوها بجد,surprise
رجعوا حماده غدر الاوليمبياد,sadness
انا مش مستغرب ان  حماده طلعت رفع علم السعوديه، انا مستغرب ان الناس اتفرجت علي وفد مصر في  الاوليمبياد  Rio2016,surprise
الاهلاويه بيضحكو علينا بحوار الاوليمبياد ده عشان نبطل نتكلم عن الذكري الرابعه للحط عليهم :),none
والله انا خايفه اعيش ف البلد دي .. خايفه اتجوز و اخلف فيها ..,fear
قنوات ايه الي بتنقل الاوليمبياد,none
AL3TEEBE   يعني يوم نشوف قصصكم يصيبنا الذهول ومتعاطفين معكم بس مايدينا الحق ان نلغي سلطه الرجل، خلقنا الله اناث مو نقص فينا,sympathy
و السلام عليك ورحمه الله وبركاته  وجووووووووول للاتحاد =D,joy
: كل صباح يبدا بك .. هو صباحٌ لذيذٌ ، عصيٌ علي النسيان..!  حديثٌ خطير النوايا,love
من يحبّك حقاً لن يجرؤ علي مرور الوقت بدونك ، سَ يحن ، سَ يشتاق ، سَ يتالم ، سَ يصّنع المستحيل ليحادثكَ !,sadness
حاجه تزعل بجد,sadness
sitra   alkabaz مات الشاب كله منكم ومن اهل العمائم لبي نداء كلاب ايران لتخريب بلاده البحرين من مولوتوف و حرق سيارات وعصابات,anger
اسال الله ان يتقبل شهدائكم ويشافي جرحاكم ويشد من عضدكم ويمكنكم من عدوكم ويصون بيضتكم يا امل الامه بعد الله.  مازال للملحمه بقيه,sympathy
المُخيف: ان يمتدحكَ الجَميع بينمَا تسقط انت من عين نفسك,fear
يا اخي. شنوو الفايده من هل حجي اخي محاصر بجزيره الخالديه من اشهر وامي استشهده هم هناك وماكو اي دعم واسناد الهم كله هربو وتركو,anger
انا خايفه من نفسي..,fear
كلنا ضد مريم بيفور58 ، من يومنا نخوف ????????????????????????????????????????????????????????????????????????????????????????????????????????????????????????????????????????????????????????????????????????????????????????,anger
don: كلنا معكم يا قلوبنا  رساله لجندي عراقي,sympathy
: شاهد????2️⃣ امطار وسيول  قريه الخوانق  با العرضيات عصر  اليوم ماشاء الله تبارك الله  فريق طقس بدر  احمد القرني,joy
: سوري عاد لبيته فوجد عائلته استشهدت امس بقصف المجرم بوتين يبكي ويبحث عن جثثهم    حلب تحترق,sadness
انت بره غزه ما دحشك في الضيعه الضايعه !!,anger
اليوم اعتقل نفسي في زنزانه الحنين اكتب علي جدار صغير الف امنيه .. احاور نبض القوافي وهي تغتال صمتي وانا اتنهد هذا الاشتياق,love
sa 8: صُوتِك الذِيّ يَمّلئُنِيّ عِشّقاً اِشّتقتُ اِليه ..  صوتك,love
هو انتم مستغربين ان مرسي طلع براءه من اقتحام السجون ؟! 😃,surprise
دوناروما للسيتي !!!!!!!!!!!!!!!!!!!!!!!!!!!!!!!!!!!!!!!!!!!!!!!! لا لا مشششششششششش ممكن ماني مصدق,surprise
: اغار عليها من ابيها وامها ومن خطوه المسواك ان دار في الفمي  باليمني حب,love
: ايا قدس بلغيه سلامي واهمسي لقلبه بحنان ودفئي صدره بوشاح غزلته من اشواقي,love
???? تقاعس بعض الخطباء والدعاه عن كشف خطر الجماعات الضاله بسبب ضعف الدور الرقابي والتوجيهي!!,anger
هههههههه الكوره من نص الملعب وحسن شخلته بيجري ادام الحكم تتلفي ليه الا لو هي مفصوده ربنا ينتقم من كل ظالم,anger
ممكن نكسب النهارده...ولا هيحصل فينا زي ما بيحصل في الاوليمبياد!!!؟؟  افريقيا يا اهلي,surprise
حادث معلمات اخر يوم دراسه صار عجز فالمدارس بسبب حوادث المعلمات ومن وزير في وزير.. ومن جرف في دحديره كان الله في عونهم,sympathy
قد لا يكون بتوقف النبض فقط !!  الانتظار موت والملل  موت والياس  موت وظلمه المستقبل  المجهول  موت,sadness
احنا وصلنا لقمه التخلف لما واحد مصري يرفع علم السعوديه في الاوليمبياد !,sadness
ان الحياه للمحبين تزهر حقيقي,love
سيف زاهر دا والله حمار ولا بيفهم اي حاجه بيقول الزمالك الافضل فنيا طول الماتش افضل فنيا من ياحيلتها بس ❗ ولا هو اي  تعريص وتطبيل وخلاص ????????????,anger
؟ ياساتر يارب ايه اللي حصل دا !!,surprise
خايفه يحصل الي بفكر فيه!!,fear
نفسي اسمع صوتها ولو مره وخايف اطلبها منها  خايف من رد الفعل 😣😣,fear
علي هامش الاوليمبياد اول ميداليهذهبيه حصلت عليها مصر كان في 1928 المصارعه واللاعب  ابراهيم مصطفي رفع الاثقال واللاعب  السيد محمد  نصير,none
عموما لما الاوليمبياد تخلص هتعرفوا كل وساخه مروان رجب مع احمد الاحمر واللي فاكر كلامنا مبالغه هيعرف اننا بنقول ربع اللي بيحصل معاه,anger
حتي لو كنا بنتكلم كل يوم مثلا وفجاه سكتنا او مابقيناش نتكلم ببقي مرعوبه اتكلم وبفكر الف مره قبل ما ابدا كلام عشان ماكونش تقيله علي حد,fear
قمه القسوه بحق ذاتك ان تعيش علي ارضاء من هم حولك ليعيشو هم علي كسر كل ما هو جميل فيك .,sadness
اييييييييهه هذا اللي انا خايفه مني وربي 💔,fear
شيء مخيف ومرعب! بعد حب وصلح بين النفس والذات مع الطرف الاخر. ياتي ذاك الشعور البارد والقنوع مع من تحب.,fear
raed: فجاه اصبح  انهيار اسعار الاغنام يهدد اقتصاد المملكه ؟؟ عندما يُنظر لمصلحه التاجر فقط ، اين هم عن المساكين الذين لم يذوقوا الل…,anger
: اللَّهُمَّ ارْفَعْ رَايَتَهُم ، وَاكْبِتْ عَدُوَّهُمْ .  بورما,sympathy
مش عارف ليه مش مطمن لماتش غانا و خايف نلبس من كتر الظيطه ديه : D,fear
فيديو: مقطع مخيف لمُفحِّط سعودي يطير في الهواء بعد انقلاب,fear
:  العراق  الصدر يستغرب من استجواب العبيدي وهو بحرب ويتساءل اين القائد الضروره،وهل يخشي ان يكون التالي بعد هذه الفضائح,anger
مصر رايحه الاوليمبياد تودع و تيجي,sadness
دي طابور البعثات المشاركه في الاوليمبياد شغال دلوقتي,none
الفجر النت فصل فقلت افتح التليفزيون واتفرج ع الاوليمبياد ولقيت مايكل فيليبس بيكسب ذهبيتين ف ربع ساعه وحاجه   معلش هكتب التاريخ وراجع تاني,surprise
بس ده مش هيلحق افريقيا يا دكتور ده في الاوليمبياد,none
اسك ايه تعالي DM اقولك مين كسب ذهبيه الاوليمبياد :D,none
الاوليمبياد ، اهي فرحه ع الماشي .,joy
شعور نفسي ابكي..بس مش قااادره لانو في جفاف بعيوني..! ررررررر!! 🙇  يارب 🙏,sadness
ازيك,joy
حماده طلعت خرج من الاوليمبياد عشان كان بيلعب بمسدس لاقيه عالارض,none
لا تجعلوا اقصي امانيكم او تطمحوا له بلا امان.فالحب بلا امان كالطفل الحرام يلقي علي قارعه الطريق لامستقبل له ولا هويه ..!!,love
النظام اللي مرتضي منصور ماشي به ده انه يمشي مدرب بعد كل ماتش هيخسره  هيودينا في داهيه  وفي الاخر  الزمالك هينافس الاهلي عل المركز السابع,fear
الله يوم جميل,joy
حزب المفهين بالكامل معكم قلباً و قالبا ً 🍳🍳💔 ، اخره الحياه الجامعيه .,sympathy
جائزه ع ماذا الحمار عيسي قاسم ارهابي عميل خائن لوطنه محرض ع القتل . قتل الكثير من الابريا بسببه  نطالب بقطع  راس الارهابي بالسيف,anger
alh1133: احب اسمك جداً ، لدرجه انني التفتُ معكِ حين يناديكِ احدٌ ما .  رباب الكلم  قهوه السابعه  كوب لشخصين,love
: ياااااارب اليك نشكو ظلم العدو وتفرق الاخوه يااااااارب هذا حال اهلنا في فتلطف بهم وليس لهم الا انت معينا ونصيرا,sympathy
في نسوان ملط نزلو في حفل الافتتاح بتاع الاوليمبياد ،، شكلها هتحلو اووي,joy
يابنت الخلال صرت خايفه علي فنجان القهوه لا يخطفونه من يدي😊😅,fear
ده غير اننا علشان فشله سياسياً مش قادرين ندخل لعبه زي الاسكواش جوه الاوليمبياد،لو امريكا متفوقه في البلي هيدخلوها,none
ف كل استاد موجود ..  الحريه لجمهور الزمالك,anger
امريكا داخله جمعيه باين مش الاوليمبياد,surprise
يا ابن المجنونه خطير فعلا :   عبر,surprise
انتظر الصباح ،،،،بشوق وحنين حتي اشوف من احب،،،،،، واقول لهم ،،،صباحكم  حلم للدعم,love
nshwaa مرتزق ويقاتل باسم دين مخترع !! توقع منهم اسوا ! والتخزين عقب الدعم اللامحدود من ايران وغيره طوال السنين بدت تظهر نتايجه الان.,anger
سُئِل نبي الله يوسف   عليه السلام   :      ما لك تجوع وانت علي خزائن الارض ؟      قال :     اخشي انْ شبعت .. نسيت الجائع,sympathy
: احد ابطال الرشايده في السودان قوات الاسود الحره  ملازم اول محمد علي محمد الرشيدي اطال الله عمره ودامه ذخر للقبيله,joy
متتابعش الاوليمبياد عشان منتخب بلدك بس...تابع كل الالعاب واستمتع بالمواهب ..ركز عالسباحه سيدات..والغطس سيدات..والكوره الشاطئيه سيدات..,none
vampay   وايه الي ميخلكيش تدخلي صيدله؟,surprise
افلاس وتخريب ممنهج وغذا ستعلم ان السيسي جاء بيحكم بامر صهيوني مباشر لتخريب مصر وتجويع وتعطيش الشعب الحاكم الفعلي لمصر الصهاينه,anger
57   عاجل الايطالي فابيو باسل يفوز بدهب الاوليمبياد في الجودو بطل العالم والاوليمبياد الياباني الاسطوره جو يخسر في اول30ثانيه بالقاضيه  ITA,none
:  وزاره الصحه تحذر من حراميه البلد والمحاصصه,anger
جمهور الاندلس مرعب,fear
بمانسبه الاوليمبياد،تفتكروا ايه الشئ الي لو كان رياضه اوليمبيه كانت مصر اتفوقت فيه ؟,none
مساكين والله .. ..خلكم صامدين لين يعطوكم حقوقكم ولا ترضوا لا ب 300ولا 600..حقكم هو 1060.الله معكم  اضراب الاطباء العمانيين7,sympathy
ممكن حد يكرهك بمجرد انك محبوب لناس كتير,sadness
متضامنون معكم  اضراب الاطباء العمانيين6,sympathy
3  ابرز الغائبات عن الاوليمبياد    Olympics,none
it  هذا المخلوق تم لعنه ونبذه وسحقه وتقيؤه من قبل كل الخليجيين فهذا وامثاله ذباب اعياه طهر الخليج فلم يجد ما يحط عليه,anger
شكلك خايفه,fear
احمد الذروي: عمر السومه يسجل 50 هدف في 45 مباراه متقدما علي البرتغالي كريستيانو رونالدو .. اعرف مهاجم سجل 44 هدف في 20 سنه وسمّوه اسطوره..!!,surprise
: والله راح نمحيها كانه يوصي الجيش العربي السوري قبل ما يستشهد ،كملوا المشوار وروحي معكم لحد انصر الله يرحم الشهداء وينصر الج…,sympathy
مستني ملك  الموت اقابلو وانا  مبتسم😢  keta   يشعر بـالحزن,sadness
حصل واحده صن داونز في الاوليمبياد حالا :D,joy
مرسي بعت شباب الاخوان عشان يعتدوا علي متظاهري الاتحاديه السيسي بعت بلطجيه عشان يهاجموا المتظاهرين عن النقابه,anger
كل الاحزان مكروها الا حزننا علي الحسين فهو عشق تحبه النفوس والقلوب وتدمع لاجله العيون.  الحسين,sadness
حسدوني بزياده,sadness
Balgasem: اللهم انا نستغيثك لاخواننا في اللهم انزل بعدوهم عذابك ورجزك يا اله الحق.,sympathy
مؤلم عندما يقول لك الناس ” كُن قوياً ” ، وليس لديهم اي فكره عن صعوبه ما تمر به .. !,sadness
فقير حظ وهمومي تهد الححـيل ، اسلي نفسي ب هانت ! ولا هانت  💔🎷♩❋ ء,sadness
محتاج حد يفسر ليا ازاي بطل يبقي الشهر ده حطم الرقم القياسي في مسابقه ويفشل في التجارب الاخيره وميلعبش في الاوليمبياد! انا هتجنن اقسم بالله,surprise
باقي 10 ايام جدا خايف💔😅,fear
الحــب اشبه بمؤامره اُحيكت ضد قلبـــكـ ::: ::: دا كلام هنود طبعا ^ ^ :::,love
: الي قواتنا الامنيه وحشدنا المقدس :   قلوبنا معكم وعين الله ترعاكم  ردا علي اكاذيبكم,sympathy
Amir ستك ستك منتظرين اغنيتك يااميرنا علي احر من الجمر نحبوك بالزافا الجيش السوهابي,love
حبيبي انا لك وبين يديك  ادخلني بين ضلوعك ضمني بقوه اعتصر  ضلوعي ونبضي   يحضن نبضك,joy
في معجنه بين ايران وجورجيا في الاوليمبياد ، تابعوها بصوت مذيع النيل للرياضه,none
` خَطيئتي في  الحُـب ..! كِتابٌ واضِح ..! نَوايـا صافيه ..! التَغاضي عَن الكَثير ..! عِشق المُستحيل .. !  انتَجت  خذلاَن  المَصير ...!,love
خايفه ننفجع,fear
عن فرحتي بطولي لما حماده هلال اخد البنت الطويله ومشي بيها انشكاح انشكاح يعني ????????????   يشعر بـالانشكاح,joy
نحن كشجرتين ؛ يمر بيننا الناس ولا يعلمون ان جذورنا تتعانق,love
Veto   فيتو::  مفاجاه «الاخوان» تبيع «مرسي» وتغازل القوي السياسيه بعرض جديد شاهد التفاصيل:...,surprise
الانتصار المعنوي اعلي واغلي بكثير عن المادي في الاوليمبياد .,joy
ايه كوبايه الاوليمبياد دي,none
nami: نبارك للشيخ محمد العريفي علي زواجه من ابنه بدر العريفي ونتمني له التوفيق والذريه الصالحه,love
خسرتك للاسف ..................... ادري و بنفس الوقت ....................محتاجك !!!!!!!!؟؟؟؟!!!؟؟؟!؟؟!!!!!!   مشاعر و  بوح و و  ندم,sadness
اختياري لكم احبه ، و اعرف ان سلطه الحب جباره من  ابداعات  الشاعر  مدغم ابو شيبه  شعر  شعراء  قصيد  علي فكره…,love
جدعان انا عندي امتحانين اوسخ من بعض بكرا.. ادعولي بضمير والنبي انا مخوفتش كدا من ساعه فاينال الماث الي كنت خايفه اشيله السنه الي فاتت,fear
حقيقي انا خايفه من التغير الجاي اكتر من نتيجه الماتش,fear
احا مين ؟!,surprise
و زادت ليه!!,surprise
هو ازاي احمد فتحي مراحش الاوليمبياد مع فريق اليد ؟  الزمالك الاهلي  كاس مصر,none
خايفهَ عليه من الكدرّ  والله اخـاف.,fear
:  زوج يبلغ عن اختفاء  زوجته وكانت  المفاجاه عندما عثرت  شرطه شقراء  عليها !,surprise
خالد يوسف ده بالذات المفروض يخرس ف الموضوع ده بالذات ..  خالد يوسف ممكن يروح يتفسح ف روسيا يتجوز بنت رقاصه ف حانه...,anger
ماتش اليد بتاع مصر في الاوليمبياد الساعه كام يا جماعه؟,none
جيمس رودريجز اخره يلعب كوره قدم نسائيه .عيل طري,anger
ايه رايك اجيبلك شبكه فضه. و سيبك من حوار الدهب !!! = ليه يا اخويا ... شايفني طالعه التانيه ف الاوليمبياد ؟؟  تيم المباحث وتيم القمه,surprise
احنا منعرفش ننظم اسبوع الجامعات والله مش الاوليمبياد,sadness
لو ان القهوه العربيه امراهً لـَ حبّيت راسها 😌☕💛  حُب  غزل,love
gulfprojects  والخدمات في عمان لا ترقي بالمبلغ المدفوع والعروض هزيله,sadness
ودي اعيش عمري علي نظره عيونك الاَ يا ليتّها صبحي وَ مسّاي 💙  رتويت  رومنسي  غزل  شوق  بوح  خواطر يبتي  صباحيات  ذوق  جميل  رائع,love
Tv   احلي صباح مع محبوب العرب  محمد عساف,joy
khaled12:  كلنا مع محال  كلنا ضد مريم بيفور64  الشيميل هو نفسه اللي ضربوه الامارتيين,anger
مصر اتعرت ياريس,sadness
انا صحيت م النوم الساعه 5 عالمنبه و انا اصلا مظبطتوش ! !!,surprise
فيديو مؤلم. اب يبكي ابنه الذي استشهد اثر غاره جويه,sympathy
وعن عُمره فيما افناه ؟ مُخيف اننا الي هذه اللحظه لا نملك اجابهً مُطمئِنه 🍁,fear
shero: وين جيش الكبسه هاهم ابناء اليمن ايديهم علي الزناد لتصفيه ابناء الزهايمر سلمان لعنه الله عليه  ولن تركع اليمن,anger
اعتقد لو مصر نظمت الاوليمبياد، اكتر طريقه creative ممكن نبهر بيها العالم في الافتتاح ان واحد يولع الشعله بسيجاره حشيش.,none
عارفين ان ما دام الرئيس محمد مرسي في السجن مصر عمرها ما هتفلح في الاوليمبياد فك الله اسرك يا بطل,none
يوه انت مركزه معانا ليه كده،روحي اتفرجي علي الاوليمبياد يا دينا😂😂😂😂😂,none
لا المدير الفني للمنتخب اعلن انه لن نحطم احلام لاعب مصري في الاوليمبياد من اجل منافس اسرائيلي,none
احذر يا صديقي :  الحُب لا يطرق باب القلب ، بلّ يخلعه ..!,love
seree: احب الكتب المعقبه.. فانها تحمل سنين مليئه بالذكريات.. والعاطفه زمن لا يتكرر ...بقلمي❤  كتب  كتاباتي  بقلمي,love
الاوليمبياد هيبدا بكره ولا امتي ؟,none
: اللهمّ احْسِنْ عَاقِبَتَنَا فِي الاُمُورِ كُلِّهَا، وَاجِرْنَا مِنْ خِزْيِ الدُّنْيَا   قروب سعود للدعم لطلب الانضمام راسلني…,joy
امنت ان احمد اخويا اللي شكل كل تفصيله فيا لما لقيتني مليش نفس اتابع ف الاوليمبياد غير الوثب العالي والطويل اللي كان بيخلينا نلعبهم زمان غصب,none
كابتن شوبير :ما هي صحه ان احدي القنوات المصريه هتذيع الدوري المصري الموسم القادم حصرياو اين الاعلام المصري من تغطيه الاوليمبياد  اسال شوبير,none
انتي حاجه احلي من بكتيير 😍,love
قناه العربيه اختصارها ( بعر )  بعر يعني روث البعير   بعر  بعر  قناه العربيه  بعر,anger
ثلاثي مرعب يدمر اليمن الدنبوع عفاش الحوثي,fear
ولا اي كلمه اتقالت في يوم ما بين اتنين تسوي حلاوه كلمه منك قولتهالي,love
لا شي يؤلمني اگثر مِـن غيابگ 💔,sadness
افتتاح الاوليمبياد,none
انا مفيش حاجه خايفه عليها في الجو ده قد ان الكونفرس يتوسخ,fear
اللهم ارحم فقيرايرتجف بردا ومريضا يئن وجعا ومكروبا ينتظر فرجا  امين  تراجف ايديني من البرد وقول  يا طول الليل  ان كنت تقرا  قل وداعا,sympathy
:  همسه  مادام اسم الله الحيّ فمن المستحيل ان يُميت لك حلمًا او يكسر لك حاجه او يهدم لك امنيه.  ????  مفاهيم اداريه     …,joy
: في  السعوديه سهل انك تخطف اي مواطن واذا احد اعترض طريقك قوله انا مباحث وهذا مطلوب,anger
كرواتيا تقترب بالنتيجه من قطر ... كره يد  الاوليمبياد لاعب قطر اسمه ماركوفيتش!!,none
مكنتش اعرف اني بعرف احب بالكميات دي ف نفس الوقت والله .. الواحد بيكتشف قدرات مُريبه جواه. : D,surprise
ساعيش مع حبك مهما مر الزمان فلن انساك يومــاً وان بعــد المكــان 💜  شعر  فرح  حزن  خواطر  عتاب  بوح  برودكاست  قصيد  مقتطفات  غزل,love
افكر في حال المسلمين المذبوحين والمشردين في العراق وسوريا..كان الله في عونهم,sympathy
لو كان القانون الامريكي يجيز لمواطن امريكي ان يقول طز في امريكا لقال حفتر طز في امريكا,anger
المملكه لعبت بالاوليمبياد من سنه 1972   2016 الا بسنه 1980 بسبب مقاطعه الاوليمبياد بموسكو لان الاتحاد السوفيتي استحل افغنستان,none
ههههههههه والله بدك الصراحه بعشق شتا الاردن و الصيف باي مكان بالدنيا زفت ????,anger
كان احساسي يسبق هاللحظه لما قلت انا خايفه ان اشيائنا الحلوه تصير ماضي.,fear
منظر الناس في الصور في شرم الشيخ و الغردقه بالنسبه لي بيستدعي ذكري صدمه جت لي في المصريين ايام نكسه يناير المكيده...,sadness
ايييووووووووووه بقا والدنيا احلوت فجاه ف الاوليمبياد,joy
بعض الصور والمقاطع مؤلمه جداً ماودي اشوفها .. وين قلوب اللي صوروها ؟  حقيقه  مؤلمه,sympathy
انا اليومين دول كل اللي بعمله اني بنام و اصحي اتفرج ع اللي بياخدوا ميداليات في الاوليمبياد و اتحسر علي نفسي 😶,sadness
السيساويه واخداهم الجلاله ومتضايقيين من موقف  حماده طلعت  عرص الاوليمبياد رغم انهم معرصين اكتر منه بكتير. بكره يهدوا ويرجعوا يبرروا موقفه!,anger
طيب هو مبدايا كده في حد فقري في بعثه مصر في الاوليمبياد .. مش معقول يعني لغايه دلوقتي و لا لعبه نكسب فيها و لا حتي ميداليه برونزيه,surprise
هو تيم الهوكي بتاع الشرقيه ده طلع الاوليمبياد ولا لا ؟ 🐓,none
هفضل قاعد للساعه 3 عشان اتفرج علي اجاي في الاوليمبياد يا ريت يكون يستحق القعده 😂😂🐸,none
مؤلم ان تفتقده كثيراً ، وهو يعيش يومه و كانه لا ينقصه شيء ..,sadness
الحاجه الوحيده اللي كانت ناقصاه ذهبيه الفردي في الاوليمبياد خدها في الزوجي مع ستان بس الفردي لا,none
مازال يبحث عن عقله تحت تاج ال سعود ماجور (حمار بشقاه ),anger
: عذراً احبتي في الموصل فليس لدينا غير الدعاء اصبروا وصابروا ورابطوا… الله معكم,sympathy
عايزه فيديو اضاءه شعله الاوليمبياد باحب اللقطه دي قوي,none
مش هنتقد موقف اللاعب المصري في الاوليمبياد بس هقول ان لو قرينا عن مواقف رسولنا مع اليهود هنلاقيها العكس تماما  اقتدي بالنبي,none
انا لو رئيس الزمالك وعارف اد ايه قيمه المنصب ده .. كنت هعرف ان مينفعش بعد كل ماتش اتكلم وشعوذه وسحر واشتم فناس .. انا عندي 18 سنه .,sadness
تذكرت الجهد الكبير الذي بذله موظفو  مطار الرياض اثناء ازمه تكدس حقائب الركاب   وافضيتحااااه ????    مطار دبي,sadness
انا خايفه جدا ربنا يستر يا سقراط معلش نسيت كل سنه وانت طيب :)),fear
انا عايزه اتعلم حاجات كتير واقرا عن حاجات كتير واعرف وادرس حاجات كتير لدرجه اني دايماً خايفه وحاسه ان الوقت مش هيكفي..,fear
!!! ده ترامب بيعتبر بلحه مثله الاعلي,surprise
معرفوش خالص والله .. بس كلام العيال يقطع القلب ربنا يرحمه و يصبرهم كلهم يارب,sympathy
News24: الاف الموظفين في سعودي اوجيه وبن لادن بلاء رواتب منذو اشهر كثيره والسبب رواتب الحراميه ????????   سعودي اوجيه بدون رواتب4,anger
الناس اللي حاضره حفله الاوليمبياد مبهجين والرياضيين شكلهم مبهج والبنات اللي راكبين عجل دول مبهجين جدا برضو، كولكشن بهجه 😍  olympics  Rio2016,joy
8 3: بالفارما دا ملوش الا حل واحد ان السمبثاوي عندك شغاال متوتره خايفه او حالاته الاخري,fear
الحُب ليسَ وَهماً بلْ هُو عُمله نادِره يَصوُنهاَ الجَادُون ويُلوثهَا العابِثون ..!!,love
1  ابوك* ايوا ليه؟ 2  حبييببتتي منجد???????? يالله ما احلاااك):,love
:  شكرا عيسي الغيث هذا الرجل هو شرفٌ للقضاء والقانون هنا شكراً لوقفتك ي دكتور مع الحق.,love
حسبي الله ونعم الوكيل دول كلاب معندهمش لا دين ولا عقل و الشامت له يوم والله  ف الجنه يا شهيد الواجب الوطني,sadness
من لا يحسّ بَ لوعه فراق غالي سلّم عليه وعزّه بـ موت الاحساس ubg,anger
: لاتنسوا ابطال سوريا من دعائكم  الجيش الحر فخر الامه وزادها من المجاهدين الابطال يحاربون بسوريا عن الامه جلجلوهم ????,joy
حتي الحشيش بيقلب المواجع و بقي يطلب بنكد,sadness
الي تلت ساعات بستني في الكهربا تيجي ومش عارفه استغل الوقت وانام. شيء حزين اني هلوقت نعست وحروح انام واسيبها. ه  حزن  غزه,sadness
1500 دولار مكافات فوريه للبطله المصريه ساره سمير الفائزه ببرونزيه الاوليمبياد   الحكومه هتاخدهم منها عشان في ازمه دولارات في البلد 󾇗,none
بولت مقضي الاوليمبياد لعب و هزار، عمل لمذيع قرنين وبيغني للمراسلين وبيسف ع المتسابقين في التراك وهيروح ب3 دهب هو امتع حاجه في ريو2016,joy
هههههههههههههههههههههههههههههههههههههههههههههههههههههههههههههه حتي انتي !,joy
جمالها يالله !!,surprise
: باختِصَار ؛ تَعشَقُ شيئاً ، حَافِظ علَيه ، تُريدُ شَيئاً اتعَب مِن اجلِه ، تُحِبُّ احداً ، اهتَمّ بهِ !  العشق  باختص…,love
: وحاسس انك خايف تايه وسط الطريق ~,fear
اتفضل يا دكتور = ؟!   دي ورقه الغياب مكتوب فيها اسمي = بس انا مقولتش خدوا الغياب !,surprise
راتب شهر للمرابطين في الحد  يستاهلون اكثر فهم العيون الساهره وتركوا اهلهم واولادهم واشغالهم,anger
شـــايــل هموم  و مش  كـئـيـب .....,sadness
لما تيجي للفاينل بحس اني فيا حاجه غلط  فين اللي هعوض فيه ده,fear
لا قصدي في الاوليمبياد,none
متابعه الاوليمبياد متعه...لجميع الرياضات,joy
FCB الله يوفقكم قلوبنا معكم ❤️,sympathy
ف الاوليمبياد اللي فاتت لما علاء كسب ميداليه كانوا مشغلين الماتش عالقهوه..واحد قال بعد ماخلص الماتش يااااه ماتش شيش الواحد مشافوش من زمان,none
ImagineDragons يخربيت جمال ابوكم :D,joy
5  فيرجينيا دي اول مشاركه ليها في الاوليمبياد نانسي جونسون 2000 اخر حد فاز لامريكا بالميدياليه الدهب دي اللي خسرت حالا هي بطله لندن2012,none
اسمط شعور ... تقعد مضايق و تفتح الكاميرا الاماميه بالغلط.. يعني هو الواحد ناقصه هموم.,sadness
ممكن نكسب ماتش ف اي لعبه ف الاوليمبياد ؟,none
club   الف مبروك الفوز لكن الان كم ترتيب ونقاط الوطني,joy
حاجه بستفز منها ان احمد يونس ياخد اجازه من البرنامج    Youness   3alahwa,anger
اوحش حاجه في الدنيا القلب  بجد💔💔💔,sadness
ربنا يصبرهم وربنا موجود ع الظالم والمفتري,sympathy
برج العرب صحرا اللي حواليه معرفش زرعوا الصحوا دي امتي,surprise
صعدنا دور قبل النهائي في التايكوندووو . .  الاوليمبياد,joy
، البساطه والكلمه  الطيبه .. وحب الناس  ليك   هي دي  الحياه,joy
كم حارَ في  الحُبِّ مَن تلقاهُ مبتسِماً وقلبُهُ نازفٌ منهُ وعيناهُ! هُو الغُموضُ ولكن لا نُفسّرُهُ! وهْو الوُضوحُ ولكن ما وعيناهُ!,love
كل سنه وانتوا طيبين وسنه سعيده عليكوا يارب ودايما متجمعين ع المحبه,joy
نطالب بتخفيض سعر الشعير بل في مهب الريح. يافارج الكربه افرج كربتهم. لكن يجب ان تعاهدون المستهلك معادترفع…,sympathy
رابعه مجزره تﻻحق المجرمين قسما سننتصر,sadness
الْتَّحْدِيْق بطُرقَات الانتظَار مُخِيْف,fear
لا تسالني عن وطني فقد اقمته بين يديك💋 اعمي,love
اصبح المجتمع مخيف ... بعض النساء بلا حياء ... وبعض الرجال بلا غيره !!,fear
اشتقت لشخص .. كان لديه القدره علي تغير مزاجي السئ ..  كلام  بوح  عابر  اشتياق  القلب تعبان  الله كريم  الله يحفظك ياغالي,love
: منصورين يا احلي حشد الله يحفظكم ويسدد رميكم يا رب العالمين استجب دعائنا بحق محمد واله الطيبين الطاهرين,love
نبض الاخوه للدعم ثم انها بكت خائفه من وحدتها، بكت لانها ايقنت بان لا احد سيهمه امر دمعها بعد الان،👌🏻🌸,fear
لا حول والا قوه الا بالله,sadness
عااااش جدا ربنا يكرمك يا ريت مصر تحقق انجازات في كل حاجه و يكون فيها ناس مخلصين زيك انت و بعثه المنتخب في الاوليمبياد ربنا معاكم  محمد ايهاب,joy
كل واحد ادره بالكارثه اللي ف حياااته وانا ف كواااارث .هي ادره بتتكتب كده ؟؟؟؟ عااااااا :(,surprise
تم كسر همتي بنجاح  انهيار  غرق  100 لتر من الدموع,sadness
: يروج ان انصار هادي و  الاخوان المسلمين باعوا مساعدات المملكه في دول افريقيا لزياده تجويع الشعب اليمني واحراج المملكه,anger
روح الله يخيبك سلفنجي وهابي 100 نقطه مقابل لا شيء من اللاعب الاسرائيلي اوفير جندلمان في اول مشاركه له في الاوليمبياد ورفض مصافحته.......,none
:  اوقفوا الاختفاء القسري  علي الفقي فين  يعني ايه انقلاب يعني زوج يتخطف في مطار القاهره وهو مسافر ومش عارفين هو فين,anger
يلا الكل عالتصويت بلاش نضيع مجهودنا علي الفاضي خلينا نزود الفارق بليز        AbdelSalamZayed  IbtissamTiskat,joy
الجمهور المصري في الاوليمبياد,none
:  الموت ليس ب فناء الجسد 💀وانماااا ب ضياع الروح التي تسكن القلب فعندما تترك الروح مسكنها بحثا عن من تحب ينهار الجسد ويموت…,sadness
نفسي كده في فلورز كتييييير  حرب الفولورز برعايه سيزار وترمس افندي,joy
كوبا تحتفل بعيد ميلاد فيدل كاسترو ال 90 باطول سيجار كوبي !,joy
انقذوا حلب كان الله في عونهم هو الطف بهم منا ونحن نعزي انفسنا لخذلان كثير من المسلمين اذكروهم بدعوه في سجودكم  الموصل  اراكان  داريا,sympathy
KSA: نشكر كل فنان قام بتركيب ابتسامه المشاهير في مركز الفرسان من بينهم: عبدالله السدحان طارق الحربي زايد الصالح سمير عارف,joy
شكل مصر ف الاوليمبياد..البرونزيتين وقفلت ع كده... احنا طلعنا من كل الالعاب😂😂,none
خايف يا ظريف تروح وتتملك وتعاشر الغير وتنساني انا ✋🏻🎧🎧,fear
: ماذا سيحدث لو تقاسمنا السهر؟ عيناك لي ولك القصائد والقمر ..,love
تعدي ايام وهي بتحلي وبتحلي,joy
بصراحه احنا ملناش ف الاوليمبياد خالص احسن لينا نقضيها اهلاويه زملكاويه ونشتم فبعض مفيش لعبه توحد ربنا ملعب فيها بفكر وتكتيك حتي 😡😡,sadness
كيف يبدوالحب؟ له يدان لمساعدهالاخرين له قدمان لعون الفقراء له عينان يريبهما البؤس والحاجه له اذنان يسمع بهما تنهدات المكروبين هكذايبدو,love
Alabdali كلامك علي الراس والعين بس مافي ايدينا الا الدعاء لهم يعلم الله ان قلوبنا تتقطع عليهم بس مانقول الا الله ينصرهم,sympathy
صحيح انو..!!* عُـــمر اللي راح مـــــا يرجــع بس الفــــراق بيـــؤجــع  (,sadness
بجد الناس اللي بتعمل فوللو و انا اعملها فوللو و يروحو هما عملين انفوللو انتو متستحقوش تعيشه لحد بكره,anger
خايفه من القدرات :(,fear
احمد زويل هينطلي ف البنطلون كفايه بوستات حرام عليكو وشي باظ عاوز اعرف اخبار تانيه,anger
والله خايفه اتكلم لا اروح في داهيه :),fear
هتفرج علي ماتشات ارسنال بس ولو تعارض مع حدث مهم في الاوليمبياد هنفض لارسنال ، هي اوليمبياد واحده كل 4 سنين يا جدعان,none
ذاك الشعور: عندما تحاول اقناع نغسك بانك بخير.. رغم علمك انك فـ اسوء  حالاتك..!! ~ — feeling sad,sadness
سئمت انتظاري وطول الطريق بقاااا,sadness
0: . امنح احزانك الحريّه لـ ترحل .. فـ حتّي يگره القيود 💭🌸,sadness
: كثيرون يمرون في  حياتنا.. قليلون منهم يحجزون مكانًا لهم في قلوبنا.. ذلك اسمه ..  اذا احب احدكم اخاه فليعلمه انه يحبه”,love
واهو بكره نقول كانت ذكري,sadness
ميته خوف شكله يمني الله ياخذه ،، عطيته حظر,fear
بتابع الاوليمبياد من ايام نيكولاس ماسو,none
: ما كان لفرعون  مصر ان يُهدر دماء الاحرار الابرار في  رابعه  لولا ان قارون  الخليج امدَّه بمليارات المال الحرام..    ذكري مذ…,anger
اتوقع اللي يسوي تكميم، يقصون جزء من مُخَّه بعد، ويزرعون مكانه شغله اسمها:     الكل حاسدني وغيران مني    .,anger
ممدوح المنسدح يقذف فتاه   قال اعرابي لرجل بذيء اللسان فاحش القول: جعل الله عورات الناس بين ارجلهم ، وجعل عورتك بين فكيك، فاسترها بالصمت !????,anger
مايكل فيليبس »»»»»» هايكوش ع كل ميداليات السباحه في الاوليمبياد . بس يا رب يكون وصلو ان الدهب غلي 😄😄😄😄😄😄😄,none
وعن ضحكتها😀 وهي مكسوفه 😊 ❤,love
ايه اللي خالد صلاح بيقوله ده بس يا جماعه والله !!!!!!!!!!!!!!!!!!!!!!!!!!! قناه النهار سايبه الكلام ده مش ممكن يعني,surprise
اساساً كسم الفشل تاريخ مصر في الاوليمبياد بتاع 23 ميدليه من اول 1928 ومايكل فيلبس بس جايب 21 ميدليه دهب في 3 اوليمبياد,sadness
اغلب السباحين في الاوليمبياد استخدموها,none
خل المشاعر تنام وبالها خالي ، محدٍ سواك انت .. ضحكها و بكاها  لحالي ووقتي الحالي مهو حالي  والذكريات الثقيله .. كيف بنساها !,sadness
اصعب انواع الغربه .. غربه الشخص في وطنه ، هم اولي من كثير ، كان الله في عونهم,sympathy
اشوه انه ما قال تبون البرازيل تبون الاوليمبياد تصير كارثه,none
وما الحب الا مساحه جميله من الرحمه والموده والقدره علي الغفران والتسامح .🌼,love
ولو اخفيت شوقي عنك ، يفز القلب لك من دون طوعي 💙  بوح  خواطر  قروب مزاجي للرتويت  عيونك دنيتي للدعم…,love
تعبت بقي يا ربي  يومين مش بنام بسبب حته لوجو ؟! ده انت ولا منك رسمه ولا منك كتابه اصلا يا لوجو يا  معفن,anger
“اكثر من نصف مليون سعودي يتعرضون للضرب من زوجاتهم ..,surprise
bettounsi: موعدكم مع نجمه تونس  يسرا محنوش في مهرجان  قرطاج الدولي يوم 20اوت بمشاركه خاصه من نجم ستار اكاديمي  نسيم رايسي  …,joy
: رحم الله ضحكات لاتنسي وملامح لاتغيب عن البال وحديثاً اشتقنا لسماعه   الجوهره سليمان اليوسف,sympathy
من دلوقتي كس ام اي.حد.هيقول ان اسلام الشهابي لاعب الجودو المصري المفروض ينسحب في الاوليمبياد من مواجهه ساسون الاسرائيلي,anger
❣ معقوووله طريت علي بالك مثل ماانت طريت علي بالي..!!!!🌼,surprise
هو ايه السبب صحيح ان نظام الاوليمبياد اتغير وبقي الملاكمين من غير واقي للراس؟,surprise
انتي جميله و الاشياء الجميله لا يجب ان تكون حزينه ❤️,love
الرحمه 💔 اطفال السرطان بتموووت 😔💔  ارفعوا الحظر عن استيراد الدواء,sympathy
الله يقلع ماثيو، ياخي هذا متي الله يفكنا منه ، ابي اعرف وش السبب اللي يخليك تفضله علي لوكاس دين ؟ياخي لوكاس دين افضل منه بكل مراحل ي انريكي!,anger
: فاطمه ناعوت اللي السيسي امرها بنشر صحيح الدين الاسلامي في مصر بتتحاكم جنائياً بتهمه ازدراء الدين الاسلامي  منقول  فاشيه عسكريه ودينيه,anger
هتمسكوا ف خناق المصريين كمان ؟؟ مش كنا حبايبكوا اول البرنامج ؟ لا اله الا الله ع الغدر,surprise
الرجاله سابو الماتش ومشاركه بناتنا ف الاوليمبياد ومسكو ف انهم مش لابسين بكيني،، تصدقو بالله اقل مايقال عنكو رجاله ناقصه عقل فعلا,anger
جميله جدا ... ..والله ابهار مش طبيعي,surprise
الحب مهما كان خافي و مستور تمطر سما عينك وتفضح جنابك ❤️!,love
من بكره يبدا المهرجان الرياضي ، الاوليمبياد شئ مبهج جدا🎉,joy
خايفه انام واصحي علي خبر وحش,fear
Magid1987 هناك جهله في العراق لا يجدون ما ياكلون سيصدقون  هذا الدجال,anger
اشتَهي الاقترَاب منك ، حتّي يَطرق  نَبضي اضُلعك ..!❤️,love
ar  اني عراقي والخميني لا شان لي به اذا كان لديكم عداء مع ايران فاذهبوا لهم وقاتلوهم ام انكم لاتعرفون القتال كيف!!!,anger
بعض من المهتمين بالرياضه لديهم اضطراب نفسي ويريدون ان يكونوا مقتنعون بافكارهم والمطلوب منا تصديقهم  العلاج هام,surprise
ثم انتقل فجاه، وبلا مناسبه، للحديث عن زوجته قال:  لست شيئاً يذكر بدونها  في زمن الكوليرا...,love
نفس فكر القنوات المصريه اللي بتصور الشارع و كاتبه افتتاح الاوليمبياد,none
كسبنا دمنهور متصدر لا تكلمني  المصري هيعملها مع انبي  dreamerstours,joy
:(,sadness
الخوف في حد ذاته وجع والم وممكن يكون اقوي واشد من الحاجه ال خايف منها علشان كدا انا سايبها علي ربنا 😌✋,fear
:  الغوطه محاصره  الوعر محاصره  حلب محاصره  الزبداني محاصره  الحوله والرستن محاصر ريف حماه الجنوبي محاصر انتبهوا الي سياسه الح…,sadness
المعتقلين يخرجوا وحق الشهداء من اول ثوره يناير لحد دلوقتي يجيي وبشار الكلب يتعدم.  حلم نفسك يتحقق,anger
... عمر ما حد هيحسوا غير اللي داقوا و مر بيه ...,sadness
ahm: !! دا بيحاول يعدي الترم صافي مجنون دا ولا ايه ؟؟,surprise
افتتاح الالعاب الاوليمبياد في ريو دي جانيرو البرازيل 2016 دخول ففريق البرتغال,none
طفله ترسم لنفسها شعرا في المراه بعد ان فقدته بسبب اصابتها بمرض السرطان  صور مؤثره  صوره  غرد بصوره  مؤثر  طفله…,sympathy
:     Maryoum   sa اللهم انصر استاذ امجد علي كل ظالم و حاقد,love
ربنا يرحمه يا رب ..و يصبرهم,sympathy
لِعَينيكِ ما يَلقي الفؤادُ وما لَقي وللحبّ مالم يَبقَ منّي وما بَقي وما كُنتُ ممّن يدخلُ العشقُ قلبَه ولكنّ من يُبصرُ جُفونكِ يَعشقِ!,love
للاسف ماعندي علم,sadness
haSan: ﻛﻞ ﺍﻟﺤﻜﺎﻳﻪ ﻫﻰ ﺧﺎﻳﻔﻪ ﻣﺘﻌﺮﻓﺶ ﺗﺤﺐ ﺑﻌﺪﻙ..,fear
كنت اعلم ان في موتي وبالرغم من ذلك احببت وها انا الان احتضر واموت في صمت.,love
alattabe: نحن معكم بارواحنا تسهرون نسهر معكم لندعي ربنا ان يحفظكم النصر لكم باذن الله  لبينا نداء نينوي,sympathy
نظرتي لعيناها افقدتني ابجديتي..  نبضات يُحكي انّ  فاتنتي  رساله مع زجاجه عطر  ترانيم عذبه  احساس عشاق  رباب الكلم  سكع  سيل النبض,love
حكايه جميله تحتوي علي الكثير من الخيال الذي نُسِجٓ بين قلبين,love
اللي لفت انتباهي في تقرير AJ+عربي لما عمل تقرير عن استخدام الحجامه في الاوليمبياد ماجبش سيره الاسلام من قريب ولا بعيد :D,surprise
اقصد في الاوليمبياد دي بس,none
ﻳﺎ ﺭﻳﺖ ﺍﻟﺒﻨﺎﺕ ﻋﻨﺪﻧﺎ ﺗﺘﻔﺮﺝ ﻉ ﺍﻻﻭﻟﻴﻤﺒﻴﺎﺩ ﻭﻳﺸﻮﻓﻮﺍ ﺍﻷﺟﺴﺎﻡ ﺍﻟﺮﺷﻴﻘﺔ ﻭﺍﻟﺠﻤﻴﻠﺔ ﻟﻠﺮﻳﺎﺿﻴﺎﺕ ﺑﺪﻝ ﻛﺘﻞ ﺍﻟﺘﺮﻫﻼﺕ ﻭﻋﺮﺍﺟﻴﻦ ﺍﻟﺒﻠﺢ ﺍﻟﻠﻲ ﻫﻨﺎ,none
انا متعاطف مع غانا بجد 😕,sympathy
رنا رنا رنا عايزه خمس بوسات عشان العين والحسد يالا يا قلبي,joy
اللي معاه ربه يمشي علي الميه .. شعارنا في الاوليمبياد,none
: ، كم يكوُن  الحُبّ جمِيل .. لو استَمرّ عليَ جُنون  البدَايه !,love
كان نفسي يكون فيه مُشجعين مصريين ف الاوليمبياد ويعملوا جو اُمم افريقيا، والله كانت هتبقي حاجه جميله خالص ..,sadness
مصر بتاخد برونزيات ف الاوليمبياد عن جداره  عااااش يا ولاد و الله,joy
المستغربين ان اللعيبه بتعاتنا بتخرج من الاوليمبياد من غير مدليات دول عايشين معانا في نفس البلد؟! طيب صغيرين مثلا ميعرفوش تاريخنا الاوليمبي؟!,surprise
: مفيش احلي من انك تكون وسط الناس اللي بتحبك صحابك بقي اهلك اَي حد لكن الموضوع التاني ده كلام فارغ وهو,love
شكرا  ساره سمير اول ميداليه لمصر في الاوليمبياد برونزيه رفع الاثقال,joy
بكرا يمكن تصحي تنساني تمام ! وان تلاقينا في يومٍ ما علي خير لانتجاوز حدنا مصافح سلام ..,sadness
زي هيفاء وهبي مع بوابه المليشيات قدام حوشه لكن اسد علي ليبيه مشاركه في الاوليمبياد ...لا رجل ما شاء الله عليك.,none
MAROC اه انكر صوته احلي وما شاء الله محبوب ومعظم فانز الطلاب كانوا معاه وكله بيصوتله,joy
اسطوره الاوليمبياد في العاب القوي يوسين بولت فاز بالذهبيه رقم 9 وحفر اسمه ضمن ابرز الرياضيين في التاريخ وحافظ غلي لقب اسرع رجل في العالم ✌👏,none
اسال الله العلي القدير ان يحقن دمائهم ويامن خوفهم وان ينصر المجاهدين منهم وان يربط علي قلوبهم ويثبت اقدامهم وينصرهم علي القوم الكافرين,sympathy
ده احتفال الاوليمبياد!!,surprise
لا تَحْقَرَنَّ صَغِيْرًا فِي مُخَاصَمَهٍ .. اِنَّ البَعُوْضَهَ تُدْمِيْ مُقْلَهَ الاَسَدِ  المتنبي,sadness
نظريه المؤامره متغلغله جوا المصريين حتي في تعليق كائن مصري علي مبارزه فرديه في الاوليمبياد,none
: اذبحوهم و لكن لا تصوروا ذلك فقد توحي       برساله تُفهم خطا        المعارضه تنحر طفل في حلب ذبح الطفل,anger
🎶 هل الحيـــــاه بنكهه التوت ؟! ام انت من جعل حياتي جميله  احبك 😴,love
انا متعاطف معاكم فعلا وضعكم صعب وبالذات اللي متوظف علي بند اكثر من 5 سنوات هؤلاء المفروض يثبتون  تثبيت موظفي البنود والعقود والمستخدمين,sympathy
اذا خايف علي ركبتك من الكسر ممكن نطلب لك هذي البنت تجيك البيت وتشرح لك😎👻يسعدلي صباحك,fear
مش عارف اجبها بس انا مش انطوائي و الله انا بس شايفكم اوساخ,surprise
الخيبه تاتي دائماً من الذين قدمنا لهم كل شئ ،،  الم  حقيقه,sadness
تصرفات مرور الاحساء في تغيير كثير من مسارات الشوارع في الاحساء سبب ربكه وتكدس الزحمه واضرار بالمواطنين وهناك حاله تذمر,anger
الله هو الحب الوحيد الذي اذا غرقت فيه نجوت.... اللهم ارزقنا حبك وحب من يحبك وحب كل عمل يقربنا اليك..❤,love
عـنـدمـا تـنـجـرحـي يـا حـبـيـبـتـي ولـو جـرحـاً بـسـيـطـاً قَـبـلـي جُـرحـكِ لاجـلـي  غزل,love
zoalfakar 😰 اعرف مريم الشريف بس والباقي اسامي ربنا يصبرهم يارب ويرحم ابهاتهم ويجعل مثواهم الجنه,sympathy
من كتر ما بقيت باجل كل حاجه لبعد الميدتيرم خايف انسي اروح الامتحان  المباحث وفولورز بيغنوا للهضبه,fear
نزف اجمل التهاني والتبريكات للعريس /عبد الكريم الجلوب . الف الف الف مبروك,joy
ماتقدر الا عن طريق النسخ الاحتياطيه غير كذا لو تفرفر,joy
dad     الله الله تسلم يا زين,joy
h77: العجيب في الحب انك لاتتعلق فقط بشخص واحد،، بل تتعلق به وباهله ومدينته وتحب حتي طريقه نطقه لبعض الكلمات،، ثقافه لايتقن…,love
و اذا سلوني الناس عن حبك اقول بلا سبب ماهو ضروري اقنع العالم بشي جازلي !,joy
الناس اللي اتفرجوا امبارح علي حفل افتتاح الاوليمبياد صاحيين الساعه1.,none
قَيـدُكـِ بينَ قُضبانِ احضاني عِنـدَ مُنتصفِ اللّيلِ .. قَـدَرٌ عليكي مكتـوبُ  غزل,love
انهارده الواحد اتفرج علبدي بريمير ليج و تنس و شويه طايره و هاندبول و لسه الاوليمبياد مكمله انا بدات انهج والله من مجرد الفرجه 😂😂,joy
: لاصدقائي جميعهم الذين مروا بحياتي لقلوبكم الصافيه لهامني الف دعوه بالتوفيق والفلاح احبكم جميعاً .  صديقتي  عطر ولقاء,love
Retweeted نبيل الحلفاوي ( ميداليات الاوليمبياد ذهب وفضه وبرونز.. وصفيح. الاخيره هي الميداليات المجنسه.,none
ربنا هيكرمنا ازاي في الاوليمبياد بالمعلقين دول ؟ ده بيعلق علي لعبه مش عارف قواعدها,surprise
تبقي تشيله الاوليمبياد الجي ان شاء الله لما تكبر,none
ولانها شرقيه ! لا تستغرب اذا قتلها الحنين ولن تاتي ?,sadness
يا باسم يا سافل ايه اللي عملته ف الاسماعيلي ده :D,anger
دي احلي حاجه حصلت في الاوليمبياد حتي الان😄😄,joy
وسعتها محمد عدي الارميني ، اللي ضعيف جدا ف الكلين ولما حاول يزود الاوليمبياد دي ايده اتكسرت,none
ليتنا ماعرفنا بعض ولا عشقنا ،! ليتني غضيت البصر ولا شفتك .. ليت العمر وقف يالغلا ولا تصادقنا ،، ليت مابه حب بهالدنيا وماحبيتًك ،!🚶🏽 💔,sadness
: كيف هان الحب وانا اللي وفيت كنت عايش قصه  فيها هيام اختصرها في شطر واحد ولابيت المحبه اخلاص صدق و ا هتمام  الشاكي الهذ…,love
برت كان الله في عونهم لا اشقي ع الارض منهم ..,sympathy
ادعوا سرًا لمن تُحبّون فان ّ دعاء 🍁لا تدرون ما يمرّ به احبابكم من ضيق🍁 او هم🍁 فلعل بدعوه في ظهر الغيب تُفرج…,love
alturige: الديكتاتوريات تدمر اخلاقيات غالبيه الشعب وتحولهم الي كائنات فاسده ، لانها لا تمنحهم خيارا ثالثا ، فاما ان يؤيدوا بطشها…,anger
العاشره سوداناً اما بعد: الاوليمبياد حقتنا والاولاد اولادنا ولا عزاء للمتشائمين,none
farag    بس باين عليك لي هلبا في لبنان,joy
djokovic عمره مهيكسب الاوليمبياد فب حياته خلاص,none
الاوليمبياد حلوه وممتعه فشخ والله .,joy
:   alfaddY      كفووو يا احفاد الصحابه وهذا العشم فيكم ونحن معكم كذلك ضد كل المؤامرات التي تحاك…,sympathy
:  السيد الصرخي يحطم كهنوتيه السيستاني : الممارسات اللااخلاقيه لمعتمدي المرجعيه معروفه لدي الناس,anger
خايفه عليك من صدمه الجوّ بكرا🌚,fear
في مواقف كتير نفسي تتعاد تاني عشان اغير فيها رد فعلي اللي خدته في وقتها .,sadness
الظواهري يهاجم حركه “الاخوان المسلمين” ومؤسسها حسن البنا,anger
مفيش في الاوليمبياد ناس كسبا ترابيزات بلياردو وبينج؟ ولا فيه سحب علي كوره اديداس اصلي؟ :(,surprise
العراق والدنمارك كمان نص ساعه في كره قدم الاوليمبياد.. تابعوا علي عدنان في العراق لاعب اودنيزي الايطالي,none
لحاجه الي تخاف  تخسرها 👉غير  خسرها باش متبقاش👈,fear
E523: مع سكه ظروف الزمن نبقي تحت حكم القدر خايف تحن مع البطي ويكون قد فات القطار,fear
قرفو عيشتنا بعباره     الغرب ليسوا عباقره ونحن لسنا اغبياء....     علي السوشل ميديا علي صور احمد زويل ستايل جديد في الرثاء,anger
اعشقك ماهي ابد كلمه اعشقك  كلمه لو احكيها بكيت من صميم  الروح هي كل الكلام تختصر كل  الحروف لو حكيت,love
واما بنعمه ربك فحدث ... انا الايه ده بتيجي معايا بنتايج عكسيه :( !!!,sadness
الاوليمبياد دي غيرت نظره جمهور البرازيل لنيمار من قائد وكابتن منتخب وخليفه لرونالدينيو ،ل لاعب متخاذل جاي يقضي وقت.وناديه هوا رقم 1بالنسباله,none
حلمي المفروض كان اترحل مع حازم,anger
الاطفال ياعـــشـــقي لهم احباب الرحمن حفظهم الله واصلاحهم والله يرزقهم السكينه يفرحون باي شي التقدمه لهم ولوقليل فديتهم,sympathy
هو انت عايش ؟!!!!,surprise
ريتويت لو نفسك تشوف دوله جديده تكسب الاوليمبياد غير ديك ام امريكا,none
: هكذا تعالج جراح اهل بعد خروج المشافي عن الخدمه وتعطلها ..اللهم ارحم ضعفهم ياحي ياقيوم ياذا الجلال والاكرام,sympathy
عباره محروقه وطياره مفقوده العالم بقي كارثي,sadness
بصراحه تعليق طارق الادور احسن من باقي المعلقين العرب علي الاوليمبياد ✋ هو اي نعم بيتكلم كتير و بيصدعني 😂 بس بجد متميز عنهم بكتييير اوووي 👏😉,none
rm: بِحجم هذا البُعد الذي بيننا ؛ اُحبّك..!  غَــرام,love
يا ريت فعلا ينجزوه دلوقتي بدل ما يستني ليناير ويتالق في الاوليمبياد ويبقي اغلي كتير,none
: الليبراليه العالميه تتالم لقتل الشيعي وتسكت عند  اعدام 21 داعيه سنيا في ايران زوجه  شهرام احمدي الذي اعدم لانه سني:,anger
♩♡ من برَادالجرح موجعني الحنين ضمّني ،  محتاج ضمّه داَفيه لا / تغرّك كذبتي مَاني لا تظنّ انّي .. بخير و عافيه / !,sadness
: الحمدلله تم تمديد عقدي ل5 سنوات قادمه من يعشق الاهلي صعب يتخلي عنه شكراً رمز الاهلي ونبضه خالد بن عبدالله مهما عملنا لن نو…,joy
: الضربه الاولي تاتي موجعه والتاليات هادئات كـ /  jlaz505,sadness
حبيت جميل ياريتني ضله عاشق الجمال والحسن ده كله ومن الشباك لارميلك حالي من كتر خوفي عليك ما بنام,joy
علي جوك محمد انت مبدع استمر صوتك حنون وفنان الله يوفقك نبغاه ينزل الليله لا تحرمنا خفت دمك وابداعك استمر ????,love
ينتشر نفخ البنقو هذه الايام في السودان   السودان جميل لا اقامه لا كفيل,anger
خلاص انسي يا صاحبي,sadness
الطيران  ما هي مشكله الخوف من السفر بالطائره: الخوف من السفر بالطائره، هو احد انواع اضطرابات الرُهاب المحدد او الرُهاب البسيط.,fear
لما نكون اد الحدث نشترك فيه ....عن الاوليمبياد اتحدث,none
هوا حد يقدر اصلا ؟؟ 😌😌,surprise
واضحه جداً رغبه بوغبا الرئيسيه الانتقال الي مدريد زيدان لا يقاوم . وباعتقادي اذا ماحصل هالسنه راح يبقي باليوفي و ينتظر الريال السنه الجايه .,joy
AR مهوي ذا حتي المذيع خايف منه,fear
اكتر لعبه بتتابعوها في الاوليمبياد ؟,none
هو الاوليمبياد شغال فين ؟؟ علي انهي محطه ؟؟,none
قسم للحين خايفه من الجمس,fear
يمكن احسن حاجه حصلت لنادال السنه دي انه راح الاوليمبياد والله انا مبسوطه فشخ 😍,joy
كل دفعات خريجات الموازي قبلتوهم تكميلي جات علينا يعني! اخر دفعه و تظلمونا ربي يحاسسبكم علي ظلمكم   تكميلي جامعه طيبه,sadness
: ياعالم بالسر .. . وما بقلبي انت تعلمه .. . فحديث قلبي .. بك انت .. منك .. فيك .. لك .. . .,love
هي لعنه و نحس السيسي علي بعثه مصر في الاوليمبياد و شكلها كده هنروح ايد ورا وايد قدام,fear
كل الناس خايفه من بكره ويجيبكره ولسا خايفين,fear
حاسس ان كمان شويه السيسي هيحب يحتفل ب ابطالنا ف الاوليمبياد و هيزود معاشات الجيش 😂😂,none
KIDS   اللهم عجل الفرج علي والنساء والاطفال والمحاصرين بسوريا,sympathy
شجعوا مصر في الاوليمبياد ويوم 9 اغسطس في نفس اللعبه  الكره الطائره الشاطئيه . سنواجه ايطاليا 😊,none
al7rf: الحب حرفين تشمل كل علم الكلام والصمت فيه اجمل التعبير عن سيرته عنايد الحرف,love
كلوب يغزو ملعب الامارات العراقه تنصف اهلها,joy
اكتب شي لوالديك 🌹(اللهم ارحمهما كما ربياني صغيرا)🌹  فيديو  دعاء  امي  الله يحفظها  ابوي  الله يرحمه,sympathy
و عن دمعه تانيه لما تفتكر مواقف بينكوا ... ربنا يرحم موتي المسلمين جميعا,sadness
ما تنشفو يا جدعان بقا الماتش بيروح ، الامل فيكو سمعتنا بقت وسخه في الاوليمبياد قدام اللي يسوي واللي ميسواش,none
Cha 222222222222222222222222222222222222 اللقب لا يليق الا بك يا شاهينووووووووو,joy
قاعده مهمه اتعلمتها من متابعه الاوليمبياد عبر السنين: لو عديت علي ماتش تنس طاوله ومالقيتش طرفي اللقاء صينيين، يبقي لسه مش النهائي,none
كان ممكن تاخذ الفضيه لو كانت لم تلاعب الايطاليه الي في النهائي ... الحمدلله علي كل شئ و البرونزيه في الاوليمبياد انجاز كبير,none
باذن الله حنستضيف الاوليمبياد ف يوم ما ف عهد السيسي رائد نهضه مصر,none
عام سعيد عليكم يارب 2015,joy
ان جيت اكلمك .. ارجع و انا كلي خووف و ان قولت اكتب رسااله .. تهرب مني الحرووف !! ♥,sadness
ايههه دا؟,surprise
افتتاح الاوليمبياد واضح فيه المجهود و الخبره التنظيميه و المنظر الجوي شي يفتح النفس 🇧🇷💙,joy
كيف يجعل ميسي كره القدم تبدو سهله الي هذا الحد؟؟  الي  الحد  القدم  تبدو  سهله   كره …,surprise
مش فاهمين انك مضغوط وبتمر بفتره صعبه جدا في حياتك .... بس يفهموا كويس اوي انك بقيت نكدي وبتتعصب بسرعه والحاجات دي !!   ابراهيم النجار,anger
: طائفيه القضاء في  السعوديه تعدم متظاهر شيعي و تسجن داعشي قاتل في  سوريا   اعدام 21 داعيه سنيا في ايران,anger
وداعا يا مزاجنجي الفن... وداعا محمود عبد العزيز..  الملك  محمود عبد العزيز,sympathy
خلاص هبقي اقول لاسلام يتنازل عن حلمه يلعب ف اوليمبياد بعد كده وانت شد حيلك وخش الاوليمبياد الجايه واخسر وسلم عليه,none
1716 كلام بالصميم ربي ينصرهم ويثبت اقدامهم ويرجعهم سالمين غانمين ان شاء الله,sympathy
: مبارك الكُچ انت اوطي من ابوجهل,anger
لا ده كاس مصر مش الاوليمبياد,none
جاسوس الاسماعيليه ... حاول يتجسس عليا ويعمل هكر زي ما بيعمل مع ناس طيبه وغلبانه .  عبيط,anger
الواحد بيتعب من الفرجه علي المصريين ف الاوليمبياد اكتر من الزمالك سواء كسبوا او خسروا.. يارب دهب...,none
لاتنسوا الفقراء بالشتاء يحزنوا ويقطعوا القلب اطفال سوريا 💔,sympathy
اكثر شعور كنت خايفه منه اني اعيش بدون امي وصار. يارب ثبتني .,fear
فاضل 3 ايام بس علي نهايه الاوليمبياد .. هنعمل ايه في الايام اللي مفيهاش ماتشات بعد كده ؟ :D,surprise
Hil:   الله يسمع منك والله من اللحين خايفه 😨💔,fear
: ومحدش يتكلم معايا في دين ويعمل فيها علامه وهو ميعرفش ان اسرائيل ده نبي .. جتكم القرف في تمثيلكم وادعاءاتكم الكدابه.. ????,anger
البلد ده اقصها استك و تبقي لباس كبييييير بيضم طياز اكبر ..  دماغات:3,anger
ليسَت فقط في القلب و انما الرحمه في اللسِان ايضاً فقل خيراً او اصمّت ..!!🌸🍃,sympathy
: حيل توجع دمعه الفاكد  نضر وحيل توجع ضحكه اخرس لو  عثر وحيل توجع صفنه الميت بس مو مثل الفاكد وِلَفِّ وعاش مكسور  الظهر,sadness
مرضي  الزهايمر احببناكم قبل مرضكم وبعده.. ولا زلتم علي عرش قلوبنا.. كان الله معكم ومعنا..,sympathy
معروفه بنروح الاوليمبياد عشان ننسحب قدام لاعيبه اسرائيل,none
هل تعلم ان يوسف الشاهد، عمل كيف الطفله الي يجيها خطشيب.. مشي نحي فايسبوكه.,anger
هي الاوليمبياد بدات !,surprise
m 2011 مَش ممكن تكون دي طريقه اداره السياسه الداخليه لبلد بحجم مصر,surprise
من كثر ماني خايفه اجيب العيد بين حساباتي جبت العيد🙂😂✋🏻💔💔,fear
بكل مره اسمع لوك افتر يو اجدد اشتراكي بحبي للوي,joy
ذوي الاحتياجات فئه يجب ان تذلل لهم جميع العقبات كان الله في عونهم .,sympathy
دا عامل زيي فشخ  !!,surprise
ون تو روعه بين مولر ولام,joy
انا خايفه ادخل انام السيسي يتهور وحاجه تحصل جديده تفوتني,fear
الي اخدوا مادليات في الاوليمبياد كانوا بنتين وراجل وكانوا مبهدلنا تريقه امال لما بقول ثلاثه بنات هيعملوا فينا ايه .󾌴󾌴󾌴,none
:  كم من الالام تَكبدْنا بسبب الخوف والقلق من وقوع مصائب لم تقع ابدا (توماس جيفرسون) ايها الانسان ثق بربك،ودع ، وابدا  ال…,fear
Azim   الحمدلله الذي كشف عن مصر الغمه وانقذها منذ هذه العصابات,joy
: يا عم انت مش عاوز تغور في ستين داهيه تاخدك علشان تثبت انك مش فاشل علي قفا اهالينا ????????  نطالب برحيل مرتضي منصور,anger
ايه يابنتي الكرش ده؟  لا دي فورمه الاوليمبياد,none
RanaSamahaTeam  ومكملين المشوار     مين عايز يسمع رايديو رناااا,joy
:  اليمن  هادي: السلام لن يتحقق في  اليمن بسبب تعنت وتمادي مسلحي  الحوثي في حربهم علي الشعب.,anger
اني عرفتُ من النساءِ قبائلاً لكنْ كرسمكِ لم تجد الواني <3 ~                   احمد شوقي,love
:  احببتها والانجيل شرعتها  ومحمدٌ  نبيي  والمسيح قدوتها واحبتني بكل ذره تسكنها  يا قومي هذا  لايفرق  بين  ديني  ومعتقدها…,love
تراجف ايديني من البرد وقول يارب دفئك للضعاف ماتوا من البرد والجوع والظلم في سوريا وفي العراق,sympathy
30 04: Mood  :   علي البحر ، مصطفي قمر????????????.,love
الي الامام معكم,sympathy
ساندوا اللاعيبه وحمسوهم، الاوليمبياد اكبر حدث رياضي في التاريخ ومن حقهم يحسوا انهم اخيرا اتشافوا بعد مجهود سنين لا محسوس ولا متشاف من حد,none
لما تفتح التليفزيون تلاقي خبر فرح المصريين في اول الصباح فريق اليد والطايره غلب معرفش مين في الاوليمبياد ،،،انهي مصريين حضرتك قمه الاستفزاز,joy
: اللهم يا من اذن للصبح بالانفلاق عجّل لاخواننا في بعد هذا الكرب فرجاً، وابدلهم من بعد خوفهم امناً يعبدونك لا يشركون بك ش…,sympathy
7     يلا تصبحوا ع خير??,joy
افضل مانملك منتخب الفروسيه لماذا غاب عن الاوليمبياد ومن المسؤول,surprise
ضاعت ازاي بس !!,surprise
صوتك طمانينه كمصباحٍ مضيئ يقشعر لها ظلام الليل الحالك وحين يعيث الفساد في حبائل الالحان نغمتك ولاسواها تهدئ من روعي…,love
ماسور فيها وهي ماسوره فيني حنا السجن وحنا اللي ساجن ومسجون  اجمل ماقيل بالحب  الكويت  انا كلي  زد رصيدك23  نميرالبيان  اليمن  ومضه حرف,love
ALBathali: تم العثور علي الطفل  حسين جرمان مختطف بفعل فاعل ومحجوز في احد الاستراحات بحفرالباطن ! والخاطفين في قبضه الجهات المختصه ..,anger
يا جماعه منركزش مع حد في الاوليمبياد تاني لما يلعب سيلوه وهو هيجيب ميداليه : D,none
: في مشهد تخر له جبابره القلوب امراه في حي الشعار بـ تبكي زوجها وابناءها استشهدوا بفعل قصف الاسد والاحتلال الروسي,sympathy
والله احنا اكرم لنا مانشارك في الاوليمبياد دي لحد مايبقي عندنا لاعيبه محترمه قادره عالمنافسه,sadness
:   saly حين تودع قلبك لدي من لا يعرف قيمته فلا تعجب ان وجدت كرامتك يومًا في سله المهملات ..  خربشات,sadness
gr21     اخن وزوجك الحربي جايه مصر وهصورها عريانه وهي تتناك..,anger
علي دكه   دلوقتي نيجريا و اليابان بيلعبوا اها في الاوليمبياد,none
ياجماعه انا خايف احرقلكم الاوليمبياد يعني بس امريكا والصين هما اللي بيتنافسوا عالمركز الاول زي كل سنه واحنا بنفرح بالبرونز :),fear
تفكيرك في محله?,surprise
علي فكره الابطال المصريين هما اللي ودوا مصر الاوليمبياد مش مصر اللي ودتهم  ريو2016,none
وعلي صعيد منفصل تماما فيه لاعبه المانيه من اصل فلسطيني رفعت علم فلسطين مع علم المانيا في حفل افتتاح الاوليمبياد,none
:   يا نهار اسود دي بقت ميامي اسكندريه ????????????????,anger
سلام,joy
: لكن من يزايد علي الشيعه في وطنيتهم مع بصقه في فمه هذا ابن الوطن الشيعي استشهد من اجل الوطن,sadness
للاسف الشديد علاء ابو القاسم خرج من الاوليمبياد بالخساره من الايطالي العنيد جرازوا دانيالي 13 15 :(  rio2016,sadness
:   1199  الله يحفظ العراق وناس العراق   صباحك امل وطمئنينه,love
يا رب ان كان ل امي هدي في قلبها دعوات عانقت ابواب السماء ! فبعطفك و الواسععه قل لها : كوني😩😭,sympathy
هو الواد محمد هاني ده مقموص من حاجه!! يعني جي يلعب غصب عنه او ببلاش مثلا..!!  الاهلي,anger
ياقلبي واضح خايفه ومرتاعه 😢 انتي اهدي و روحي شوفي اختبارات وتدربي عليها انشاءالله تتوفقين يارب 😭,fear
اذا زعلت وبروح اراضيها,love
اول رقم عالمي يتكسر في الاوليمبياد 100صدر رجال بريطانيا السباح ادم بيتي  Rio2016  Olympics,none
: حينما يجتمع الكبار تخرس السنه الجبناء ويدفن رؤوسهم في التراب حفظ الله قادتنا بعينه التي لا تنام  ⁧ الامارات⁩ ⁦ UAE⁩,joy
جميل انك تلاقي ست متابعه الاوليمبياد حقيقي .. الواحد فرحان بيكي بجد .. انتي عايشه في مصر بجد ؟؟,surprise
معاااك 4 نعيمن :D ..   ArabsGotTalent,joy
بيتريقوا علي المحجبات في الاوليمبياد بيقولوا مش منظر يعني,none
برشلونه وريال مدريد تسوون لهم استديو مباشر ومحللين وتعليق  لكن مانشستر لا مع ان جمهور البريمير اكثر الله ياخذكم يا كلاب     MENA,anger
الحقيقه كثيرون قد يسببون لك الالم والمعاناه، عليك فقط ان تجد من يستحق كل ذلك. بوب مارلي,sadness
الجميل في الغرام ان القلب يحكم اكثر من العقل.,love
هيتفرجوا علي الاوليمبياد 😅😅😅😅😅😅😅,joy
الله يوفقهم وينصرهم يارب بحق الامام حسين (عليه السلام),sympathy
k: 8000 رجل وصبي اتقتلوا في ساعه واحده لانهم     مسلمين     سبرنيسا  اوروبا.  مش ارهاب ديني طبعا.,anger
الناس من دون شي مرعوبه من قذايف  داعش كل يوم وتا يزيدون عليهم بالطيران كمان ويرعبوهم اكثر من هيك  ديرالزور  سوريه  الرقه  الموصل  البوكمال,fear
: انا مش عارفه قلبي  مكسور ولا ولا ايه حصله 💔  چودی,sadness
170:   :::☔️:::  الرحـــمه تكون في حسن التعامل مع الاخرين في العطف ، التسامح ، المساعده طيب الكلام ، انها مشتقه من رحمه الله الو…,sympathy
سيدي المحترم محمد بن راشد ال مكتوم تحيه طيبه وبعد كان عندي فكره كنت حابب اسوقها لدوله الامارات اتمني التواصل تحياتي لفخامتكم,love
بين البشر تايهين من كل كاس شاربين  زفتي,sadness
الواحد بيفرح اما اي واحد مصري من اللي في الاوليمبياد بيعدي خطوه نحو الميدياليه بالتوفيق ليكو كلكو,joy
حد يعرف قناه بتذيع الاوليمبياد غير النيل للرياضه الهبطانه ؟؟؟!!!,none
ﺭﺑّﻲ ؛ ﻻ ﺗُﺒﺎﻋِﺪ ﺑَﻴﻨِﻲ ﻭ ﺑﻴﻦَ ﺷَﺨﺺٍ ﺃﻧﺖَ ﺗﻌﻠﻢُ ﺍﻥّ ﺳﻌﺎﺩﺗِﻲ ﻟﺂ ﺗﻜﺘَﻤﻞُ ﺍﻻ ﺑِﻘُﺮﺑﻪ,love
goo: لا احساس لاضمير لا قلب ينبض  ! حسبنا الله ونعم الوكيل عليك يابشار ؟ اللهم ارنا فيه عجايب قدرتك.  حلب تحت القصف  حلب,anger
شكلها هتبقي اول ميداليه لمصر في الاوليمبياد النهارده في رفع الاثقال,none
anah0r4    63 سبحان الله. .برغم الحزن والاءسي. ..جمال ما بعده جمال. .ربنا يصبرهم وينصرهم. .بنت بالف راجل,sympathy
القصه مسليه فشخ,joy
هل هو صعب يصير عندنا شارع بدون حفر ومطاب ؟  مش معقول,surprise
انا ناطرك علي اول الاوليمبياد انت فين؟,none
خالد العبيدي يعرض  بيان منسوب لـ  جماعه  اخوان مسلمين كونه يهدده ب  القتل ، حتي  الغبي يمكنه تزوير وثيقه مشابهه,anger
: زوجه الطيار الذي اسقط الثوار حوامته بالامس في  ادلب تنتحر وتترك رساله لبوتين تقول فيها(لعنه الله علي بوتين هو من قتل زوجي…,anger
ايه مكلماني تقولي انا خايفه علي رجلي,fear
راموس بره التشكيله ازاي بس نفسي افهم مخم امك بيفكر ازاي؟,surprise
sou ياح?وتك ياسيسي استقبال رائع لرئيس مصر الججيده القويه,joy
الله يمسيك بالخير يا باسم يا يوسف  البرنامج,joy
بفضل اليونان اتوجدت حاجه اسمها الاوليمبياد .. نخليها تبتدي مل منافسه بعشره دهب تحيه عشان ماتتظلمش؟!,none
e: فقد الاصدقاء مُرعب، ان تفقد اليد التي بجانبك وما هي بجانبك، يالله!,fear
احبابنا اني اغالب حسرهً مشبوبهً وعلي الاسي اتجلَّدُ . نظراتُ اعينكم تعذِّبني فلا عيشي يطيب ولا جفوني ترقدُ  العشماوي …,sympathy
كل اما اكون ماسك الموب وبضحك امي تقولي بتكلم مين وريني !!!,surprise
558: بين روَحي ورَوحك تنَاغمٌ اعشقه بِكُل مافيه وبلمسهَ دِفء من كفيك اشعُر بنبضُ الحياه يسري باوردتي,love
احمد زويل مثلي الاعلي ف الدنيا ربنا يرحمك,sympathy
من منّا ينسي شهامه وروح رااااموس القتاليه بهذه المباراه ..؟   من الماضي &lt3,joy
من الواضح ان امبارح مش هيتكرر تاني في الاوليمبياد دا 😂... طب ما كنا نجيب غانا نلاعبها بالمره امبارح,joy
13 نسكافيه ريو فرديناند  قلش دفاعي منشستراوي قديم هيخوهوهوهو,joy
هو احنا داخلين الاوليمبياد يضحك علينا بس لا اي 😂  مصر حلوه من غير,surprise
خايف يطول البعد ، وتسجّ مني وياخذ مكانك شخص مهوب يسواك .,fear
فريده عثمان .. رانيا علواني الصغيره بس ان شاء الله تعمل انجاز في الاوليمبياد,none
:      qt  رايت رام الله الغريب : هو الذي يسالونه دائماً من وين الاخ ؟ !!,surprise
قطر داخله الاوليمبياد ب 25 رياضي يعني فرصه اللي عاوز يسرق قطر البلد كلها في البرازيل 󾌴 󾌴,none
هو انهارده عيد الاب ولا ايه ؟!,surprise
Maryoum انتم مشكلتكم ناس ماتوقفون مع الحق خلاص استحو علي وجيهكم واقفين ضد مريم حسين خلو البنت بحالها تعيش خافوا الله,anger
انا بقيت خايفه و شايله هم اللي جاي والموضوع ده مخليني مش عارفه اعمل اي حاجه او احس ان في حاجه كويسه,fear
انا كل متحمس لحد في الاوليمبياد بيخسر فربنا يستر علي ايناس,none
فــــــراق السـلام علي قبـورهم .. اولـئك الذين سدلوا ستـار الحيـاه وتركونـا في صدمـه المشهـد .,sadness
اصغر لاعبه هي هايدي موسي (15 سنه) و هي اصغر رياضيه شاركت في تاريخ الاوليمبياد منذ تاسيسها و بتلعب خماسي حديث,none
الواحد كل يوم اما بيصحي يلاقي نفسه لسه في مصر بيبقي خايف يقول صباح الخير والله,fear
حرق  وروبن هو ولده,anger
ربنا يحفظهم ويصبرهم وينصرهم علي اعداء اليمن ان شاء الله,sympathy
البنات اللي في الاوليمبياد بيشيلوا 120 كيلو انا لما مره الكابتن فالجيم قالي اشيل 10بس كنت هعيطلوا علشان مشلهمش ومن يومها مقالهليش تاني😂😂😂,none
Ibrahim88 و عَلكُم سلام!,joy
صار الي كنت خايفه يصير 😊😊😊,fear
ربنا معاها و معاهم و يصبرهم,sympathy
: انت حبك كل ليلـه في زياده والخفوق ينادي لك هل من مزيد مايليق احبك بـ بهون وركاده خل هذا الحب للجيل الجديد,love
صباح الور عليك ياسلطان وفي انتظارك لي نار,joy
الكويتيين متحسرين علي عدم رفع العلم الكويتي في الاوليمبياد...علي اساس في حال رفعه سينافسون الصين وبريطانيا بعدد الميداليات,sadness
طب اطلع غلي ف ايه !!!!,surprise
الدنيا فيها  اوجاع تشيب 🚬👑,sadness
قمه المواطنه انك تكون ف بلد اجدادك و متعرفش تلعب كوره ف النادي الاهلي عشان ديانتك متلاقيش حد مننا بيمثل مصر ف الاوليمبياد,sadness
شفت وحده بالطريق لابسه سنسله بس مش مكتوب اسمها!!! مكتوب اسم زوجها او خطيبها، لان اكيد ما اسمها بهيج????????,joy
عندما تدخل الجيش فقد حمي الشعب المصري الابي  تحيا مصر ويسقط الارهاب  احمد المغير فضح الاخوان في رابعه,anger
: ...في ظل  الاستبداد..تسبق الافعال دائماً كل الافكار... يبقي.. الموت خياراً.. افضل من الاستبداد............................…,sadness
اقترح اسم وكاله الفضاء المصريه ربنا يحمي العسكر احنا اصبحنا بمصاف الدول الكبري  لا والاخوان عاوزين يرجعونا لعصر المعيز  ربنا يحمي السيسي,fear
: اللهم بثّ في قلوبْ احبتي ، اللذين لا اطيق حزنِهم سكينٓہ وابتسٓامٓہ دائمہ لا تغٓيب ❤️.,sympathy
السلام عليكم انا خايفه عشاني قاعده لحالي 🌚💔,fear
: المعلق محمد بركات *الاهلي نادي القرن اليوم يتقمص دور البطل*????????   وراك يااهلي كعب داير,joy
مش عارف ايه الفشخره دي، انجلترا وويلز بيلعبوا تحت اسم بريطانيا مع بعض في الاوليمبياد,none
انا قلبي عليك، خايف عليك ..,fear
خايفه اوي يحصل اللي طول عمري خايفه منه .. يا رب عشمي فيك كبير ❤,fear
r4: قبله قالوها ( اغويرو ، سواريز ، نيمار ، فالكاو ، فورلان ) و الان دزيكو ! و لا زال هُنالك من يُشكك ف راموس ! و الله.,surprise
: في لهفتك غيم ومواعيد واحلام وفي شوفتك قصّـه غرام طويله 💕,love
و انا صغير كان عندي اتاري بشريط كده كنت بالعب عليه كل العاب الاوليمبياد,none
الحب النقي هو من يسكن الوحش الذي بداخلك اطلق العنان للمحبه وكن روحانيًا، كن طيبًا، كن عاشقًا  جلال الدين الرومي,love
abdullah895   rsawi الله يعوضك ويرزقك بالي افضل منه ... هذه سرقه عيني عينك وياليت ماتسكت عن حقك لو كلف الامر الي توكيل محامي ممتاز,sadness
قاعد جمبي بيحسرني ع الاوليمبياد اهو😔,sadness
واهي خلصت الحكايه .. بالخير افتكرها,sadness
انك تقابل حد مكنتش متوقع اصلا انك تحبه ويعوضك عن كل اللي قابلتهم في حياتك !! ❤ ✊,love
: لا شيء اسخف من ان يسعي المرء الي اثبات شيء للاغبياء      ميلان كونديرا,anger
ترامب مصيده لاتمام الغفله  المفاجاه,surprise
الي حبيبي القديم والقديم جدًا مُنذ ان ميّزت وانت حبيبي الي مواسم  الشتاء الماضيه والقادمه وكل مابينهما انت دائمًا حبيبي )..,love
انا خايفه اقرب من الهدوم الشتوي ف المحلات !,fear
مايفعله ميسي في الملعب شكله اخذ منشطاات 😱 لازم يفحصونه,surprise
: اااااااه ياقلبي حسبهم الله ونعم الوكيل اللهم انصرهم ياربي ياحبيبي,sympathy
يارب هاهم اطفال ينادوك يالله فرج عنهم يارب,sympathy
عمران زخاييڤ عمل ايه في الاوليمبياد؟  Rio2016,none
فعلا موقوفين من الفيفا و اللجنه الاوليمبيه بسبب التدخل الحكومي و ممكن يشاركوا في الاوليمبياد تحت العلم الاوليمبي,none
وغالباً برضه هيبقي اسرع تغيير للعيب في الاوليمبياد عشان نيمار دخل جول واتصاب,none
مطلوب  تضحك :) علشان ميتقالش عليك :( ..  متسالش ؟؟!! علشان متبقاش  مدلوق ،  متعيطش 😢 علشان متبقاش ضعيف ،...,sadness
لسه عندي نفس الشغف ... لسه عندي نفس الاهتمام . كل حاجه زي ماهي .. خايفه اضيعهم .. او هما اللي يروحوا مني !,fear
احساس ان في حد تاني خد مكانك من وسط الناس اللي بتحبهم وهما سابوه يخدو عادي . احساس وحش اوي,sadness
يا رباااااااااااااههههههه,surprise
الملك شرف عسي ربي يحفظه  ويامر ابراتب لكل افراد شعبه  اشهد ان الشعب قام اليوم حظه صف واحد كلنا ابسلمه وحربه,joy
ايه الجوع الي بينزل عليا لما بزاكر دا؟؟؟,surprise
لا شيء يستدعي تساقط شعرنا وسيلحقه شعورنا بهذه الحياه.....❗  اخيـــل......🇮🇶,sadness
فيه بنت امريكيه مسلمه ومحجبه مشتركه في الاوليمبياد في لعبه السلاح . مش مصدق اقسم بالله,surprise
احلي حاجه فيكو الكلام فعل مفيش,anger
مساءكم خريفي جو خرافي يصلح للزواج الرومانسي 💓💓  زواج  مسيار  فراوله 😑,love
:  مضايا تموت جوعاً لكن قواتنا بالتحالف تركز علي  داعش الان لانقاذ النجف وكربلاء ولا نملك لكم الا الدعاء,sympathy
انا لله وانا اليه راجعون حسبنا الله ونعم الوكيل اللهم احفظهم واشفي مصابهم يارب العالمين كان الله في عونهم وردهم لاهلهم سالمين,sympathy
حسناً سنقوم بمتابعه الاوليمبياد معكم ان شاء الله . نتمني ان نكون عند حسن ظنكم .,none
صمت الصباح الاجباري,sadness
7agh    7l قلت لك معندي مشكله يتزوج علي لو شاف مني عيب  بس انت متفهم الحمدلله و الشكر,love
مدحت شلبي كان سواق تاكسي قبل كدا كميه الرغي دا ؟؟,surprise
ماشالله الحيييين صار اردوغان مو زييين و دولته فيها خمور وووو و وقت الانقلاب قلتو انه زين و مسلم و لادم ننصر اخوننا المسلم ووو !,anger
عيونك جنه و باقي تفاصيلك نعيم  تصويري  عدستي  صباحيات  صباح الحب,love
ReKo  مشكله لاعبينا ثقافه محدوده وطموح معدوم وعدم وجود موجه ناصح مخلص لهم,sadness
Alhashemلا يوجد مخرج لنفط داعش سوي تركيا.هكذا تقول الجغرافيا السؤال :يوجد بصمه لنفط كل حقل تعرف بالتحليل ويحدد مصدره.اين امريكا من ذلك,anger
ههههههههههه اه والله ..,joy
نمَّ الي علمي انك اتخرجتي وا من هذا المزنق احب اقولك مبروك وربنا يوفقك في حياتك وتبقي دكتوره كبيره كدهون ^^,joy
em98 >&gt; يعني خايف,fear
:    دعوات العراقيين الاحرار لكم وقلوبهم معكم والسنتهم مع اكفهم تتضرع بالدعاء لكم بالنصر المؤزر علي اعداء الح…,sympathy
: جنود بريطانيون يرمون اوسمتهم ويقولون لن نجني السلام ونحن نسفك الدماء اوقفوا قصف الابرياء في سوريا هناك ابرياء يسقطون h…,anger
لما تنام ومتتمناش تصحي عشان خايف من بكره قمه الحزن,fear
نامت عيون الناس الا عيوني.. من صنف عشاق حبي له مسهرني طول ليلي يا زمان غدار ومقدار ريتها في يوم تجمعنا ..,love
رقم مخيف رقم مخيف,fear
هل كتفك شاغراً الليله لراسي المثقل بالفراغ ؟!  سؤال  برودكاست  برسونال,love
من يصنع لنا  الابتسامه 😊 هو احق ان نهديه  الصداقه والموده وكل فروع 🌸 🌺,love
عندي ليگي  مفاجاه انما ايه محصلتش ??   ايه هيااا ??   منا بقولگ محصلتش 😂💃😂,surprise
فيلم اخرجته انجولينا جولي يتصدر  شباك التذاكر   amman  معاذ الكساسبه,joy
مات من لا يستحق الموت  وعاش من لا يستحق الحياه  رابعه قصه دماء بريئه  نزلنا رابعه عشان,anger
كميه الاكل اللي مباكلوش ده ؟؟!!,surprise
هو انا ممكن لما اجي اتقدملك اجبلك شبكه فضه بدل الدهب ؟!! ليه هو انا طالعه التانيه في الاوليمبياد 😂😂,none
الناس صارت بس لسان.,sadness
الفرق كبير بين رفع العلم في الاوليمبياد ورفعه في مظاهرات تيران اللاعب قال رفعته من ع الارض احتراما للفظ الجلاله لكن في مظاهرات تيران ده جهل,none
يفرق ايه افتتاح الاوليمبياد عن افتتاح امم افريقيا 2006 😂,joy
هي الاوليمبياد هتخلص امتي؟,none
هل اصبح الخبر العاجل وسيله ملفقه استعباطيه تسويفيه للتلفزيونات التمويهيه .. لقد ظهر الخبر العاجل وكانه استغباء لشعبا ذكيا ....,sadness
: احساس الخوف والتشتت دا مرهق اوي ، اللي هو انت محتار بين حاجتين وف نفس الوقت خايف من نتيجه اختيارك ، فترجع تفكر 100 مر…,fear
حبك ياسطي وربنا :*,joy
نفس الندم الي كنت خايفه منه حصل اللهُم صبر ايوب.,fear
واناا االتي احببتكك اككثر بكثير من اي قد يتحمله ه  قلب امراه..😍💜,love
تربيه ال سعود، تطرف وجهل وتخلف,anger
لاعبنا الجديد جونيور اجاي(نيجيريا)VS اليابان الماتش ع ابو ظبي الرياضيه 1 في الاوليمبياد,none
الله معكم وهو ناصركم .ولاحول ولاقوه الا بالله العظيم..,sympathy
موتي اخر نقطه ندم جوايا من ناحيتك ..,sadness
اداره محمود طاهر لقت نفسها هتتزنق في حوار المهاجم الافريقي وبديل ايفونا ، بتتفاوض مع لاعب هيلعب الاوليمبياد بكره ومش هنستفيد منه في افريقيا,none
هي الاوليمبياد مفيهاش سكواش؟؟؟؟؟؟؟؟؟؟؟؟؟,surprise
فجاه الكل رسّام و فنّان 🙂,surprise
1243 بالله كم التحصيلي حقك والقدرات كمم هااه ترا جامعه تبوك نفس اي جامعه بالمملكه اذا كانوا نسبك زي الخرا لا تتكلمي انك مظلومه,anger
شو مشتاقه تهديني باقه ورد صغيره 🌷💜,love
واضح ان الي بيروح الاوليمبياد دول بيبقو ابطال مصر بس مش ابطال عالم بلا حرقه دم اتحادات مصريه بنت وسخه,anger
حسبي عليهم بالله رحت انام في الصاله خايفه من الغرفه استغفر الله 😭😭😭😭,fear
الاوليمبياد والعالم كله والسوشيال ميديا كلها مقتنعه ان ساره سمير خدت برونزيه الا قناه النيل بيباركولها عشان خدت الفضيه 😂😂,none
انا ابي اشتريه بس خايفه مدري ليه 😩😂🤔,fear
: اي والله اني عليك من الوله ضامي واشفق علي صوتك المبحوح واحبه !  شعر  قصيد  حب  بوح,love
وربنا ... المطر دا عشق 😍😍,love
باذان الله نصر قريب ان شاء الله الله معكم ي اهل سوري الغالين,sympathy
لان ليس هناك تاسيس وخطه للمشاركه جمعهم قبل الاوليمبياد وقالوا شاركوا. يجب ان يكون هناك عمل واضح من الان للمشاركه القادمه,none
متعاطف معاه جداً والله. 😔,sympathy
صباحكو بيضحك,joy
: نعم الحب اكبر من البعد وعلي شانك يرخص كل غالي,love
بيقولي انا من صربيا .. بقوله من ترويسكي البلد ولا نوفاك الهفا ، اصل صربيا كلها بتتاخد 😂😂😂 الاوليمبياد صعبه قويه يا كسمك 😂,surprise
انا خايفه من سواقين الميكروباص بكره والله !!,fear
مَاّبِاّلَ قِلَبِيِّ لَاّيِّعٌرفِّ َّسوِي * اّلَحٌزِّنِ...؟؟*,sadness
ارسمك في عيني علي حزه اﻟشوق ويا زين حالي يوم اشوفك بععيني. . . .  خواطر  غزل,love
الصداقه تعني السلام معناه الشغف ربما ياتي الحب بعد الصداقه ولكن مسستحيل ٱن تاتي صداقه بعد الحب,love
بارك الله فيكم فيعلم الله انني كلما دخلت التاق ازددت حماسا وقوه واصرار علي المواصله معكم رغم انشغالي استمروا  اليوم 76 stc راح نفلسكم,sympathy
يا  ربّ من كانتْ لهُ عندكَ  دعوهٌ اُمنيهٌ حاجهٌ و لكَ فيهاَ  رضيَ و لا تحرمهُ  السّعاده يا صاحبَ  الرحمهِ و  العطاء,sympathy
كثير من المسلمين وشيوخهم زعلانيين علي هيلاري كلنتون ؟,surprise
احسن حاجه في الاوليمبياد دي الدول اللي بنعرفها لاول مره ايه جزر كيمان دي ؟,surprise
الام هي الثابت الذي لا يتغير..كل من حولك يتغير الا امك..كل من حولك يهجرونك الا امك. للشيخ محمود الحسنات,love
:  معظم رويات  الحُب ! اختصرها الاندلسي ببيت  شعر حين قال : ولمّا  راني في هواهُ  متيماً … عرف يب مقامهُ  فتمردا ،،,love
تركي العواد يسيء للسعوديات كل واحد يبي يسوي ضجه اعلاميه استخدم السعوديات يبي يشتهر استخدم السعوديات ليش  بصوت سلوي المطيري سلط الله عليكم,anger
azzameg !! انت شربت كل البريل اللي في التلاجه ..وسبت المياه 😀,surprise
الدوله ما بدها تحط حد للصيت الماساوي القاتل لقصه انتحار عاملات في لبنان. اوقفو استيراد الخدم,sadness
: قال لها اغمضي عينيك حبيبتي ثم سالها ماذا ترين فقالت لااري سوي ظلمه فقال هذه حياتي من دونك هكذا هو,love
عاجل|  اونا| لاعب الجودو المصري  رمضان درويش يخسر دوره الترضيه امام  لاعب المانيا ويودع الاوليمبياد,none
عندي ميدتيرم خايفه اضيع وقت هنا مع ان كده كده بضيع الوقت يعني 😅,fear
يا جماعه في يوم هلعب في الاوليمبياد انشاء الله صدقوني 😂,none
انا بتفرج علي الجمباز في الاوليمبياد حاجه ولا اروع,joy
يعني بتجي لو قلت لك   فيني حزن .؟؟ اقسم برب الافئده اني  حـزين💔🚶,sadness
ياريت علي الرجبي، ده فيه العاب تقريبا مبتتلعبش غير في الاوليمبياد !!,none
خايفه انام واصحي الاقيها اتاجرت مفروش .  السيسي خربها  تعويم الجنيه  مصر بتفرح,fear
كنا نشاهد الاوليمبياد ولكن لم اعلم كيف اشرح لابني اننا لم نفز بمركز,sadness
مصر لحد دلوقتي في الاوليمبياد :صفر ميداليات وفضيحتين❤️,sadness
الاوليمبياد من ضمن اعظم الافكار اللي حصلت من الارض للارض .,joy
الطليان بينتقموا من موت رجيني وبيخرجوا كل المصريين من الاوليمبياد,none
يا ديني !!!!  ظابط و عملي فولو XD XD,surprise
AH14 زمالكاوي ؟!!!!,surprise
امبي والله مره سويتها كنت راكبه مع دلال و حدي خااااااايفه😂😂😂😂,fear
اعرف الوجع الذي تتركه الكلمات التي تقال واعرف الوجع الاشد وجعاً الذي تتركه الكلمات التي لا تقال,sadness
لا، عرص,anger
خايف لاتكوني مش بتاعتي,sadness
شفنا اشون استفاد صدام من الزي العربي. هو منو طيح حظ النغل صدام غير خيانه اعراب الخليج.,anger
اعشق بكل جنان,joy
shipl19     مبروك اضرب ف تمانيه بس مسعد العلق طلع ????,joy
عن الناس اللي عايشه عشان توجعك و بس,sadness
اه قريت، كلهم حققوا انجازات بتضحياتهم ، بطله مصر منعوا تاجيل امتحانات الثانويه لها بسبب مشاركتها في الاوليمبياد و اضطرّت تسقط.,sadness
حيِن  اشتاق اشعّر كَاني مُدَمن ينتظر جرعَـه فـّ احقن نفسَي بذكَرياتكك واغفو معها 😴🗨  عشق ⁧,love
سَلامُ اللهِ مِنْ قَلبي عَلَيكُم يااهل بيت ...❤️  حبيبي حسين  زياره الاربعين,sympathy
انا خايفه التاكسيات تتطلب اكتر من 10 جنيه 🙍🏻,fear
alghfaily: اللهم تشكو و تنتحب؛ رجالها ونساؤها، كبارها وصغارها، سهولها وجبالها، مدارسها ومشافيها ، فاللهم انج مستضعفيها، وانصر…,sympathy
: البعض يتغير عليك  فجاه ما يدري اني  نسيت عشاء البارح 😅,surprise
باذن الله ستكون عبره لغيرك يا خنزير بشار وايران حلب الملحمه الكبري التي سوف تسحقكم   الصراخ علي قدر الالم وصور فطائسكم فاضحه,anger
لازال هناك الكثير من الحب .,love
ولا في غيرو يفرحني  ❤️  اللي معاهم ايفون بيفولوا بعض,joy
تتحرق الاوليمبياد قصاد زعلك 😞,sadness
حسبنا الله ونعم الوكيل علي من يرا الظلم يقع في بلاد المسلمين وهو يستطيع علي نصرتهم ولا ينصرهم ولو بدعوه اللهم ارفع الضر عن اهل الموصل وحلب,sympathy
الاسكواش ده اللعبه الوحيده اللي فالحين فيها مش موجوده في الاوليمبياد .. فقري ياباشا,sadness
مظلومه الحلبه والله — drinking حلبه حصا,sadness
اجمل التهاني والتبريكات للزميل / عبدالله علوي بن سميط بمناسبه الخطوبه  الف الف مبرووك  وعقبال الفرحه الكبري,joy
ايه كميه الرياضات التافهه اللي في الاوليمبياد دي ولا العيال الفسه اللي عندهم 16 سنه دول 😏 انا مابحسدش يعني انا بحقد بس🙄,none
حاديثه نادره حصلت في الاوليمبياد في سباق التتابع لاعبات المنتخب الامريكي يتبادلن العصا لكن حادثت واقعه غريبه من لاعبه البرازيل في السباق ...,surprise
خايفه من نفسي وحالي,fear
ايه اكتر لقطه معلقه معاك في الاوليمبياد لحد الان ؟    Rio2016,none
قطر بعثتها في الاوليمبياد 38 رياضي تلتينهم اسامي اجنبي :D .. كفايه منتخب كره اليد اصلًا :D :D,surprise
: مراسل صفحه الفساد في مدينه  ادلب ابو الليث سميع      الذي طالته يد الغدر اليوم في  ادلب بعد عمليه خطف من قبل مجهولين,sadness
kntle: والله خايف .. خايف احبك ، و خايف ما احبك شفت لك واحد : من الصوبين خايف ؟,fear
: معكم الله يااسود السنه في  حلب وفي كل ارض وتحت كل سماء. لن ينتصر المجوس لقد لعنهم الله واخزاهم ولن تقوم لهم قائمه ولا رايه♦️…,sympathy
اللهم   اجعل  العام  الجديد   خيرا  علي  المصريين  ورخاء  وحبا  ووفاقا  وعلمنا  ان  نخاف  منك  ونتنقيك  ونعتمد  عليك  يارب  كل  المصريين,joy
السّهم لا يعود بعد انطلاقه .. والثقه لا تعود بعد  خيبه !! ✋,sadness
انا ايدي الصغيرات .. تفتش في الممرات  لتعثر عن طفولتها التي يغتالها الجند!,sadness
انا فقدت القدره في اني احس بطعم الايام مفيش حاجه جديده ولا حاجه مبهجه زي زمان.. حياتي بقت عباره عن يوم بيتكرر كل يوم ✋💔,sadness
دنا خايف احكي.. وعايزّ احكي .,fear
اللهم انصر المجاهدين في حلب علي الطاغيه سافك الدماء الكلب بشار وجنده، اللهم امين,anger
كل ما حد يخسر من عندنا يقولوا اصله مصاب ... طيب لما هما كلهم مصابين رايحين بيهم الاوليمبياد ليه اطلعوا بيهم ع القصر العيني 😒😒,none
Ashraf يعني كانو ضد الثوره ونجحو الاخوان ؟,surprise
انا خايفه من يوم القيامه جدا ، لو ربنا اكرمني و دخلت الجنه هتشفع ف صحابي اللي اخدتهم الدنيا .,fear
بس الاوليمبياد دي حاجه تفرح والله .. الواحد بيحس بطاقه كده وهو بيتفرج عليهم.,joy
shahdessam شئ غريب جدا كل مادخل حته يتكلموا عن زوجه هباب مايشوفوا تاريخ الاخوان القذر والسلفيين العناتيل جت علي ده ،، كلهم افاقين ????,anger
حاسس ان الاوليمبياد السنه دي هتكون نتايجها كويسه للاعيبه المصريين,none
دا ايه دا فين دي !!,surprise
ايا كان الاوليمبياد مش هيبقي ليه طعم عشان المايسترو فيدرر غايب، والله القلب يبكي لغيابك يا عم الناس,sadness
تقريبا نص المصريين اللي في الاوليمبياد خرجوا من اول يوم ، انا بقول نستني لبكره عشان ناخدهم كلهم يرجعوا بنفس الطياره اللي راحوا بيها.,none
اهو انا في الاوليمبياد ده كله مبحبش الا نهائي سباق 100 متر رجال علشان بيخلص بسرعه,none
لازم هشام جنينه يتحبس فين الفساد اللي في مصر ده    يا بلدنا يا تكيه يا وسيه سرقوكي الحراميه,anger
بعض الاشخاص لهم حب لا يكتب ولا يقرا في القلب فقط          حكيم  هاشتاك حكيم  غرد  تكلم كنك سعودي  امطار المدينه  I love you  baghdad,love
3 فاولات علي ميروتيتش .. في الاوليمبياد 5 فاولات طرد مش 6 زي الـNBA,none
المصريان محمد ايهاب وابراهيم عبد الباقي الان نهائي رفع الاثقال Bein 7 النيل للرياضه  مصر في الاوليمبياد  ريو دي جانيرو 2016,none
لا بس الاوليمبياد مسليه اوي,joy
Shaker: خائفٌ ليسَ من عُداتي .. ولكنْ من يدي .. من اضالعي .. من جفوني ! اينَ عن خوفيَ الفرارُ وعمري موغلٌ في توهُّمي وظنوني ؟!,fear
ي رب اخاف من الاقدار القادمه,fear
كريستال الدره الشقيه الفين سلام وتحيه,joy
: الزول دا عاجبني شديد ، شركه الكهرباء قطعت الكهرباء في حيه ، مشا رقد ليهم في نص الشركه بفرشته كعتراض,joy
.   يقول الفيلسوف ميشال سير في مقال بمجله لوبوان “ تَقضي امراه كل يوم نحبها في فرنسا تحت ضربات رفيقها، او زوجها او عشيقها “,anger
الجزائر بتلاعب البرتغال ف الاوليمبياد ع ابو ظبي سبورت اتنين,none
الله واكبر علي رنوووشتنا ربنا يكتر من لقاءتك يارنا اخنا مابنشبع منك ابدا وربنا يوفقك يارب وتكون البر مطربه في الوطن,joy
1) ما اصعب ان  تشعر بـ العميق وكانه كامنٌ في داخلك  الم عريق تستكمل  وحدك  الطريق بلا  هدفٍ بلا  شريكٍ بلا  رفيق  احلام العاجز  بوح,sadness
ان شالله ربنا يوفقهم  شجعوا مصر في الاوليمبياد,joy
شركها في الاوليمبياد ه ه ه ه يعني تصير بطله وكذا ه  ازاي تبطل سجاير,none
PanadolXpana: حبو بعض الله يخرب بيوتكم هانضيع كلنا   كوكب الارض  تفجير  قتل  طائفيه,anger
: في  عدن اب يستلم شهاده  التخرج لابنه  الشهيد .. انها اقسي لحظات والالم .  جامعه عدن  المنصوره  كريتر  قروب شباب الوطن…,sadness
: الملحمهساعه الصفر قادمه اليكم يامجوس ايران. هللوا عما قريب يا اتباع قاسم بدر هاشم الذي هتك عرض ابنته ذات 14 عاماً,anger
البعثه الاوليمبيه بتاعتنا داخله الاوليمبياد بشعار مشاركه لا مغالبه :D :D,none
المفروض الكليه بتاعتنا كل سنه تتذاع زي الاوليمبياد كده ..هنلاقي ناس تشجعنا والله ويتعاطفو معانا واهو نبقي مشهورين 🚬,none
هي الحياه عطياني ضهر دين امها ليه؟!!!!!!!!!!!!!!!!!!!!!!!!!!!!!,surprise
المشكله ان انا لسه جعانه بجد :D,surprise
يلاحظ في مقدمه الرساله ونهايتها اطراء جم لعلماء حائل ولاسره ال الرشيد يدل علي اهميه حائل العلميه انذاك.,joy
بالصور لحظه حصول هدايه ملاك علي برونزيه التايكندو في الاوليمبياد,none
في فرق بين  انك اتفشخت واتغلبت 4  وانك اتظلمت واتغلبت 2   الزمالك  باصي لعفيفي,anger
مرتضي منصور : انا هامشيك ولو مش عاجبك اشرب من اي خرار...  انت بتعمل ايه يا محمد   محمد صلاح : بشرب من الخراره,anger
albedah   دعواتنا ترافقكم ابنتنا ساره .. وقلوبنا معكم ..🌸,sympathy
NB   nahia انا خايفه عليكم بس ماعندي دراهم تجيب لكم كلكم,fear
bukairy     ابو خالد قبل شهر  تمدح اداره الاهلي عشان الغو الالعاب المختلفه   والحين تنتقد عشان لاعب تنس  وضعكم مزري للاسف,sadness
ومش هتصدقي لو قلتلك اني بستسخف الكوره اوي في الاوليمبياد غير في الادوار النهائيه ، حاسسها شاذه في الدورات ده,surprise
والله راح نمحيها كانه يوصي الجيش العربي السوري قبل ما يستشهد ،كملوا المشوار وروحي معكم لحد انصر الله يرحم الشهداء…,sympathy
wahballa: 99.9% من الناس اللي بتقول طاقتي خلصت ومعنديش طاقه دول اصلا محدش بيجي عندهم ولا حتي حد بيعبرهم بس اهو اي هري وخلاص ????????,anger
مليار عربي = صفر كبير في الاوليمبياد  يلا ريو  ريو 2016  مصر في الاوليمبياد  مصر,sadness
ياريت لاعب خلوق وفاهم زمايله حتي لو يترشح في الجهاز الفني   تريكه مديرا فنيا للاهلي,joy
انا بحب الالعاب دي فشخ بس انا مبعرفش اعوم وكان ممكن تجبوني غرقان من الاوليمبياد,none
انتي اجمل حب واحساس وشعور  رومنسي  شعر  ذوق  احساس  احساس  حس  مرهف  رايق  شعري…,love
انا عندي اساساً فوبيا من كل اللي انا برتاحله وان يدخل حد حياتي مابقيتش باحب افتحله,fear
اغلب الظن اكتر الناس المشاركه ف الاوليمبياد مشاركين جهود ذاتيه نشاطات من العهد البائد بتاع حسني مبارك,none
Spokesman    اشكرك استاذ حمد علي دماثه اخلاقك وسعه صدرك  واتمني للجميع التوفيق,love
الام خايفه ع ولدها. لكن الولد حركته تقول روحي لاتفشلينيً,fear
يا حماد الله يصلحك نريد منك ان تنتقد شمر ابناء عمومتك في العراق الذين يقتلون اهل السنه !!,anger
Khalfan بس اكو صحيفه اجنبيه نشرت خبر ان دحلان سمم الشيخ خليفه مثل ماسمم ياسر عرفات بمساعده محمد بن زايد,anger
: المفوضيه الاوروبيه: المواطنون في  حلب يعانون من الجوع وحياتهم في خطر.  الاخباريه  سوريا,sadness
البرازيل وجنوب افريقيا علي ابو ظبي في الاوليمبياد شغال دلوقتي,none
العرب فاهمين الاوليمبياد بشكل خاطيء.. فالعالم كله هناك للتنافس علي الذهب.. نحن فقط من اخترعنا كلمات مثل.. التمثيل المشرف والوصول لها انجاز..,sadness
طبعا منعا للزايطيين السيسي ملوش اي دخل بالانجاز اللي حققه ابطال الاوليمبياد الحمدلله 󾌳,none
ميدتيرم ايه دا اللي بعد اسبوعين وفي ناس لسه متعرفش اسماء المواد اللي عندها !!,surprise
لحظات خوف في حياتي,fear
الاغنيه دي انا حبتها واول مره اسمعها كانت من يوسف  رنا سماحه مع عمرو الليثي,joy
وهي مش كيميا يعني اي حد عنده ضمير ممكن يخلي مصر جنه في سنوات قليله مصر دوله غنيه افسدها نظام حكم فاسد,sadness
من اجمل التبريرات التي طالعتها : جاءت من حماده طلعت ؛ لاعب الرمايه الذي رفع العلم السعودي في طابور شرف الاوليمبياد : حماده مكانك في الاعلام,none
ربنا يصبرهم بجد الفجعه دي بتبقي قويه جدًا,sympathy
:   abdelwahab   ادخلي عالهاشتاج بتاعي هتعرفي دي اشكال زباله ومن اولهم عمرو الليثي العره مذيع مرسي,anger
احا في واحد دخلي دي ام صدق اني كنت ف الاوليمبياد بجد 😂😂,surprise
alkhaledi: اشتقت لغالي رحل دون شوره ماعاد يرجع لو بكت عيني دموع غايب ولكن في عيوني حضوره  الي جنات الخلد. نواف ????????,sadness
خايفه يمر الوقت دونك 🎼.,fear
: عندما تشتاق لهم تدرك انهم لازالوا في قلبك يسكنون 💔  احن الي ابي 🍂  مشاعر,love
بستمتع بحفل افتتاح الاوليمبياد لغايه ما دخل الوفد المصري وفيه عرص شايل علم السعوديه قفلني ابن الوسخه,anger
زمان كنت بستني الاوليمبياد كل اربع سنين واخد اجازه واقعد اتفرج علي معظم الالعاب وانبسط .. حالياً بشوف الاوليمبياد بتنكد,sadness
يمني محترم . .ربنا يحفظ اليمن من الشر والاشرار . والاخوان وتوكل خرمان .,sympathy
الاوليمبياد المفروض يعملوا فيها سباق ع النكد هتلاقوا ان ستات مصر اللي انا منهم ايوه مكتسحين و بجداره ، مركز اول علي وجه المجره كلها.,none
!! مش لدرجه ؟!,surprise
جوزف سكولينج...بعد كام سنه من حصوله علي نوبل الاوليمبياد   ..من الممكن ان يصبح برادعي سنغافوره وقائد ثوره شبابها .... صناعه العملاء  ريو2016,none
خايفه بعد سنين نقول ع فتره هذي كان حلوه ياريتها ترد خايفه خايفه,fear
علي جانب تاني خالص ، حارس الجزائر ف الاوليمبياد عامل شغل هايل و ملبس الجزائر جونين انا لو واقف مش هيدخله في 😂😂,none
خايفه اقولك * معلش * 😂😂,fear
:  عرفت امتي ان حظك منيل ملحقتش الطب علشان نص درجه ومدخلتش اسنان علشان راح عليا معاد التحويل واترميت في صيدليه طنطا حيث…,sadness
نو مش بهش دبان بتفرج علي ماتش بنج في الاوليمبياد جميل واحد مصري بيلعب شوفه كده وفكك من المذاكره🙈😂,none
قالك المفروض السيسي يدخل الاوليمبياد.. اشمعنا !! عشان بطل العالم فرفع الاسعار! 😂😂,none
يا جماعه مجرد المشاركه في الاوليمبياد يعتبر انجاز عظيم جدا لا يستحقه الا ابطال... يا رب نحقق ميداليات ويكون ادائنا حلو  مصر,joy
هذا وهم مواطنين مثلنا لهم مالنا من طب وتعليم مجاني ووظائف.عدا عن اللبنانيين الذين قتلو نازحين سوريين في لبنان والقوبجثثهم في القمامه,anger
emry1991: نزلت مظاهرات كان بيتقتل منا 100 واحد مثلا زي اللي حصل بميدان رمسيس وبعد المغرب يقولك روحوا انتهت المسيره      …,sadness
و نقول تاني رفضه للمصافحه غلط و انتهاك الروح الرياضيه و روح الاوليمبياد و تصرف يستحق الادانه و العقاب,anger
اختلفَ مع فريد الاطرش بمقطعَ     الحياه حلوه بس نفهمها     الحياه لُو فهمناها اجهَل واحد فالبشريَه يستحيل ان يُطلق عليها حلوه .الحياه مُستنقع .,anger
بالتوفيق لكل المصرين اللي بيشاركوا في الاوليمبياد .,none
انا فضلت متمسمره :  للدرجه دي انا مبحسش اساله طلعت في راسي وطفيت الاغاني وبعدين قولت طب وانا هعمل ايه وشغلت الاغاني تاني :,sadness
💔,sadness
امريكي يبتكر اداه تستخدمها الشرطه عند مطارده السيارات الهاربه لايقافها بطريقه امنه!  ابتكارات,surprise
شعب جمهوريه مصر العربيه يهنئ دوله القوات المسلحه الشقيقه بفوز ابنائها بالميداليات في الاوليمبياد! — feeling angry,anger
اساس استمرار الحرب  جهوي مناطقي اطماع مصراته  وطرابلس في السلطه والمال ومقدرات برقه في اقتصادها وضرب سلالتها قناه الحدث جمعه انقاذ بنغازي,sadness
المصريين المشاركين في اول يوم في الاوليمبياد ما شاء الله كل الالعاب الفرديه اللي اتلعبت النهارده كل اللعيبه خرجت باستثناء فريده عثمان,sadness
: نحن لا نستطيع ان نجبر اي شخص علي ان يحبنا ولكن كل ما نقدر عليه هو ان نجعل من انفسنـا اشخاصاً يستحقون,love
المفروض نقدم طلب للجنه الاوليمبياد عشان يستحدثو الميداليه دي هنكسر فيها ارقام قياسيه 😂😂,none
كلكم طلعتوا في الاوليمبياد الا انا 🙃,sadness
هي الاوليمبياد بتتنقل علي قنوات ايه,none
صعب جـداً ... ان تعطي انسان كل حبك وتفكير وحياتك !! وهو لا يستطيع حتي ان يعطيك بعضْـاً من وقته ليسّال عنك وعن اخبارك😔  حزن,sadness
هاكل اخير ♥♥,joy
متعاطف مع مؤمن وحاسه مدرب عظيم والله .. ربنا يسهلهاله معانا 😍,sympathy
افتتاح الالعاب الاوليمبياد في ريو دي جانيرو البرازيل 2016,none
مين هيدعم الشعب.. ناس احرار ببوسات الكترونيه ومظاهرات وشويه تنديد من تركيا وقطر ..مفيش ظهر للمصريين للاسف!,sadness
بنتين جابوا ميداليتين ل  مصر في الاوليمبياد، بدون دعم، ولا اهتمام و لا امكانيات و لا رعايه. و الميداليتين في العاب قوه. عاشت المراه المصريه!,joy
احس اني خايفه ومشوشه وضايعه 😓💔,fear
فرحتنا ما بتكمل الا معكم مساكم فرح متطوعينا 😊😊  متطوعو الاردن  تطوع  سعاده  عطاء  اطفال متطوعو الاردن...,love
:     ما فيها جدال، امريكا لم تسبب عشر ما سببته بريطانيا من ازمات في الشرق الاوسط,anger
ويا خوف فؤادي من غدي..,fear
دعوات العراقيين الاحرار لكم وقلوبهم معكم والسنتهم مع اكفهم تتضرع بالدعاء لكم بالنصر المؤزر علي اعداء الحياه والانسانيه داعش,sympathy
: وبكل خوف قلت :  بطل توجعني ، انا مابي الدنيا تدور وتوجعّك .,fear
ليله حزينه بخروج بطل العالم نوفاك جوكوفتش من الاوليمبياد خرج الذئب مبكرا وحرم جمهوره من متابعه التنس ومن رؤيه عينا الذئب لم يعد للتنس متعه,sadness
الدوله العسكريه اللي شاركت في الاوليمبياد زينا كدا كانت المانيا النازيه في دوره 1936 وبالفعل قدرت تاخد مركز اول في الدوره دي,none
العزاء اليوم ف مسجد الشرطه الشيخ زايد 😐 😐 😐 😐  الساحر  محمود عبدالعزيز…,sympathy
💛 حبنا الٰصادق لا يموت لا يقتلٰه غياب لا يعيقه طريق ولٰا يحل مَكانهُ احَد  انامل ميمي…,love
ايه القرف ده الالفاظ القذره دي,surprise
ثم اني اتوه اذا نظرتُ لعينيك رغماً عن ثباتي.♡,joy
: يقال: ان  البُكاءَ يحدثُ من الخوف، والحُزْن، والفَرَح، والجَزَع، والفَزَع، والوَجَع، والعِشْق.,sadness
لكَ ان تَعِي بانَّ هَذا  الحُزن سَيَمضي.. وَسيُشفي صَدرك.  🌼,sadness
خايف عليك وخاطري منك طايب لا بارك الله في تناقض شعوري ..,fear
بمناسبه تاريخ الاوليمبياد انا بصيت علي تاريخ اللي خدوا ميداليات عندنا اكتشفت ان عندنا قصه تعتبر من القصص الهامه في الاوليمبياد,none
مظاهرات في ريو دي جانيرو امام الاستاد حيث حفل افتتاح الاوليمبياد احتجاجا علي اهدار اموال الشعب في الكلام الفاضي وفي المهم الحكومه تقول مفيش,none
alhasawi1 وانا اقولها لك ناصح لا اكثر القادسيه بحاجه الي تكاتف الجميع ونبذا الخلافات فاذا لن تقف معه بالظروف فلن ينفع بعد,sympathy
يثبت مره اخري انه اعظم رياضي علي مر تاريخ الاوليمبياد,joy
تخيل ان الكون لا طعم له او لون او ان تويتر من غير هاشتاق  كلنا ضد مريم بيفور57 هذا محال صديقي تعال لنهشتق مريم حسين واتباعها,anger
اوحش حاجه في الشخص اللي بيهزر علي طول لما بيزعل بيبان عليه ????✋ .,sadness
امريكا لما تدخل الاوليمبياد بتبقي ضامنه اول ميداليتين ذهب في السله رجالي و سيدات,none
الاطفال تقتلني الشفقه علي طفله يذهب بها السائق للمدرسه ويعود بها من المدرسه والام نائمه من بعد سهره البارح مع الصديقات وطفلتك يالعمه !!,sympathy
شرطه قلوه توقف اعلامي   1391  ليس من حقهم ايقاف الزميل ولكن هناك محسوبيه وحب خشوم المفترض تخاطب الصحيفه وليس الصحفي,anger
: صباح الخير ياشجعان اللهم انصرهم علي من عاداهم يارب الدعاء لكم وقلوبنا معكم لحظه بلحظه  الحد الجنوبي,sympathy
مش مصدق الغل ده والله بتاع الشيكات النصاب !!,surprise
wh:       ih     صرخه الحوثيين اكبر دليل انهم كاذبون فلاماتت امريكا ولا اسرائيل فالذي مات هو…,anger
مش عارفه من غير الاوليمبياد ايه اللي كان هيسليني ❤️😂,joy
alzahrani:  حُب تشريح للحظه الي تضم فيها احد وتحضنه ، كيف القلوب تحضن بعضها .,love
الله يخرب بيتك يامرسي,anger
الله يكون معكم و ينصركم,sympathy
خايفه من كلمتك يومته 😭,fear
گم تَمنيت ان اجِد رساله منكِ، تُخبرينني بـ انكِ :   تَفتَقدينني بِشده  🙁😴  يونس بنشريف  العشق  قصص,love
cccc يادين امي علي الفتي تعتيم اعلامي وانتي اللي عارفه يالواحظ انتي فين يالواحظ,surprise
:  صبراته اغتيال اثنين من شباب صبراته امام مسجد الرساله، وسط صبراته:  خالد الناجم  معاد فرح,none
الحريه ل?ولتراس الحريه للمدرج الكوره للجمهور يا داخليه وسخه,anger
خايفه انام .. يجي الصبح بكير وارجع ادرس 🙄,fear
اسلمتُ نفسي للسكـون فهـزّني ** شوقٌ تحـرّك في صميم فـؤادي !!  غزل  شعر,love
متضامن معاكي فالمناخ التشاؤمي ده,sympathy
salyy: لن الوم احداً علي دموعي ، انا وحدي فقط المتسببه لكل ذلك ، وانا وحدي ساتجاوز نفسي دون مساعده احد ، حتي بدونك ..,sadness
ياعم صوتهم مرعب والله العظيم انت مش متخيل يامروان😭,fear
لو ينفع اشارك في الاوليمبياد في مسابقه عطي هجيب لمصر دهب اكيد. 👃 😷  هتشي  egy,none
نائب برلماني فرنسي يتحدث ولا يعلم ان الكاميرا تصور,surprise
كان تكريم لهم قبل الاوليمبياد..مع مجموعه من شباب مصر,none
امريكا بتروح الاوليمبياد تاخد كل الميداليات و ترجع,none
لا لا لا غريبه,surprise
انا قلت اجيب الاوليمبياد واشجع لعيبه مصر. كل ما اشوف ماتش لحد مصري يخسر.. تحيا مصر تلت مرات,sadness
احنا عندنا منتخب يد حلو وممكن يعمل حاجه في الاوليمبياد ويرجع بميداليه ودي اقل حاجه يقدر يقدمها لمصر والسعوديه,none
ايران بذات م استغرب منها اي فعل ! لانها اساساً دوله م احترمت شعبها وكل يوم مجازرباهل السنه فكيف م تدعم الارهاب؟.   ايران تمول قناه الحره,anger
هِي خايفه حزنها يُطغي علي الرسمه وهو خايف تغير الفرحـهَ ملامحها؟.,fear
توفيت الي رحمه الله تعالي جده الاخ امجد خطاب والده الاخ حسن ابوحجر والدفنه بعد صلاه الجمعه من مسجد...,sympathy
تركي العواد يسيء للسعوديات لايضر السحاب..نباح الكلاب..,anger
كل العالم بيتابع الاوليمبياد و عندنا نايل سبورت قطعو البطوله و جايبين استوديو تحليلي لتوقعات ماتش الاهلي و الزمالك!! بجد ايه الهبل ده يعني,surprise
FC  احد يوصلها للمدرب سالم الدوسري سعسعوع كبير والعابد سعسعوع صغير والفرج طامه كبري علي الفريق ????????,anger
الاوليمبياد الجايه بقي هيبقي 39 سنه 😀,none
ياحبيبي حس بي خايفه منك.,fear
SAFAVI70: هل تتوقع رده فعل قويه من حكومه  الكويت  تجاه المدعو دشتي الذي تجاوز كل الحدود ؟   دشتي يتطاول علي الملك سلمان,anger
المفروض كونا ندخل بالنواب دول الاوليمبياد,none
al2man   45   0990    منو دعس صدام ماقريت زين ????  لو ما امريكا العرب كلهم يرجفون خوفاً من صدام ????,anger
انا خايفه الجامعه تزود المصاريف والله ماهي زاطت بقي 😂✋🏻,fear
: انا خايفه مني لاني قاعده افكر اني برسب صدق والله يارب اموت وش ذا عقلي مريض خير,fear
جوايا خوف من كلمه الظروف تبقي طريق للوحده تذلنا ..,fear
n9 انا خايفه من رده فعل الشباب,fear
الاوليمبياد دي اضعف البطولات في تحطيم الارقام والاداء في اللعبات الفرديه والرقميه بسبب الاجهاد,none
1995 انتي ماتابعتي يعقوب ؟  كل شوي يشغل الاغنيه الي تحبها فوز  وخويه يقول خويكم تعبان تعبان ???? واضضضضضضضضحه.,joy
نكت فيسبوك 😅  قطر داخله الاوليمبياد ب 25 لاعب ... اللي عايز يسرق قطر يستغل الفرصه دي البلد كلها في البرازيل 😂😂,none
Mohammed001 ربنا يكرمك .. اصل ربنا رزقنا باحمد عنده اسبوعين افتكرتك شوفتي صورته,joy
شما حمدان افضل من طلال مداح   كميه سب وجهل بالهشتاق يعني اذا تبون تسبون سبو راعي الهشتاق ليش تسبون شما حمدان ؟! وش ذنبها ????,sadness
وجهك عليه من الحسّن وقبول .. وملامحك ، الله يا كثر الرضا فيها !,love
حد يعرف ازاي اقنع الموبايل اني مصري مش سعودي ... علشان يجيب لي نتايج مصر مش السعوديه في الاوليمبياد؟؟؟,surprise
لا تطلب من الله مالا تستطيع تاديه شكره او تحمل عبئه .والا. فلما ءاتاهم من فضله بخلوا به...... فاعقبهم نفاقا في قلوبهم الي يوم يلقونه,sadness
بعد التنظيم والنضافه والدقه اللي حاصله في الاوليمبياد دي باحاول اتخيل لو اتعملت عندنا مثلاً مش في البرازيل! 🙈  ماساه,none
الناس بتوع الروح الرياضيه ولا للتعصب يروحوا يتفرجوا علي الاوليمبياد,none
وهل هناك شك  قناه العربيه قناه عهر وخيانه,anger
لا هم يكرهون صدام لكن بغضا بالشيعه يترحمون لصدام لان يعتبرون العراق شيعي والحكم شيعي,anger
وخيمت عيناك بليلي          وغادر نبضك عالمي            عيناك منسيتان,sadness
دول عيال طريه بس كان جيل فشيخ كان ممكن يعمل حاجه في الاوليمبياد,none
اتمني من الفنان خالد خيري يغنيلي اغنيه علي الارجح  مدري مين تغنيها بس احسها علي لايقه علي صوته   حقيقي اتكلم  انا عالهوا ممكن اشارك,joy
قلتلكم ان البعثه رايحه تتفسح في الاوليمبياد محدش صدقني,none
aljohra:  رب في يوم الجمعه لك عبادٌ ينتظرون فرجًا فبشرهم وعبادٌ يسالون شفاءً فعافهم وعبادٌ يرجون فارحمهم وامواتٌ ينتظرون دعاء…,sympathy
كنت خايفه صراحه,fear
اسلام الشهابي خسر.. هارد لك يا بطل.. ومرضيش طبعا يسلم علي النجس الاسرائيلي  الاوليمبياد  جودو,sadness
والموضوع وصل دلوقت ان فيه شخص كدا ع الفايسبوك لقيت مشير كاريكاتيرات عن الاوليمبياد سخريه من الاسلاميين وحاطط علي بروفايله علم اسرائيل,anger
بسبب رفض رشوان اللعب علي قدم ياماشيتا المصابه في النهائي دخل تاريخ الاوليمبياد و الجودو,none
اصابني الوجع من حديث غريب عندما قال لي .. محظوظ من يملك قلبك,sadness
خايفه يكون صعب,fear
منتخب حرق الاعصاب لليد والله اكتر فريق بيتحرق دمي فيه في الاوليمبياد بس اهم بيحاولوا ربنا يوفقهم مهما حصل  rio2016,anger
ماله بقي وحش يعني ! :(,sadness
alhwaimel: مطعم السلطان احمد كفتجي في من منطقه السلطان احمد اسطنبول غلطان اللي ماجربه ????     istanbul,love
الحاجه الوحيده اللي بحبها ف الاوليمبياد  Rio2016 مباشر دلوقتي 😎 عروض السباحه الجماعيه 😍😍😍,none
يا اعذب  الحُب .. عشتك انا مرّه 0,love
الغريب برضوا ان لو رياضي في الاوليمبياد رفع علم فلسطين كانت الناس هتارجزم علي التصرف دا فتره طويله D:,surprise
درجات ازاي بس .. اكيد في حاجه غلط والله,surprise
الله يوفقهم وينصرهم,sympathy
: اعان الله قلوب اهل الضحايا و الشهداء في كل ارجاء  اليمن من تتقطع قلوبهم حسره علي ذويهم لكنا نقول لهم : نحن معكم نشاطركم ا…,sympathy
يوم الغد يوم حافل علي جبال الحجر للتكونات المحليه وتطال دوله الامارات..نسال الله الغيث,anger
انفلو لباسم بتاع يوسف ده ! اووف ايه الانحدار الاخلاقي ده هو قد كده وصلنا للمستوي ده !! دكتور ايه و بتاع ايه اللي الفاظه بالقذاره دي!,surprise
والله لن نفلح مع سالم وسلمان,sadness
عدد الدول المشتركه في الاوليمبياد اكتر من عدد الدول اللي في الاطلس !! 😄😄😄,surprise
“ : سلاماًعلي من تلحفو بالثري عسي الله ان يهب لهم من لطفه نسمات عطف.......”,sympathy
nona حسبي الله ونعم الوكيل :(,sadness
من يحبّك يراك مختلفاً ...,love
باتفرج علي نشره الاوليمبياد للعرب، اللي هي تعتبر تقرير خسائر، لقيت المذيع بيقول: فاز الملاكم الجزائري.. ففرحت، راح قايل: علي منافسه المصري 😭,surprise
شوف بطلات الاوليمبياد في السباحه هتلاقيهم في منتهي الرشاقه والاتوثه هي بتقوي العضلات في كل الجسم,none
هم اكيد كلهم بس انا مشفتش ف الاوليمبياد غير السباحه 😂😂 انا كيوت بالنسبالهم والله 😅😅,joy
الست المصريه مشرفانا في الاوليمبياد  انت الاوليمبياد,joy
مصر في ظل حكم العسكر ...... الموت برا وبحرا وجوا  مصر بتصرخ   مصر العسكر  مذبحه المنصه,anger
: ثمه امر لاتستطيع ان تجتازه بسهوله، ثمه شعور لايجديه التغاضي، ثمه عتاب طويل في صدرك كتمانه صعب وافصاحه اهانه. ثمه اشياء لاتب…,sadness
اللهم لطفك وحفظك لاهلنا لاحول ولاقوه لهم الا انت,sympathy
لما تعتبر حد عايش انه مات دي بتبقي اصعي من موته,sadness
خايفه اقرا البارت اللي بعده واغرق بالكئابه والحزن واصدق الوضع💔,fear
الاخ اللي رفض يسلم هيلبس عقوبات من اللجنه الاوليمبيه.. ماهو مش هينفع يفضولنا الاوليمبياد,none
الملولي عمل تغفيله من اكبر التغفيلات في تاريخ الاوليمبياد لما نط في السباحه المفتوحه مع الغلابه بتوعها وخد دهب,none
الناس بقت خايفه تدوس بنزين ، كله ماشي سلانسيه 😂,fear
افتتاج الاوليمبياد !,none
:  جيش الفتح   اجناد الشام   بشراكم تله الحويز محرره بالكامل و جاري تمشيط القريه من فلول قوات الاسد و مليشياته  الغضب لحلب,joy
اهتمامهم بكوبا امريكا تحس انه كان معدوم والناس كلها مستنيه الاوليمبياد ،، هيموتوا نفسهم عليها,none
ليسَ ذاك الشيء الذي تَبحَثُ عنه وقت فراغِكَ او بعد  منتصف الليل ، ان احببت بصِدق ، ستَجِدُ نفسكَ مَع مَن تُحِب طيلهَ الوقت,love
هو الالحاد بقي موضه هو كمان !!!!!!!,surprise
لا حول ولا قوه الا بالله ربنا يصبرهم,sympathy
هو احنا ليه ف مصر مش بندعم الناس اللي بتلعب ف الاوليمبياد !؟ الناس دي بتاخد حقها ومدعومه ولا متجاهله ف مصر زي مانتجاهل اي ناجح !؟,surprise
:  تهجير قسري لقبائل جيزان الاستماته  في فتح الحدود للعدو وازاحه الاهالي من الطريق يشير لصاحب العقل ان هناك مؤامره تحاك ؟,sadness
kamal اها قصدك الولد الشاذ 😂😂😂😂 يا مان انا خايف لمن الزول ده يعتزي ما نلقي ليهو بديل ياخ,fear
R  كفو علي خالتي ياجعل عمرها طويل والله لو انا صار قدمي هالموقف لا امس في كرمه اهله الارض لا اسفل فيه تسفل,anger
كسم الاوليمبياد الناظر بيبدا علي اون تي في,anger
ساهم ب 768 هدف في 592 للحين مب مصدق ان هذا رقم لاعب واحد,surprise
وبكدا هنلاقي كل واحد م بتوع الجيش والشرطه واخد مراته ورايح الاوليمبياد..قال ايه بيفسحها,none
منور  محمد عساف   سيوف العز,joy
گل مـا نـَويـت انـسا  الـحُزن 😔👆 تـجـينـي  غـصّـه تــمـسح الـبـَسمه 😞💔,sadness
ليس شرطا ان ننكر عليه بقله ادب ... فديننا علمنا ان لانعالج الخطا بخطا مثله او اقبح منه ... (وقولوا للناس حسنا)  تركي العواد يسيء للسعوديات,anger
لان اهل السنه يقولون المسجد النبوي الشريف .. اطلقوا علي النجف الاشرف   هههههههههههههه يلعن ابو عقليه المرجع يا شيخ,anger
بستغرب فعلا اللي ياخد منشطات في الاوليمبياد ما كله هيتقفش وهتخسر رياضيا وانسانيا .. ما كفايه رياضيا,surprise
هتفضل تكتب كلام وتمسحه ومتعرفش توصف وجعك ازاي فاتتخنق تقفل ،،تعيط وتنام  شارو,sadness
هيبقي مفاجئه الاوليمبياد 😂😂😂 هيجي يشرف جنب اخواته ف مصر 😂,none
انا خايفه اتحول ل اتشيزي جيرل و بحاول الم نفسي من حواليك,fear
عفواً اخي جوكوفيتش انسحب من كم بطوله من بعد الاوليمبياد,none
elarabi الرجال يكبرون فرحا بتقدمهم وانتصاراتهم في حلب يا مغفل تقول,anger
😂😂 لا ان شاء الله تروحي الاوليمبياد وتجيبي ميداليه دهبيه برضو ونكتبلك تويته زي دي 😂😂,none
انتم ياعبيد ال سعود مثل عبيد فرعون تكرهون كلمه الحق لو طلع موسي كفرتو به الله يحشركم معه,anger
: ادري وصالك حلم ما عاد موجُود وادري غيابك صار كل الحقيقه.  قروب الزير سالم للدعم,love
انا مسكين، الويكند عندي الجمعه بس و ربي قههر 😫,sadness
يسعد روحك يا جاكيت ~,joy
اذاكر ازاي بس وكلاسيكو الارض بين الشرقيه واسوان شغال!!,surprise
هو حاكمها بالسوط و الحديد الناس خايفه تتكلم يبقي حايقدروا ينزلوا؟؟,fear
طيب يا علي؛ اقعد غيظني كدا، لغايه ما تلاقيني جايبه ماما و الولدين في اول طياره، و جيت قعدت معاكم لغايه الاوليمبياد ما يخلص 😒,anger
انا معكم ....صراحه ...محد حاس  اضراب الاطباء العمانيين5,sympathy
شكرا ساره سمير 󾮞󾮞󾮞 اول ميداليه لمصر في الاوليمبياد  عاش,joy
AHM  يا اخي دمرتم العراق  والان تقلي شو قال صدام ..منذ متي تحبون صدام ..شوف شو قال القذافي عنكم في القمه,anger
فيّ عيوني خوف ما ودي تشوفه خوفيّ منّ الوقتِ ياخذك مني بعيد .,fear
كويس انهم وصلو الاوليمبياد اصلا بالظروف دي انت ف مصر دا رفع الاثقال بنات احتلته تقريبا الصين دول اسيا احتلو البطولات خلاص,surprise
alkhashlan: اللهم يا مغيث الملهوفين وكاشف كرب المكروبين فرج كرب اخواننا في و الموصل وعجل بنصرك وغوثك ورحمتك لاهل السنه في كل مكا…,sympathy
مُش معقول بتاتاً لما قررنا نسافر اخيراً بيجيبون لي ناس غثيثهمعي !!!.,surprise
byya   29 لا لا قلنا روان صارت تاج علي الرؤوس و عويدات قدامها قضايا لا تعد ولا تحصي بمجرد تضع قدمها علي ارض الامارات تسجن,anger
Rara M    ايه الي بس ؟,surprise
: معكم قلبا وقالبا 💜  ظلم طالبات كليه ضريه,sympathy
عمرو جمال في 40 دقيقه ملمسش الكوره 5 مرات تقريبا، نايم في حضن المدافعين ابن المره وعاجبه الوضع ????????????,anger
: من علامات التوفيق :      ان يجعلك الله  ملجا للناس   تُفرّج هما ، تُنفّس كربا ، تقضِي دينا ، تُعين ملهوفا ، تنصر مظلومًا ..…,joy
و دي روح الاوليمبياد,none
الحمدلله حمداً كثيرا 󾍛󾍛 عدينا لسنه تالته الحمدلله بتقدير  جيدجداً 󾌰󾌰 الحمدلله الحمدلله الحمدلله ☺☺ شكرا لصاحب...,joy
يا ربااااااه علي المناااافسه اشتعل الدوري !!!,surprise
مش بس الاوليمبياد الرياضه بشكل عام. حتي متشات الكوره كل لاعب في كل فريق بيسلم عالتاني.,none
من كثر ما احبه ودي اروح اخطبه من ابوه بس خايفه يرفض 😬😬,fear
انا خايفه عليكي,fear
اسطوره الاوليمبياد فيلبس كسب الميداليه رقم 27 بس المره دي فضه، كده عنده 22 دهب و 3 فضه و2 برونز  يلا ريو  Rio2016,joy
مثلك انا.... افتقدك كثيرا يا امي....💞,sadness
: اللهم انصر اخواننا اهل السنه والجماعه في  الموصل وفي وعليك بعدوك وعدوهم.. اللهم وانصر جنودنا المرابطين علي حدود هذه البل…,sympathy
: سننتصر سننتصر رغم الرصاص المنهمر رغم الجروح والالم سننتصر سننتصر سوريا تصنع الثوره ✌️  مبروك فك حصار حلب,joy
كل يوم  صباح جديد وقصه جديده عن  اعتقال او  اختفاء قسري. بلاد العرب اوطاني!!!!  مواطن مستباح  تغول السلطات  عسف  اعداء الداخل,sadness
البرشام سايق في الاوليمبياد,none
: ذي ايكونوميست: رغم القصف المكثف في  اليمن الا ان  السعوديه وحلفاءها فشلوا في كسر جمود قوات الجيش اليمني ولجانه الشعبيه,anger
لَمْلِمْ جْراحك عا الهَدَا انت مش... اول حدا قبل ما يوصَل.... فَل,sadness
الفارق هنا مُرعب جداً ويكلفك عمر,fear
الله معكم باذن الله  اضراب الاطباء العمانيين5,sympathy
غالباً لو عملوا منافسه للقطات غياب الروح الرياضيه في الاوليمبياد مصر هتاخد الميداليه الذهبيه!,none
هل هذه اخر مشاركه ل يوسين بولت في الاوليمبياد,none
الساعه 2 يوم السبت مصر دخلت حفل الاوليمبياد ب124 لاعب. الساعه 2 يوم الاحد ربع البعثه خرجوا من المنافسات بصفر معتاد 󾌴󾌴  Rio2016,none
: ﺍﻟﻠﻬﻢ ﺃنزل ﺩﻑﺀ ﺭﺣﻤﺘﻚ ﻋﻠﻰ ﻣﻦ لا‌ ﻣﺄﻭﻯ ﻟﻬﻢ ﻣﻦ ﺑﺮﺩ ﺍﻟﺸﺘﺎء اللهم ابسط رحمتك عليهم وارزقهم الامن والامان ٰ  تراجف…,sympathy
الاوليمبياد يا رب ميداليات,none
الاوليمبياد فيها حاجات حلوه ده احنا نتابعها بقي 😂,joy
alkhodhiry الله يوفقهم,sympathy
سبحان الله خلاث قربت عالبيطاش و في ناس بتتعذب يا عيني و تاخدلها ساعتين فالمواصلات و تتاخر علي مواعيدها,anger
ثمه لا ننتهي منه. الم يواصل مكوثه فينا مادام لدينا ذاكره تحتفظ بالتفاصيل وعاطفه تشعر بها. الم يبقي بنا رغم اختلاف اسبابه كل يوم..!,sadness
انا خايفه البرد يشد اكتر من كده مع انه كده ميعتبرش شتا و متاكده انه هيشد اكتر ميه مره من دلوقتي,fear
(((بعيدا عن اي تاثيرات))). شويه صعبه لان لان سليم الجبوري مراح يترك الراسه,anger
ياريت تطمني عليك يا ك ابو تريكه والهي ليك واحشه كبيره عندي وعملت الاكونت ع تويتر مخصوص علشانك اتمني ترد عليه اخوك ف الله,joy
:  خطير ايران تعدم 21 من دعاه اهل السنه والجماعه  اين انتم يا مُسلمون؟  الاحواز  بلوشستان  طهران  البحرين,anger
ارحمو المريض مفيش حد بيسمع ربنا يتولاهم بقي,sympathy
homidan لا عشان اسبك اسبك و اطي علي خشمك انت وياه يا عديمي المروؤه . انقلع يا نتن .,anger
7   دودو يا قمر كنتي منوره انهارده حبيبتي❤️,joy
N K83     بسبب حرب الخليج ضلت دول الخليج مديونه لامريكا وهي من وسوس لصدام بان الكويت جزء من العراق ماخلاها في نفسه  حرب الخليج,sadness
120 لاعب ولاعبه في بعثه مصر في الاوليمبياد 2برونزيه وتعيش انت ياحج طب والباقي انت تعيش ياحج,none
حماده طلعت كمان طلع مربي شنبه ورايح بيه الاوليمبياد,none
: : ليس ذاك الشيء الذي تبحث عنه وقت فراغك ان احببت بصدق ستجد نفسك مع من تحب طيله العمر,love
alk مرعب,fear
اول ما سافرت من مصر حصلي دروب صعب جدا والفلوس اللي معايا كلها اتسرقت ومكانش فيه مكان انام فيه والحياه قفلت في وشي...,sadness
اللي عايز يعرف مواعيد مسابقات الاوليمبياد يجوجل Rio 2016 هتظهرله الاوليمبياد featured event.. يدوس schedule هيلاقي مواعيد المسابقات يوم بيوم,none
اعشق لمعه عينيك واعشق ابتسامتك واريدك بجانبي طوال العمر   MBC4,love
: هل اخبرتك قدس انني اعانقه كل ليله باحلامي ارتشف الهواء من بين اضلعه كطفله مشاغبه,love
: بارك الله بالنشامه و تقبل الله سجدتك من المكان الذي تتطهر بدماء مجاهدينا.. نصركم الله و يا ليتنا كنا معكم فنفوز فوزا عظيما…,sympathy
هو في حد داعي عليا !,surprise
الله ينصرهم علي الطاغيه,sympathy
ده التصويت بتاع المسابقات اللي هتدخل الاوليمبياد الجديده مش دي :D,none
اتحاد الكره مستخسر يجيب طقم ترنجات ولبس نضيف للعيال الغلابه اللي مشاركه في الاوليمبياد مش كفايه مفيش support لهم يا اتحاد فاشل,sadness
صباح الجمال رضوي,joy
بطلنا لي بينج وملاكمنا هاكان ، والمفروض انهم لما ياخدوا ميداليات في الاوليمبياد نفرح باعتبارهم عرب وكده ؟ 🤔,sadness
يالله يارب الضعوف ترحم عزيزا دمعته فوق خده  ساعدو طفلتي تالا4,sympathy
Elhassany قولي له الباشا مولعها ف الغردقه و سايبنا نبيع فجل و جرجير هنا ????????????????,anger
: فُتنَ قلبي فتنهً تاوي بي لعمق الحُبّ يا نبض ذاك القلب الذي اصبحَ في قبضتك..  عتم  بوح  احبك  تصويري,love
شاي و بسكويت للمره الرابعه علي التوازي ..^ ^,joy
احبك جدا ، احبك حد الاختناق ومنك لا اكتفاء ❤❤❤  صباح الخير  اشتياق,love
نور الشريف زويل محمود عبد العزيز ....... وغيرهم كتير تاريخكم هيفضل يحكي عنكم,sympathy
اسمعني اتنا اللي بضيعني  للماضي بترجعني وعايز تحبسني فيه  احلامي انتا اللي قضيت عليها لما اتحكمت فيها طب ليا ايه احنا الجيل الشايب وهو شباب,anger
نادم علی قسوتي وبعدك محزنني 💔💔,sadness
محتاج حد يفسرلي يعني ايه بطل عالم بطل الاوليمبياد ال فاتت صاحب كل الارقام في المسابقه بتاعته المصنف الاول يلعب انهارده ويطلع خامس؟ ازاي,surprise
لما بشوف البشر اللي ف الاوليمبياد دول بفتكر اني بقعد طول اليوم احاول افوق ومنمش تاني اول ما اصحي,none
هزيمه اسلام الشهابي من اللاعب الاسرائيليي في منافسه  الجودو ب  الاوليمبياد اليوم,none
انتي حلوه مهما كنتي حتي من غير  غمازات 😍 فيكي وفيكي ميزه تغني عن  كل البنات❤,love
لازم البنات تتفرج ع الاوليمبياد 😂✋,joy
الله يعزكم دايما واقفين وقفه ابطال مع اخوانكم العرب 00 صدق من قال ان مصر هي ام العرب الله يحفظ الجميع من فتن الزمان,love
اسال العظيم ان يشفيك و يعافيك ويردك الي اهلك بصحه و عافيه وينصر الله المرابطين ويثبتهم ويحفظهم و يوفقهم لما يحب ويرضي,sympathy
مبروك ساره سمير تحرز لمصر اول ميداليه برونزيه في الاوليمبياد في رفع الاثقال 💪  Rio2016  EGY,joy
اسلام الشهابي بيلعب ضد اللاعب الاسرائيلي يا رب  جودو  الاوليمبياد,none
تركي العواد يسيء للسعوديات متخلف مثل غيره يبي يلفت الانتباه وهو اقصاه كاتب محد درا عن كتاباته .,anger
مهو ده اللي بتكلم فيه بالضبط الاوليمبياد اللي فات اظن ايه مدني اتكلمت ان مصر موفرتش سلاح الليزر بتاع الرمايه تتدرب عليه,sadness
صوره الاوليمبياد علي النيل للرياضه تحسسك انك بتتفرج علي اوليمبياد 94.,none
الله يعطيكم البلا ، مالكم و مال الاوليمبياد ؟؟ اشقوا بالحرب الاهليه اللي عندكم في ليبيا.,anger
كلنا ضد ممدوح اخس من اشتهر بالسوشيال ميديا عندنا  غرور و عنجهيه و ثقل طينه موهم نفسه انه جلاد  كان الله بعون من يعيشون معه,anger
الله يسقطك واللي شرواتك عمان في عزه بشعبها وقائدها ورجالها المخلصين،،عمان تاريخ راسخ مش وطن طالع اليوم,joy
عرص اتفوووووووووووووو  عبدالرحيم علي,anger
جهد جبار وكبير من اتحاد اذاعات الدول العربيه في نقل الاوليمبياد،،طبعا اكيد لايقارن بشبكه عملاقه مثل bein لكن لكل مجتهد نصيب ..  Rio2016,none
انا حبيبي بسمته تخجل الضيّ يكسف سنا بدر الدُجي من جبينه  راعي العيون الناعسه رمشها فيّ لا سلهمت ذاب الهوي من حنينه.,love
كلنا برج العرب تقريبا تم ترحيل معظم المعتقلين السياسيين كان الله في عونهم وعون ذويهم,sympathy
مش معقوووول كل دااا ؟!!!😩,surprise
مجرد التفكير في كل اللي بتحبهم وخايف حد منهم ميكملش معاك ليوم تاني شعور سيئ جدا,fear
: اتغارين عليّ يا عائشه ؟   ومالي لا يغار مثلي علي مثلك يا رسول الله ! هذا وما دونه هباء,love
انا طلعت وحيد ولا ايه,surprise
: متضامن مع نائب الشعب المحترم هيثم الحريري Haitham Elhariri,sympathy
انا بحب الناس اللي بتدعيلي اوي ♥,joy
1500 دولار مكافات فوريه للبطله المصريه  ساره سمير الفائزه ببرونزيه الاوليمبياد  السيسي هياخدهم منها عشان في ازمه دولارات  السيسي عار ودمار,sadness
Maryoum مريم عويدات بردي علي قلبك تغردين عشان  تسببين فتنه حنا ومايهمنا الا نربيك  وبس,anger
rak: ولقيتُه يوماً فلم اشعرْ بما حولي! ولا بتصرُّم الساعاتِ! ان تنسي الزمان بقربه ان تصبح الساعاتُ كاللحظاتِ!,love
خايف انا خايف لو امشي لك سنيين ويجف قلبي من الظما وانزف حنيين مانلتقي,fear
الواحد يفتكر كرم جابر وبعدين يشوف المصارعين المصريين اللي بيلعبوا في الاوليمبياد دلوقت ويتنكد,sadness
: كنت خايف لا افقدك حتّي فقدتك،ومن فقدتك مابقي شي اخافه!,fear
Sy:     يا الله!!!! حفظكم الرحمن حقاً قلوووووبنا معكم و ليس باليد حيله : ( استودعناكم الله الذي ﻻ تضيع ودائعه..,sympathy
مفيش قناه مفتوحه هتذيع حفل افتتاح الاوليمبياد؟,none
A Sanad انا خايفه من رد فعلها والله,fear
انتي كمان والله يابسبوسه,joy
: نجوع نجوع المهم نكون????  السيسي جابها الارض,anger
الاڤوره.. هو مش لسه 4 ماتشات؟؟,surprise
Brk24: ممرضات يبكين اثناء اخراج الرُّضع والخُدّج من الحاضنات بسبب القصف المستمر علي المراكز الصحيه في  حلب.  حلب تحترق  فيديو  ملا…,sympathy
احياناً يُبعد الله عَنك مَن تُحب ليُريك مَن يُحبك  ) فمَن تَحبه سَيرحل مَتي ما اراد ! ولكن مَن يُحبك سَيبقي حَتي تَرحل انت  )  تفكر .…,love
eloziry: 6  دكتوره هناء  اكتر الشخصيات الاكتيف عندي  اهلاويه صميمه  روحها جميله ربنا يوفقك وتحققي احلامك????????,joy
اليمين في اسرائيل سيجن من قصيده .. لبيرمان الداعشي وزير الدفاع جن جنونه لاذاعه قصيده الشاعر الفلسطيني العظيم...,surprise
: * انت حاجه لو تجيني بس مره .. اكتفي في جيتك عن ، كل حاجه ! ..™,love
imran   انا مش فاهمه 😂😂,surprise
28 ميداليه و 23 دهب ، الاعظم في تاريخ الاوليمبياد و اعظم رياضي في التاريخ خارج التنس,none
ده بيهينوه دلوقتي وبيخلوه يذيع العاب غريبه في الاوليمبياد وكان مراسل قبل ما يرجع يعلق,none
ازاي الواحد يقدر مايحبش الاوليمبياد او مايحبش الرياضه بشكل عام !,surprise
يارب يعدي كل شي علي خير ومايسير الي خايفه منه ..,fear
صباح اللحظات السعيده بصُحبه من نُحِبْ .. صباحي انتُمْ .. صباحكم  حُبْ🎻❤️..,love
HMD  هو من دمر نفسه قبل الاصابات تدمره ترك طريق الشهره واتجه للاموال لمن انتقل من اتلتيكو الي موناكو ورفض عروض من ضمنها عرض للمان,sympathy
بابا لسه داخل البيت دلوقتي فـ شاف التلفزيون علي الاوليمبياد فـ بدون سبب والله ما اعرف اشمعني قالي هي اسرائيل مشاركه؟   اه.. كشر وسكت :)),sadness
الازهر يحسم الجدل: المصري اللي رفع علم السعوديه في افتتاح الاوليمبياد شرموط,anger
اللي رفع علم السعوديه مع بعثه مصر في الاوليمبياد ده من تيران وصنافير,none
ارحموا من في الارض يرحمكم من في السماء  الرحمه,sympathy
:   bukairy السومه احد افضل المحترفين الي مرو علي الكره السعوديه ، لاعب مخلص لناديه اكثر من بعض اللعيبه المحليين,joy
الاوليمبياد بالنسبه ليا في الفرجه بنات بدور علي منافسات البنات اتفرج عليها واسيب منفسات الرجاله باستثناء الكوره 󾌴,none
تجليات الحب انت لا تستطيع ان تملك ، فقط تستطيع السماح له بان يتجلي في عالمك.,love
ان الشيء المؤلم جداً، هو الشوق لشخص قد رحل عن هذه الحياه.  سلمان البحيري  الشوق  الفقد  الرحيل,sadness
في كنف الاله كل شيء جميل و  البغض.  نون,love
ابو غازي امسك اعصابك لا تهور ????,fear
وجهه النظر الثانيه ان الاوليمبياد معموله عشان الحاجات اللي شبه دي اننا ننسي تعصبنا و خلافتنا و فروقاتنا و نتجمع في حاجه واحده تحت رايتها,none
الاوليمبياد دي حاجه ممتعه جدا علي فكره بس من غير كوره لان الكوره فيها وحشه,joy
مني لاتقول الحطـب طـاح عاتب علي كيفك وريـح ضميـرك  اخطيت في حقك وعيييت لاارتـاح ياليتني مخطي مع انسـان غيـرك,sadness
rm: اتسائلُ دائماً : كيف تُضاء ليلتي التي يهجرها صوتك..!  غـرام,love
هناك اشخاص يسحرون القلب من اللحظه الاولي ويجددون فيه الحياه.  جبران,love
مرعوبه جدا من دخول فصل الشتاء   يارب سلم   😔,fear
مرعوبه اقسم بالله منا مش فاهمه ايه اللي يتذاكر فيها اصلا ربنا يستر بجد 😭,fear
i9: يُوم لفانِي الضّيق سمونِي القطُوع وانا خايف يفِيض دمعي لاحكِيت.,fear
الحب :ياتي مره واحده في العمر او قد لا ياتي ابدا فهو ما وقر في القلب وصدقه العقل ،،، .,love
تدافع قدام الارجنتين طبيعي بس تدافع قدام كريستال بالاس !!,surprise
انت قمرهم كلهم بصوت  اصاله  لايفهم الكلام  الاول,love
يالله تضامن مع كلامك وعشان محد يسوي حشيير لك خل اسمك بالعربيه عشان نطبق كلامك صح وانا معك ً وغالباً💪,sympathy
شلونكم مع النت ‼️  تعيس 😒,sadness
فجر السبت فيه 206 بلد مشيوا في طابور العرض بتاع الاوليمبياد مصر كان دخولها في الطابور باهت اكتر من بلد صغيره اسمها تونجا,sadness
: مع تشتيت المرتزقه المفكات لبوصله العداء تبقي الجزيره القناه الوحيده التي شرفها نتنياهو  حظر جميع حسابات قناه الجزيره,anger
الاوليمبياد الجايه ان شاء الله لازم يدخلوا فيها بطوله لحق الموبايل قبل ما يقع منك ، من البطولات اللي عمري ما هكسبها ... خالص 󾔥,none
كبرت و علمت ان قسوه امي كانت حُب وغضبها حُب وعقابها حُب وحب امي هو الحب.,love
طب تشيلي تكسب ياعني ، النتايج تخدمهم بالشكل ده !!,surprise
اتفرج ع نهائيات سباحه رفع اثقال سلاح شيش الاوليمبياد ممتعه جدا حقيقه .. ✋,joy
والله قلبي يوجعني خايفه 💔,fear
مصر مكتسحه الجميع في الاوليمبياد 😂😂😂😂 كله بيخرج و يروح,none
انسانيتك بقت جريمه,sadness
احبك حُب السنيِن حُب اهلنا الاوليِن حُب يطول بهالسنيِن وينهيِه عُمري الاخير💜🎵,love
غايتو لو شفقان علينا ما اظنك يوم تسافر,sadness
: ،،  رحل العالم الكبير  احمد زويل الذي قال: الغرب ليسوا عباقره ونحن لسنا اغبياء ھم فقط يدعمون الفاشل حتي ينجح ونحن نحارب النا…,sympathy
احببتُها والله حتّي انني احببتُ من حبي لها .. مُغتابها احببته   وهو الكريهُ  لانه نقّي صحيفتها وزاد ثوابَها  .💘  غزل  فصحي,love
خايفه عليج 😔,fear
ايه دا في ايه ! سلامتك !!,surprise
كان الله في عونهم لاجئين مهجرين يبحثون عن حيله للحياه بكرامه,sympathy
كثير بحس انو  نوال الزغبي مكتفيه بنجاحاتها اللي حققتن باواخر التسعينات حققت نجاح ساحق ماحققتو ايّ فنانه من بعدا لانو كانت وحدا خف وهجا هلق,love
K J 5: نطرح السؤال ذاته علي  ناصر العمر لعله يجاوب او يتحرك ويخرج عن صمته ولا يفرق في الفتوي ! هل  اردوغان في معسكر الكفر؟????,anger
ahmed67 لو علي كده العن البرادعي و العن عصام حجي و الباز اصل هما مفدوش مصر برضه غير ان احنا بنتفشخر بيهم,anger
كل شيء جميل في الشتاء الا ارتجاف الفقراء 😢😢 اللهم ابسط دفئ رحمتك علي الفقراء و ومن لا ماوي له,sympathy
كل ما ا scroll time line الاقي حد ف الاوليمبياد خرج.. مفيش اي فرحه تيجي بالغلط حتي,sadness
هناك من يريد توليع الاوضاع في قطاع غزه بتمرير الاخبار الكاذبه جماعه الرئيس محمود عباس…,anger
خايفه من يوم التخرج اتمني ان هالسنه تكون اطول سنه في حياتي 💔,fear
انا مو محتاج من قلبك حنان  انا قبل احتاجك ،، احتاج احتياجك !,sadness
منتخب مصر لكره اليد فضحنا ف الاوليمبياد والله كنت فاكرهم بيتريقوا ع الفيس😭😭 طلع بجد 😂😂  OpeningCeremony  Rio2016 الترنجات ياما😭😂😂,sadness
ليكن كلامك مع من حولك عنوانه دائماً الايجابيه والتفاؤل ..  واساسه محبه الخير للغير .. صبــــاح الـــ خير,joy
mansour98 بزمتك ده كلام !,surprise
شكلها هتكون اسوء مشاركه لمصر في الاوليمبياد,sadness
لا الاوليمبياد مش مشفره .. بتتذاع عادي انا امم افريقيا هتبقي ع الماكس و باشتراك لوحدها,none
اعيب واقول دا زمانه نسيني.,sadness
nela90 والله كنت مرعوبه,fear
يعني يا اما اكون فان لشاتاي يا اما ما احضر اصلا؟؟!!! انا مثلا كتير متعاطفه مع مرت و حابه دور اراس عنجد,sympathy
عمري مصدقت اي حد بيقول تصريح بيبدا ببجوز او ﻻ يجوز .. عشان رايك مش بالقيمه اللي انت متخيلها ديه عندي,anger
السيسي مايروحش يشخط في الشباب اللي في الاوليمبياد دول يمكن يجيبولنا ميداليه ولا حاجه ... ولا هو مابيتشطرش الا عالدولارات بس !!,none
ضيم  غبنه  خيانه  جلطه  صدمه,sadness
hamdy  اتمنا.لك.امسيه.سعيده. كلها.فرح.وسرور..,joy
لو رفعها نقفل الاوليمبياد,none
: جداً ان تجد نفسك مرغماً علي تجاهل اشخاص كانوا في يوم مضي اجمل اهتماماتك,sadness
بسمع التراك دا بقالي ساعه اهو ولسه في نصه مش عارف مستمتع جدا الحقيقه,surprise
انا نفسي الاقي حد قطري بجد في الاوليمبياد ده 😂,none
طاب انا عندي مشكله تاني ان bein sport 9 اللي فيها متشات السد بتاعه الاوليمبياد مش شغاله,none
طيب الشريف و الشيخ و الناس الي متابعه الاوليمبياد علي التايملاين دي فاضيه و اشطه مقولناش حاجه لكن سمير الي عنده باطنه بعد بكره ده ايه ! 😅😂,none
خايفه😭.,fear
طبعا الاخوه السعوديين فوق دماغي وربنا يعلم مدي حبي للسعوديه ولكن ان واحد يرفع علم بلد غير بلده في افتتاح الاوليمبياد ده اكيد محتاج تفسير!!,surprise
سؤال يطرح نفسه 😈 مصر راحت الاوليمبياد تعمل ايه ؟؟,surprise
بس هو فهيد الديحاني بيلعب في فريق الاوليمبي مش فريق الكويت ليه؟ هما مقاطعين الاوليمبياد ؟ Rio2016,none
كلنا معاك ياسيسيكلنا معك قلبً و ً والله المستعان,sympathy
اخلاق الفرسان ، الله ينصرهم ويجزاهم كل خير,sympathy
واللهي انتوا مكنش ليكوا حوار الاوليمبياد علي كميه الخره اللي طالعه من كلام الناس,anger
خايفه انه م يطلع صحيح,fear
nahed واوووو في كده جمال,surprise
الاوليمبياد هتتجاب مصر و هتتلعب بدون جمهور,none
اي والله كان الله في عونهم ونصرهم يارب علي اعداهم وامريكا تتوعد باعاده احتلال العراق مُره ثانيه من اجل النفط حبسي الله عليهم,sympathy
لا موجود يا شقيقتي,joy
خايف من السر.. ولا خايف تقول الحقيقه؟ وفكرك اللعبه اللي ربيت معك كل العمر.. مع العمر تبقي بريئه!,fear
معلق دوره السباحه ف الاوليمبياد ده النسخه التانيه لابو حفيظه والله في الصوت والاسلوب 😂😂,none
شجعوا مصر في الاوليمبياد هذه مجرد نبذه عن اهم الالعاب . التفاصيل قادمه . يمكنكم المشاركه في الهاشتاج لتدعموا ابطالنا بتغريداتكم,none
بعد ماكنا بنكسب ميداليات دهب في الاوليمبياد   بقي اكتر الامل دلوقت سلسله مفاتيح,sadness
:   Faisal ولا مسلسل ولا شي، وحده تعينت بهيئه الرياضه وجا خبل كتب مقال زي وجهه يتهم الحريم السمينات بالتخلف وانجاب مد…,anger
احسني خايفه من القدرات اليوم 😭,fear
iil لا راح تخليني اجاوز عليك يا وجه البعير خره عليك وعلي سلمان وعلي ابوك وابو سلمان يا عاهره,anger
ممكن يبقي لسه السفر ماجاش الاوليمبياد طويله,none
البعض يعيش حالات حب ويفشل ويُغلق ابواب قلبـہ ويعود لحاله اليُتم فلا تكن منهم ،، فالحياه تختبرنا لتعلمنا لا لتحبطنا ابدا من جديد 💚 و  حِب,love
انا خايف من الفتره الجايه عشان عارف اني هتصدم صدمه وحشه جدا بس انا الي حطيت نفسي في الموضع دا عشان مسمعتش كلام الناس 😒😒,fear
بلد ظريفه جميله حتي الاوليمبياد 0 ميداليات بنسبه 99.9% طب احنا فالحين في ايه,none
الكفارفازوا في السباحه والرمايه وركوب الخيل في الاوليمبياد منتخب قطر لليديتحدث بعض من اللغه العربيه رئيس بعثه مصر اسمه حطب ومستنيين ميدليات,none
اخواني الاطباء انتم من اثمن ثروات الوطن  انتم اثمن من النفط  ثقوا بان الكل معكم قلبا وقالبا  اضراب الاطباء العمانيين5,sympathy
M L   بجد العضمه كبرت ولا ايه 😂😂,surprise
افتتحاح الاوليمبياد اليوم الساعه واحد في الليل  Rio2016,none
صار اللي كنت خايفه منه دايما لما اشوف هالنوع من العروض اقول طيب لو بلعته 😂,fear
بيقولها: مستعد اتقدم لك بكره بس هجيب شبكه فضه. قالتله: ليه شايفني واخده مركز تاني ف الاوليمبياد. تباا لخفه دم امها 😑😑🔫😂,none
شيء لا يتصوره عقل، والاستيعاب لهل الحقيقه بيسرقك لطريق جنونك,surprise
MinaAtta  ولعها واخربها يامينو ف اخر يوم ولما ترجع هاتولع اكتر   عن عشقي للصوره دي,joy
اعان الله شخصاً فقد الكثير ولا زال يبتسم 🍂,sympathy
: مصير النساء هنّا مخيف ..!,fear
masry11     هذا يا شموخ هو نفسه محمد العزاني  هو غلط علئ الهنوف شتمها بقوه والله  هو نذل,anger
ام البنت اللي ماتت في الشروق حاجه تموت تموت. ربنا يصبرهم يا رب  الشروق,sympathy
كذا حد فالدفعه عندي ع الفيسبوك بيذاكرو اورجانيك و انا ابتديت اقلق 😓 ولا بحضر و لا بسال و خايفه بجد يكون في كويز و انا معرفش فمحضروش😂😂😂,fear
مفيش مصريين هايخسروا حاجه ف الاوليمبياد النهارده !,surprise
يرمون اللوم عليك ،، يبعثون في قلبك .. وبعد ذلك ينسونك ،، وتضل انت تحزن لاجلهم رغم انهم  مزيفون ..🎧🔕💔,sadness
انا مبتفرجش علي الاوليمبياد..بس اي حد عنده القدره انه ينجح او حتي ينافس علي النجاح في الظروف الضايعه دي يستاهل كل تحيه,none
العلاج ابسط حقوقهم  الرحمه  انقذوا اطفال السرطان,sympathy
عايز معافره .. ومفيش ف الحب كلمه مقدرش 👌✋,love
وحيده لا مرسي لي علي شاطئ العشاق,sadness
: و في الوقت اللي انا خايفه تمشي ... مشيت,fear
9x  جيش الامريكان من دربه وسلحه ومتحالفين بعضهم من بعض  تحياتي,anger
لا ياشيخ ؟  سمعت علي مين تلعبها ؟  حاول تنصب علي غيري مبطنه هاااااه????????,anger
ريم منصور اللي ضربت السهم بره اللوحه ومجاش في الجمهور طلعت بنت اللواء منصور سعيد وكان مطلعها الاوليمبياد تفك عن نفسها !  مصر رقم واحد في,surprise
والدها ووالدتها اتكلموا امبارح وقالوا اللي حصل بالتفصيل ربنا يصبرهم ويحفظ ابنهم ويعوضهم خير,sympathy
عندي mixed feelings تجاه فوز ساره سمير بميداليه الاوليمبياد، اللي هو فرحانه ليها هي شخصياً كبنت قدرت تتحدي وتوصل. لكن خساره ف البلد مبتشجعش.,none
لا تكن بلا حُب.. كي لا تشعر بانك ميت. مُت في الحب و ابق حياً للابد !  المباحث وفولورز بيغنوا للكينج,love
MUFC 7: اييي الحين عطونا مؤتمر مورينيو خل نستمتع   مو الخبل اللي يقول للصحفي اول قول اسف عشان اجاوبك,anger
مِزَق الجغرافيا العربيه والاستعمار الجديد ..؟ ===========    يخطيء من يعتقد ان الشرق الاوسط الذي نعرفه بحدوده...,sadness
علي اخويا  مشكله  يابني ارحمني,anger
الاوليمبياد شغاله والمصريين شغالين يجيبوا ذهبيات في بطولات خارجيه ده فكر خارج الصندوق  EGY,none
الكويت موقوفه من اللعب في الاوليمبياد،علشان كدا لاعلم الكويت هيترفع ولا سلامها الوطني هيتعزف  فهد الديحاني,none
افتراء كاذب وباطل ...الكويت مستقله ومن تاسست ،بلاش كذب,anger
الميداليات الدهب اللي خدها  فيليبس لواحده اكتر م اللي خدوها واللي هيخدوها بعثات 22دوله عربيه  الاوليمبياد  ريو2016,none
بس واضح انك جايبه الاوليمبياد من اولها .. هتمشي مع توقيتات البرازيل كدا لحد ما تخلص؟؟,surprise
كل خيرررر,joy
fofo  الحمد لله عمري ماذكرت شي كاذب وعشت مع عشقي الاتحاد الحلوه والمره ولست بمطبل لاحد ولكن احترم واقبل راس من قدم لو قليل لعشقي,love
شاهد تكفيري يكفر الشيخ سعيد بن مسفر,anger
محمود المليجي ده عظيم والله، تحس ان فعلاً كان فيه اتقان في العمل، الفيلم فيلم، والممثل ممثل، والحوار حوار.,love
لا تكسر قلبًا يراك اجمل قدر بحياته !  سكع  الم  خيبه,sadness
مش هيبقي لينا قيمه في الاوليمبياد دي طول ما هي مفيهاش اسكواش ، و يا رب يدخلوه قبل ما ابطالنا يشدوا كُله,sadness
sayed:  ساكتين ليه الاشكال دي رفضت القرض ايام دكتور مرسي .وقالوا اشعار ..دلوقتي القرض بقي بالقشطه ..نموت نموت ويحيا القرض !,anger
بتنساني ؟ انا اتحداك تنساني ، انا نبضك : حط يدك ع قلبك وبتلقاني 🙈 تالي الليل😂  رامسين بعدنا😁,love
يتحدثون عن المستقبل، فاري الدموع الحبيسه في اعين الاطفال ودماء متناثره للشباب. ...خيانه وذهب اسود لاجله باعوا البلاد,sadness
الحب الذي يشغلك عن نفسك وتتوه علي اعتاب دقاته.. بلا خطي لدرب تجدك .. امن به,love
انت حبيبي يا صالح بس الفيفوريت بتاعتك قليلين XD,joy
الاوليمبياد دي جايه في وقتها هتضيع شويه وقت حلوين 😂,joy
سعوديات نطالب باسقاط الولايه9 يريدون الوصول الئ المراءه ي هوه يتركوا حريم العالم ويلتفتوا للمراءه السعوديه الدره المصونه ????,anger
: يَا ساكِنينَ بِقَلْبِي  مَتَي اَفُوزُ بِقُرْبِ سَلَبَتُمُونِي وَلَكِنْ  اَنَا السَّعِيدُ بِسَلْبِي,love
ان تبتعد عن حب الذات، وتقع في حب الاخر,love
:  نافذه علي مصر | محمد جميل : الغرب لما يحرك ساكناً عندما شاهد الديمقراطيه تقتل بالرصاص,sadness
ولي العهد يمنع الاختلاط بلا توجعون راسكم ب بعبع الاختلاط. ابنو السعوديه الطابق الثاني وسكنوا فيه الحريم. ماظنتي بتتشافون الا كذا,anger
يوم تاريخي لمصر في الاوليمبياد ... 2 ميداليه في رياضه واحده و مهمشه كمان ... مبروك لمصر و ياريت يبقي في اهتمام باللعبه اكتر من كدا,joy
اجلس وحيده امام التلفاز بعد نوم الاولاد😃اتابع الاوليمبياد واتناول شطيره من الجبن الرومي😄وجدت نفسي افكر بعمق في شئ هام😐انام او لا انام😆,none
احا دبي قطعوا علي الاوليمبياد عشان يجيبيوا مؤتمر اعلان السوبر الاماراتي في مصر !!,surprise
ميري قريصمص احبيب قلبي! &lt;3 &lt;3 &lt;3  روح افطر يلّا! : P,joy
هذا كلام وفكر صاحب جريده الراي الذي اساء لـ  احمد السعدون واساء للكويت والسعوديه  محشوم يا عم احمد السعدون,anger
الا يرون الذين  قلبوا كبودنا  اثر فعلتهم هذه فينا؟,surprise
هربي ابني انه يكون بطل في الاوليمبياد ويرفع راس بلده المانيا.,none
Rm411: انا اول من كتم غبنه عشان انسان وانا اول من شكي فرحه علي غمّه !,sadness
مرعب,fear
التنميه البشريه ف مصر هي ان واحد مش لاقي شغل يلم من 20 شخص مش لاقيين شغل گل واحد الفين جنيہ عشان يعلمهم ازاي يلاقو شغل???? وربنا يديم الاونطه????????,joy
saudi 40  ارحمنا يا مستشار وزاره الدفاع لو كان فيه تحذير كان عن طريق القنواه الرسميه  اما فقالك ذا ما ينفع ي مندس,anger
قد تحمل في اعماقك حزن السنين لكن عندما ستجد حبيبك يعاني ولو قليلا ستقلع عن كل احزانك لترسم بسمه لم تستطع يوما لترسمها علي وجهك,love
و انا واقف في الطابور باخد قرض ال 12 مليار من صندوق النقد لقيت حاجه غريبه اوي ... لقيت تركيا بتديهم 5 مليار ... !!,surprise
ومين في مصر مابيحبش يرجع البيت يلاقي الغدا مكرونه وفراخ بانيه ؟؟,surprise
zh:  كلنا ضد مريم بيفور82 ولا يفلح الساحر حيث اتي ادعسوها هالمشعوذه ????,anger
: حنا معك ياهلال لوصارماصار  جمهورك الوافي دايم مصافيك  نبي تفرحنا بفوز في اول المشوار والله معك وحنا بعد مانخليك    معك ياهلال…,joy
وبان حزنه كله و ضعفه لما فاق,sadness
lolo123   sabah   صباح الفل,joy
تصويت مينااااا !!!! الله يسامحهم دلوقت عرفوا مينا بس هقول ربنا كبير اخدوا حلمه وحلمنا بالفاينل  StaracArabia  مينا عطا,sadness
ماهو ولا قضيه تعدي من الغاء او تاجيل الحكايه فيها ان,surprise
عندما تحب شخصاً من قلبك لا تتغير مشاعرك تجاهه حتي لو كثرت اخطاؤه !! لان العقل هو الذي يغضب اما القلب فيبقي مليئاً بالحب ❤,love
aneen000: يبه انا حنيت لكثر اشياء .. واولهم انت يبه اشتقت لك يبه وينك يبه ااخ لو انت مسافر وترجععَ لي ااخ,love
الله يحفظ اهل سوريا والابرياء بكل مكان لكن ان قتلو ارجوا ان يلازموا الطغاه الذين تسببوا بقتلهم ويحولوا حياتهم لرعب وجحيم لعل هذا يردعهم,sympathy
رفع علم دوله اخري في الاوليمبياد من احد لاعبي الرمايه العسكريين يدل علي قوه كيان الدوله اللي احنا فيها 󾌵,none
الله يجبر كسر قلوبكم في غاليتكم،ويغفر لها بغفرانه مقصرون معكم اخي الغالي ، وعزائنا ان القلوب تحزن لحزنكم فعظم الله اجرنا واجركم.,sympathy
ارواحنا معكم يا اهل السنه في الشام في ساعه الاستجابه يارب يعجل بنصركم ويثبتكم ويخذل بشار وجنده من رافضه…,sympathy
هاكذا كافر بشار  اتكفرون الناس علي مزاجكم,surprise
:     انا خايف اغني يا راجل مش كده 😂😂😂😂😂,fear
ربنا يصبرهم وينصرهم ويرجعهم اماكنهم  الحريه لسيد وطبله,sympathy
: حرگت الروح لمن فارگتهم بچيت ومن دموعي غرگتهم  حچي عراقي  حزن  شجن,sadness
مافيش وسيله اعرف منها جداول العاب الفرق و الاعبين المصريين في الاوليمبياد ؟؟,none
:  الحسم العسكري لابد منه ولابد ما تحترق  صنعاء مثل ما احترقت  عدن و  الضالع و  تعز ودمرت جميعها من قبل الحوثي وعفاش اتباع ال…,anger
فيه دول كتير بتفوز بميداليه في الاوليمبياد صدفه بسبب موهبه لاعب او لاعبه وصبر ومجهود . الصين لا . تحس انها منظومه من الصغر,none
نضال السبع  ما يجري في  حلب يثبت ان الاميركي يحاول توريط الروسي اكثر بينما يسعي الاسرائيلي لاطــاله امـد الحـرب...,anger
صباح الخير للشعب الامريكاني العظيم .. حنا معكم قلباً وقالباً ..,sympathy
يعني انا بقترح ع الاكاونتات المهتمه بنتايج المصريين في الاوليمبياد انها كل يوم تكتب خساره كل المصريين اللي شاركو النهارده وتريح نفسها..!!,sadness
وايه يعني تروح متجيش؟ وايه يعني هواها مفيش .,sadness
بناء دو العباده حق،لكن مش شرط نقعد نعزل كل طائفه من الشعب ونقسمهم امم. وحتي البطاقه لازم نشيل منها خانه الديانه زي الاردن ما عملت,surprise
اضراب الاطباء العمانيين5 اتضامن معكم باعاده بعض تغريداتكم ..,sympathy
الظاهر اني ابتديت وعلي حبك غديت  شعر  الرياض,love
ايه دا يا حازومبول!! 😍😍😆😆,surprise
ممكن يكون ابوه اتوسطله عشان يوصل بطوله بره اثيوبيا بس مايقدرش يدخله الاوليمبياد طبعا,none
حااااضر دا انتي تامري ^ *,joy
:  شكرا مارتن يوول *طاهر ينوي اقاله مارتن يول* *طاهر يتراجع عن الاصابه و يول يقود مران الثلاثاء*????????????,anger
كفره ؟  حتي العدد استخسروه فينا يقولك كام وثلاثين واحد,anger
: وفاقد الشئ يعطيه ببذخ لانه ادري الناس‼️ بمراره حرمانه💔 ✋,sympathy
كَيّف ؟؟؟ ُ  لَكَ انٌ تُخٌـوُنٌ  قَلَبّـ خٌـذٌلَ  الَجَـمِـيّعَ ـ ،  وُاحًـبّـكَ بّـصِـدُقَ ..!,surprise
متعاطفه مع الاقليات بياكلونها علقه المساكين,sympathy
لسه خايفه 😭,fear
عـمي ممكن لما اجي اتجوز بنتك اجبلها فــضه مش  دهب   الاب   ليه هيا بنتي التانيه في  الاوليمبياد :) :) 3:),none
بكره اختباري القدرات يمممه مره خايفه 😭💔💔,fear
awad:  BeautifulMind * يالهوي ع الكسفه الي انت فيها يا حازم حازم*????????????,surprise
:    الحُب الاعظمّ : هو ان تحتضن صوره مليِئه بملامح الشخص الذي تُحبه ..  ويليهامسون الغامدي 15k محب,love
والله كدابين ما انا ميزان اهو,anger
غزل دنياي من دونك اسود من عيونك🎶,love
و الان مع الجد والبرنسات و امتع العاب الاوليمبياد علي الاطلاق ،سباق ال 400 متر عدو رجال,joy
ياخي كسم العرص اللي رفع علم غير علم مصر في دخله الاوليمبياد علي كسم اللي يدافع عنه علي كسم اللي مايكسموش. هي ناقصه حرقه دم؟  رجعوا حماده,anger
جديا شوفو الفرق لما جا دور هيري شوفو كيف خايفه عليها ولما جا دور سوجين شف اش تسوي من وراها، وقحه هالماكني من يومها😭😂,fear
بيقولوا المترو غلي ...انا بقيت خايفه انام اصحي الاقي اصلاح اقتصادي جديد بورررريه م الاصلاااح,fear
Nour مهو شغال عادي المشكله في الفون عند كله .. حاول تحب اللاب بقي :D,joy
: اخـتار  الحــب اللي يرفــ؏ قلـبك مـن وسـط همومـك مـش يغرقـك ف همـوم اكـتر..  ٲسمـــﺭ,love
لطيفه حفله افتتاح الاوليمبياد .. البرازيل دوله شبه فقيره و كلها عشوائيات بس بتلم فلوس كتير علي قفا الاحداث الرياضيه دي,none
الشباب والفتيات بيبذلوا مجهودات في الاوليمبياد عشان اسم بلدهم ..و  السيسي بيمرمط اسم مصر في الوحل بتبعيه للسعوديه وتطبيع مع الصهاينه,sadness
انت داري بانشغالي ولا حبك شئ خيالي,joy
الف مليون مبرووووو ك لنادي الاهلي بدايه موفقه باذن الله تحيه للعقيد ابن بلدي  وسيم المحمد بيروت,joy
BKBASHY: قصف روسي/صفوي عنيف علي حلب     وصمت عربي حقير جداً     ونخشي من ولاده تطرف يدمر الكره الارضيه قاطبه  كفي قتلاً بالمسلمين,anger
افتتاح الاوليمبياد فاتني😭💔,sadness
ههههههههههههههههههههههههههههههههههههههههههه مرمره,joy
صلوا علي جابر خواطر المساكين .. صلي الله عليه وسلم,joy
سنني سنجار كما نسينا مجازر اخري وربما سنصفق للقاتل يوما ما ونصفه بالوطني لانه قال كلمه او فضح مفسد كان معه يتقاسم الفساد نحن شعب يصفق للجلاد,anger
: اثق ان بلاد سلمان غير كل البلاد وان هذا الشخص سيعاقب علي نصبه وفساده   يمني ينتحل شخصيه سعودي ليبتز ابناء جلدته,anger
مصطفي يونس و وائل القباني...ابوتريكه احسن منكوا يا اوسخ شخصيتين,anger
noon: كلب مصاب بجروح بسبب زجاجات كسرها المتظاهرون الاميركان. والكل متعاطف لانه غير مفهوم كيف تكون عنيفًا وانت تحتج ضد رئيس لاحتمال…,sympathy
كم اخبرتكـ ِ انكـ ِ نبض قلبي ؟!! اعذريني .. فانا سيء في الحساب . . . ولا اتقن العد .. لكني استاذ في الغزل ،،  غزل,love
في انتظار اول مباره في الاوليمبياد تجمع بين عربي واسرائيلي وكلعاده سحب وكلنا نشيد ببطولاته الخارقه D:,none
:  مؤثر .. يطلب السماح من ابيه وهو متوفي ويتوسل اليه لا جدوي لقبله اعتذار علي جبين ميت غادر الحياه .  يوم الجمعه  لماذا نصمت  تعا…,sympathy
عايزين نخطفهم بعد الاوليمبياد ولاعيبتنا كلهم يتصوروا معاهم ونسيطر احنا بعد كده بدل امريكا 😅,none
ماتش كره قدم نسائيه في الاوليمبياد بس حاجه عسل الصراحه .,joy
بالظبط .. وبعدين الفرق اللي ممكن نسد قدامها او نعمل قدامها مفاجاه في كاس العالم مش هترحم في الاوليمبياد,none
ليس بايدينا حيله سوي مسح تلك الدموع التي تقتل افراحنا تاره بعد اخري  سهام الشوق💜,sadness
خايفه من القدرات كاني اول مره اختبر,fear
حيله سهله ورخيصه للتخلص من الصدا علي المعادن لتبدو جديده بمكون واحد فقط!  حيل  مطبخ,surprise
البنات اللي ف الاوليمبياد كلهم فلات فششخ عشان ربنا مبيديش لحد كل حاجه اه والله,sadness
اقسي شعور ممكن تحسه الرجال 💔,sadness
مصر داخله الاوليمبياد ب 122 لاعب مفيش ولا دهبيه . الكويت داخل بكام لاعب . جابوا الدهب  فهيد الديحاني فخر العرب ف الاوليمبياد 👍,sadness
ايوه الاوليمبياد و الكوره و التنس و الطايره النسائي اهم منك لحد ما تفميهم او تقلديهم 😂,none
انت برجوازي زي فرح؟,anger
: الكلاب الخائنه تنفضح وتفضح نفسها علي تويتر! هذا الارعن يسب معاويه وصحابه رسول الله فمسخ الله سمعته امام العلن,anger
: تهديني الاحلام زاهيه ضاحكه مستبشره بغد جميل بحضن الاماني تمنحني قبله علي جبين العمر تشفي جراح ايام عجاف,love
غبت 10 دقائق لقيت موراتا اوت شهر !! الي بصير معانا هادا اقسم بالله مش معقوووول,surprise
: 2   حوثي منشق. يفضح المشروع الايراني باليمن   اليمن  صنعاء  البحرين  خطر ايران  حزب الشيطان   ايران دوله ارهابيه,anger
ye   لله دره من بطل شهم محب لوطنه ومخلص له هكذا هم الرجال الملبين لنداء الوطن,love
سعوديات كثر هن اللواتي يرفعن اصواتهن طلبا لحقوقهن واحترام اختياراتهن. هؤلاء نساء احببن الرياضه ومارسنها قبل الاوليمبياد,none
الواحد بعد ما شاف مستوي الجزائر والعراق في الاوليمبياد بيقول منك لله يا حسام يا بدري,sadness
مش عارفين نخش في مود ماتش الاهلي وسط زحمه الاوليمبياد دي,none
معكم قلبا و قالبا,sympathy
الله ستر بغيت اجيب العيد في واحد تجاوزته ونسيت اني اسوق تيدر وماعملت حسابي ابتعد عنه لين يتجاوز التيدر كامل وبعدها ارجع يمين وقفت اريّح خوف😩,fear
wa2l  هو احنا نقول طور يقولوا احلبوه هو يعني مفيش حد اعترض علي مرتضي! ده حتي حازم امام اتشتم من مرتضي!,anger
عاملين ايه ياحلوين واحشني من الصبح بس كان عندي امتحان بقي,joy
هاني رمزي الافضل للفريق ويقدر يعمل فرقه زي منتخب الاوليمبي اللي كان معاه في الاوليمبياد  السوبر الاهلي 👍,none
ايطاليا فرضت علي امريكا شوط فاصل في نصف نهائي الكره الطائره ب3 Aces ورا بعض بعد ما كانوا متاخرين الشوط كله .. دراما الاوليمبياد يا ناااس 👏😀,none
انا عندي فوبيا من الظلام والاماكن العاليه والاماكن الفاضيه ☠️☠️☠️,fear
استاذ وسيم يقول للجميع انهاء خدمات وجالس يتكلم في ساند,anger
هذا النسناس احمد موسي وصمه عار علي الاعلام المصري,anger
ريتويت لما مش متابع الاوليمبياد,none
: عندما اصمت وتلجم الدموع ملامح عيناي اعلم حينها ان الابجديه عجزت عن تكوين الحروف التي احتاجها للبوح..   روز,sadness
مُفُيّشَ  اصّعّبُ مُنَ  الُخِؤٌفُ مُنَ الُبُدًايّهّ ، عّلُشَانَ انَتّا عّارًفُ  الُنَهّايّهّ بُسّ نَفُسّك  تّبُدًا 💔👌,fear
اذا احب القلب شيئاََ راتهُ العين جنه 💜,love
558: كل ليله حكايه انثر لك نبضاتي تعانق قلبي ابدئها و انهيها بكلمه احبك,love
: السيد  الصرخي الحسني  ان العاجز عن المواجهه العلميه يلجا الي الاساليب البهيميه من سباب وطعن وتجريح وتسقيط وهذا هو... h…,anger
bh: اللهم اشف مرضانا ومرضي المسلمين. اللهم اشف من انهكهم ، واتعبهم الالم. اللهم البسهم ثوب الصحه والعافيه، برحمتك يا ار…,sympathy
افضل لاعب في تاريخ الاوليمبياد نيكولاس ماسو انا قررت كده واديته اللقب :D,none
جعل ابوي .. اللي عن الدنيا فنا ف الجنان : وتمطر الرحمه عليه  الله يرحمه,sympathy
بقي جاي تقولي وداع .. يا حلم فاتني و راح .. مسبش غير  اوجااااااااااع .. 😏😏,sadness
مفيش طاوله ف الاوليمبياد؟,none
mee1:  الحُب بِلا عناق نفاق .!,love
حًزُيِن انتٍ يِا قلّبيِ مٌنذٍ زُمٌن طويِلّ والّجُمٌيِع يِسبب لّگٍ ،، الّالّمٌ ..,sadness
وزير داخليهالانقلاب بيقول: نعيش عصرا ذهبيا لتكاتف القضاء مع الشرطه والجيش و الاعلام ! ..و الشعب مش هيتكاتف و الا هايتضرب علي قفاه بس ياحول؟,anger
: عفي  الله عن جوفن بهہ م ينشاف يكن  الضيق في صدره ولا جاب لهہ طاري..,sadness
4ever حلب اللي تاكلك ????,anger
وتبسمت ذات النقاب كانها بدر اضاء الليل رغم الظلمه هي نجمه تحت النقاب تالقت هي ورده تبقي مثال للعفه... ????????????,love
مسـا البرد ☁️☕️.  Alley Mount Of Leban,joy
مذيع قناه النيل للرياضه الاهبل اللي شلّنا طول الاوليمبياد مازال ينتظر احمد عبد العزيز الذي انسحب  للاسف  بسبب الاصابه,anger
الاوليمبياد,none
خايف يجي اليوم اللي معرفش اوصلك فيه✋,fear
مما اعجبني من مقاله الكاتبه القديره د فوزيه البكرفي عن من يحمي حقوق الطفل داخل الاسره وانه ان الاوان ان يهيا المجتمع لمحاسبه كل من يسئ اليه,love
خايف من مواجهه القدادي,fear
الصبر لسه ساكت يا ويلي من سكاته,fear
: لما بقرا كتاب بيقي متعاطفه تلقائياً مع الكاتب كان صاحبتي قاعده تحكيلي حوار.,sympathy
طيب ياريت تو ينا مره واحده في الاوليمبياد امريهي حط علم بلد تانيه او حتي اوروبي. مره واحده,surprise
انا بسال علي علاقه الاوليمبياد بالحجامه مش فاهمه الموضوع اتفتح ليه حاليا,none
كيف استغل صاحب هذا المحل لعبه     بوكيمون غو     في تنميه مشروعه؟      قصه نجاح  بزنس   المنظمه الناجحه  تطوير الذات,surprise
الاوليمبياد دي لجنه انقلابيه صحيح😌😄,none
ili اهلاً ناديه شخبارك؟,joy
البنات مشرفانا في الاوليمبياد و رجالتنا مشرفانا في الساحل لسه بتشوف الرياضه حلال للمحجبات ولا حرام 🙃,none
علي كده لو نجيب ساويرس اسلم ونزل الانتخابات ممكن ينجح,surprise
خساره منتخب مصر للكره الطائره امام ايران في الاوليمبياد 3 0 في عدد الاشواط  يلا ريو  volleyball  Rio2016,none
هل مصر قادره علي تحقيق اي مركز في اي لعبه ( جماعيه او فرديه ) في الاوليمبياد....,none
دكتور الجفري لماذا انت تدلس بمناظرتك مع اسلام البحيري واستخدمت اُسلوب العاطفه وكذبت بمؤلف كتاب اداره الوحوش ؟,anger
وياتي بعض( الكلاب) او صحوجي عميل حاقد لجهاد وشرع الله يقول:(داعش) عميل اسرائيلي ! سودالله وجهكم يا مونافقين ويا عملاء الصليبيين,anger
مصريين ينزلوا باعلام السعوديه في عيد تحرير سيناء ودلوقتي لاعب مصري يرفع علم السعوديه وهو بيمثل بلده في الاوليمبياد وكله بسبب تيران وصنافير!,surprise
الواحد كل ما بيشوف جدول ميداليات الاوليمبياد بيجي في ودنه علي طول جمله سناء جميل  احنا غلابه قوي يا سيد  😭,sadness
dagher   والله بفرح كتير :) هههههههههه,joy
رياضي من اعضاء بعثه مصر في الاوليمبياد يحمل علم السعوديه مع علم مصر !!,surprise
ميداليه برونزيه في الاوليمبياد اقيم و اهم 100 مره من الثانويه العامه الكحيانه بتاعه مصر,none
Knight14 الراجل واقف متكدر اصلاً,sadness
انا هتفرج علي فيلم priest اللي هيكمل الاوليمبياد ياريت يقولنا لما الدول تدخل كلها ويعملوا حاجه جديده,none
ولكك العوازمم ععشق💘😪ء,joy
مصر بتلاعب المانيا كره قدم شاطئيه في الاوليمبياد .. ماتش مهم جداً دي اول مره اشجع حد ضد مصر في اي لعبه : D,none
متعاطف مع المنتخب العراقي ، لعيبته شوي ويدمعون وهم يرددون النشيد الوطني ❤️ وركز علي ترديد النشيد الوطني,sympathy
يا جدعان ده عدد المصريين اللي بيخرجوا من  الاوليمبياد اكتر من العدد المشارك اصلا .. في ايه !!,surprise
بين زِحام العالمين، لمحّت صاحبي ، كتوم وفي نظرتُه بان الحنين،💔 ياراحّلين رجعوا صُوت ضحكته فقدتها بين العابِرين.🎶,sadness
قطر يا بهلول اللي اصغر من شبرا سبقت مصر الحضاره مصر التاريخ مصر ام الدنيا مصر الـ 90 مليون في جدول ميداليات الاوليمبياد 😅,surprise
كل عام وانت بخير يا الحب ????my favourite arabic singer    عيد ميلاد عبدالمجيد عبدالله,joy
: انا مش مشكلتي ان احمد زويل يموت ........عادي لان كلنا هنموت . ال مزعلني وقاهرني ان ضمير العالم هو ال يموت...,sadness
: Putin Forces crimes  ليس فلم رعب هنا ادلب قطع بشار وبوتين طفله الي اشلاء بالقصف فجمع جسد ابنه بالكيس ليرثيه بحزن,anger
قاطعهم وقل لهم: تباً لكم !,anger
عندي انت 🙄💕، الف الحمدالله عليك 😭💖 ♥  حياتي  من النظره الثانيه…,love
:  خايف نكون انتهينا من قبل ما حكايتنا تبتدي واقف في النص مش عارف انا موجود ولا مش موجود ولا كل اللي مابينا انتهي وخلصت ال…,fear
بناء علي فكره بيع الجنسيه المصريه و رفع علم السعوديه في الاوليمبياد ليه منعملش مساحه في العلم تبقي sponsered و المعلن يحط فيها للي هو عايزه؟,none
: يا رب يسّــرها علي كـل ضــايق وارفع ستار الهم عن كل محزون لو كان في درب السعاده عوايق تهون مع يا خالق الكون,sympathy
يارب احنا بس عاوزين شويه شجاعه انا منكرش اني خايفه انزل بس عايزه انزل ونفسي الشباب يكونو نقطه الانطلاق والتشجيع لكل المصريين,fear
وجعتو قلبي توي شايفه وللحين متاثر 💔,sympathy
مصطلح اقباط المهجر مشكوك فيه ، ولا استبعد ان يكون الممولين لمظاهراتهم جماعات اخوان الشياطين في امريكا واوروبا ......,anger
وما  الحُب الا ان تخاف  الله فيمن  تُحب✋💕,love
هو انت كنت بتحفظ المقادير !!  اول مره اعرف ان المقادير بتتحفظ,surprise
محبه  رسول الله ﷺ,love
لوسمحتم كفايه مقاطع مؤلمه لاطفال معنفين وربي قلبي يوجعني😔من مقطع ضرب الخادمه للرضيع،اطفال سوريا والموصل..اين الرحمه…,sympathy
اتمني  الموت 😐😑👆☝,sadness
الله ينصرهم علي كل من بغي الشر فيهم ويحفظ المبتعثين الي بمصر 💔,sympathy
مالها كنزه يعني,surprise
Shoqa لتكون خايف من حسام !! 😛,fear
ما بعرف ليش بس شوف بوسه بين ممثلين لبنانيين بمسلسل بفقع صوت ما بيفهم وبنجلط وبنصدم وبتفاجا... ليش؟ ما بعرف. ه  امير الليل,surprise
:  رساله للي باعك ???? اللي باعني في يوم وخان ???? يبقي صفر علي الشمال ✋,anger
بيكفي تلعب باعصابي.,sadness
انا طفل خايف من دونك ❤,fear
نفسي افهم وين عايشين,surprise
يا فهد قصه الاميره معروفه مسويلك كم حساب؟  ????واحد باسم ال ثاني وواحد سليط,anger
البرلمان ارسل خمسه من اعضائه لحضور الاوليمبياد بهدف كسب وتبادل الخبرات ومعايشه اللاعبين والتعرف علي اسباب حصول الدول علي الميداليات,none
اعانه ذوي الاعاقه اما يكفيهم العبئ النفسي لانهم يعانون من هذه الاعاقه مدي الحياه فيحرمون الاعانات فتزداد نفسيتهم سوءاً؟! كان الله في عونهم,sympathy
فيه ملحمه تنس شغاله بين ديلبوترو الارجنتيني اللي كسب رافييل نادال واندي موراي الانجليزي في نهائي فردي رجال في الاوليمبياد 🎾,none
لماذا تستقبلك المضيفه علي باب الطائره ويدها وراء ظهرها؟  طائره  معلومات,surprise
هي لسه هتكون شكلها ! ما خلاص ياعم بقت اوسخ هي مصر راحت الاوليمبياد ليه اصلا ؟ مفيش لعبه فالحين فيها ومفشوخين ف كل الالعاب احمس,sadness
هو الناس اللي بتحتفل بقناه السويس و الاوليمبياد دول في غيبوبه و لا احنا للدجه دي بنضحك علي نفسنا وسط لا مبالاه و انهيار للاقتصاد و للبلد,sadness
والده اللاعبه  ساره سمير:كنت اتوقع ان تحقق ساره ميداليه في الاوليمبياد.. وانا اراها بطله منذ صغرها ووالدها كان يشجعها باستمرار قبل وفاته,none
انا لبرالي اريد الطريقه للوصول للمراه و الاوليمبياد هي الطريقه ~,none
: انا مو خايفه عشان الاختبارات قربت انا خايفه لان عقلي مسوي سكيب للاختبارات وعايشه جو الاجازه من الحين .,fear
فيه نحس ورا لاعيبه مصر في الاوليمبياد دي!,surprise
الحُـــب هــــو . . ان تري في طريقك  الفُ شخصً  ولا يروق لك  الا من احببت,love
مشكله لاعيبه مصر في الاوليمبياد مش انهم بيادو وحش المشكله انهم مبيعرفوش يفوزو ودي حاجه زفت لانهم مش واقعين خالص ولا فوق خالص حاجه مسخ كده,sadness
يسعدلي هالصباح علي عيونكو الحلويين,joy
: ابرز الاخطاء عصبيه الفريدي اخطاء ايفان عندما تكون الهجمه ضدنا استهتار يحيي بلاهه عكاش مافيه مهاجم يبرد الكبد فشل العنزي في ا…,anger
و الان مع اعظم و اقوي منافسه في الاوليمبياد، نهائي ال 100 متر عدو رجال مسابقه اسرع رجل علي وجه الارض,none
:     Q8 اغاني وطنيه ع القناه الرياضيه الحكوميه بعد انجازات الابطال وكان كان لهم دور! طيح الله حظكم  الفضل بعد…,anger
الحب لا يقاس بالكلمات فهو شعور يبدا من العمق ثم يتحول الي دافع للعطاء ، للحمايه ، للقرب ، للاهتمام   حياه,love
الاجانب شافوا في الموضوع روح الاوليمبياد اللي بتجمع كل الشعوب من مختلف الاعراق و الثقافات عشان بيتناقشوا في روح رياضيه,none
نور قلبت عليا مواجع اغاني ديمي لوفاتو : (,sadness
دجوكوفيتش يخرج من الاوليمبياد علي يد ديلبوترو في مفاجاه من العيار الثقيل,surprise
ايه ده ؟؟!! لا لا لا اكيد لا اكيد بيتهيقلي الهزار هيقلب بجد 🙊❤,surprise
وبادر ان بقي في العمر وقت فان  الموت يطرق كل باب,sadness
خايف علي الاعب لايطيح ويتعور,fear
ايه يا جدعان الترقيصه اللي تريزيجيه عملها في البينالتي دي ! للمره الالف بشوفها واقول ؟!,surprise
بقيت خايفه اتبسط لاحسن حاجه تحصل تنكد عليا,fear
لو كنت اعلم ان حبك يقتلني اعددت لي قبل ان القاك اكفـانا,love
هو لسه في حد من مصر في الاوليمبياد 😃,surprise
الخولجه في الاوليمبياد.,none
ههههه ايران  ﻻ تختلف عن ال سعود كلاهما  منافقين,anger
صباحكم. سكر.,love
خلاص كلكوا سمعتوا افتتاح الاوليمبياد وانا لا,sadness
واضح من التايملاين ان بعثه مصر عرتنا في افتتاح الاوليمبياد 😂,sadness
احلام تعنف في دار الحمايه لا مُش معقول ! اكيد فيه خلل بالموضوع !,surprise
: حسبي الله علي مريم وعلي كل من ساندها وعسي كل من وقف معها يشوف الي صار بروان في بناته  كلنا مع محال  كلنا ضد مريم بيفور…,anger
لا انتوا مش متخيلين انا كنت خايفه من الموضوع ده اد ايه.. ده كده فيها خراب بيوت✋✋✋,fear
الله يقويكم وينصركم من قلب فلسطين كلنا معكم ويا ريت لو احنا معكم نشارككم بثورتكم لكن  مصر لسا فيها رجال  هننزل 11 11,sympathy
: احِب غيرتكْ عَلي ، و اخاف عَليك مِن وَجعها .  قروب ساج بفكري  قروب حالمه للدعم  غيره  الحب,love
رفع اثقال سيدات اوزان واحجام غريبه شغاله دلوقتي في الاوليمبياد اتفرجوا لينا واحده بتلعب اسمها شيماء 😂😂😂,none
وَلي لِحُجاجِك يا ٱمُ الجَبين عرفات حُبِك كما الصلوات والقبله مِش يَمي😔 😍  تيم القمه بيفجر الفولورز,love
:  تحب تقول ايه لتميم بن موزه ده ياجماعه عيل خول...... ابن مره هايفه,anger
محمود عبد العزيز مات؟؟؟؟؟؟؟؟ 😳😳,surprise
الله يوفقهم معكم في السراء والضراء,sympathy
. يارب اشتد الكرب وعظم الخطب تكالب عليها اعداء الاسلام؛ فاللهم فرج كربهم، وانتقم من عدوك وعدوهم، واشف صدور قوم مؤمنين💔.,sympathy
هذول للحين بدراسه تكلفه الخطّه التنموّيه؟!  ابقي قابلني اذا نفّذوها بسرعه!!  التنميه في  الكويت!  محلك راوح!  وصلت؟!,sadness
صار عندي فوبيا خوف من ابسط شي 💔,fear
تركي العواد اعتّذر ..فمقالك لو قراه احد الاطفال بالصفوف الابتدائيه ..سوف يقّول هذا حديث قبيّح! فكيف بالمتزنّين(العاقلين)! غريب امرك يا تركي,anger
تعليقات المصريين علي الاوليمبياد ما تطلعش الا من واحد قاعد بالفانله ع الكنبه بياكل دوبل تشيز برجر مع بيبسي دايت علشان ما يتخنش..,none
مُعَلَّقٌ انَا عَلَي مَشَانِقِ الصَبَاحِ، وَجَبهَتِي بِالمَوتِ مَحنِيَّه..,sadness
88  هههههههههههه لا تلومني توي صاحي من فرحه غيبوبه الدوري  ????,joy
التصوير البرازيلي في الاوليمبياد بالمقارنه مع مثلا كوريا الجنوبيه او اسبانيا او امريكا اقل بكثير من اولئك :),none
اقسي امنيه: كل ما لمحت عاشقين تمنيتك معي🔕!. . .  بوح  حب  عبارات  اقتباسات  احساس  سالخير 💎.,sadness
وهوا لاعب دولي رايح الاوليمبياد ومعندوش مخ يعرف الصح من الغلط؟,surprise
يوم مميز للسباحه الصينيه هي زي، اولًا فازت بالميداليه الفضيه ثم تقدم صديقها السباح كين كاي لخطبتها امام الحضور ووافقت :)  في الاوليمبياد,joy
alshnti: مسجد الصخره بعد الانتهاء من ترميماته الداخليه .!   الجمالٌ مثمن الاضلاع ازرقٌ   فوقهُ يا دام عزُكِ قبهٌ ذهبيهٌ,love
شهوه الجوع، تتغلب احياناً ع الشهوه الجنسيه!!,surprise
الشناوي يرجع الماتش الجي بقي وكفايه قله ادب ✋,anger
الاختيار: قصه سيدي الحارث تربيزه خبط بالعقل اغنيهكام واحد لزاب يخت عالقهوه افضل ضيف: زاب ثروت ♥ اشهر زبون لكلوك  3alahwa,joy
اه بالمناسبه ، كسم الاوليمبياد كلها ببطولاتها و ميدالياتها و لاعبيتها و مدربينها و الدول المشاركه فيها ع الدوله المنظمه علي الرعاه الرسميين,anger
تويته في حب الالعاب المائيه بكل اشكالها والجمباز .  الاوليمبياد,joy
ليه مالها الاوليمبياد :] ؟,none
Alhdwe الله يحفظك ويحفظ زملائك الابطال والله يردكم لاهاليكم سالمين غانمين منتصرين مانسيتكم من الدعاء معكم بقلبي,sympathy
جنه الدنيا يارب ارزق كل محروم الذريه الصالحه  الاطفال,sympathy
الموت مش بعيد عننا خالص.. ممكن ياخد اي حد في اي وقت.. محدش بيقدر يصدق او يستوعب الحدث ده ولا الفجاه اللي بيجي بيها 😓,fear
:   امين ربي مجيب الدعاء لطيف بعباده...قلوبنا معكم ودعواتنا لكم,sympathy
alfaifii: اقصاء حسن فرحان وامثاله عن تلويث عقول الناشئه والاطفال واجب علي اهل الحلّ والعقد، فاذا كان قد حصل فعلاً فهو سعي مشكور وعمل…,joy
A24 قلبي معكم 😂😂,sympathy
فيه معلّقه في الاوليمبياد دايم تعلّق علي السباحه تحسسك ان عيالها اللي يسبحون.. وبعدين؟ رقلك فين؟؟,none
Mohammed00من الاشياء اللي تغيظ  السيسي فاضح المصريين في العالم و  مرسي و  حازم افصح رجال بالعالم العربي خلف القضبان  ثلاجه السيسي,sadness
دواعَي سَروره تعترينِي وهَو مسُرور علِي وجُهه البسّمات كنهِا علي وجهّي.,joy
انا الدوله بتاعتي اسمها زمالك,joy
كان الله في عونهم😢 نصره اطفال سوريا والعراق,sympathy
افتتاح الاوليمبياد بالنسبه لنا انتهي بعد ما البعثه دخلت الحفله وكلنا شوفنا احمد الاحمر شايل العلم وطبعا مش هنركز ع اللبس الغريب بتاعنا,none
يا معيوف حلم كل رياضي الاوليمبياد شتحجي انت,none
ﻫﻜﺬﺁ ﻧﺤﻦُ  ﺍﻟﺒَﺸﺮ ﻧﺒﺤﺚُ ﻋَﻦ  ﺍﻟﺤُﺰﻥ ﻭﻟﻮ ﻛﺂﻥ ﺗَﺤﺖَ ﺳﺂﺑﻊِ ﺃﺭﺽ ! ﻧُﺠﻴﺪُ ﻧَﺴﺞَ { ﺍﻟﺤَﺰﻥ } ﻭﺗﻄﺮﻳﺰﻩ ﺑﺄﺟﻤَﻞ ﺍﻟﻮﻗﺂﺋﻊ ، ﺛﻢّ ﻧَﻌﻴﺸﻪُ ﺑﺄﺩﻕ ﺗَﻔﺂﺻﻴﻠﻪِ,sadness
مصر عندها منتخب سيدات للكره الشاطئيه هيلعب النهارده الساعه 11 في الاوليمبياد .. دوله الخلافه تتزعزع و الالحاد يغزو البلاد,none
sebla خايف يصير الليل نهار والنهار قلق!,fear
ذا غزا الكويت نرحمه ليش ونحترمه ليش!؟,anger
اللهم احفظ اخواننا في البحرين الله ينصركم,sympathy
احلي ايام,joy
نحن معكم يا اخواننا المجاهدين وليس مع رجال الامن,sympathy
يا ريت كلهم زيك يا بنتي والله,joy
الاوليمبياد الاخيره كان فيه بطل جودو اسمه رمضان عمل زي ما انتي قولتي بظبط مسلمش عليه وعطاله علقه سخنه معرفش فينه السنه دي !!,none
انا خايفه عليكي يا مصر  اقولها وبكل صراحه,fear
Sue83 هههههههههههههه حبيبي انا اقدر علي زعلك والله مقدر,joy
عندي دقن شيخ و بخسر في الاوليمبياد,sadness
زي مصر هوجه حجاب و قلع لاعبات الاوليمبياد.. نهائي السعوديه النهارده فاشخين بعض بصور الماتش اللي اتلعب في لندن و كله قالع العبايات براحته :D,joy
جميل جدا ان تحب والاجمل ان تبوح بحبك لمن تحب دون ان تكترث لعادات المجتمع العقيم وقواعد الاعراف الميته  خرف العادات…,love
ههههههههه ضحكتيني و الله مصري واضح انه رياضي اخد الجنسيه السعوديه ورفع علمها في الاوليمبياد عز علي المصريين عاوزينه,none
:   جيتك وانا مدري عن الشوق وش فيه لا الوقت مسعفني ولا العمر كافي امد لك قلبي غلا.. لا تعنيه بردان من كثر الشقا والتجافي…,love
MohammadChahine عن فرحتي اللي متتوصفش ياناس يارب احمدك يارب مبروووك لشاهين وتحيا مصر باولادها,joy
اسفين يا توب، انت صح ✋ عمال اقول بالحنيه اهو واحد افطرها ف اسكندريه طب واحده عاوزه ورد طب واحده عاوزه قلب فاضي قلب هادي. محدش بيكبر,joy
عارفين ليه ماحققناش اي ميداليه دهب في الاوليمبياد؟؟ علشان اللاعيبه خافوا يتقالهم اتبرعوا بيه زي حلق الحاجه زينب 󾌴,none
na7ef   Fit   dd    alorabi كنت خايفه من الكليسترول والدهون لان وقتها كان عندي دهون مرتفعه جداجدا غامرت وقتها,fear
خايفه من ايام بدون ابوي والله .,fear
يذلوا ابونا علي ايه احنا مفضوحين لوحدنا محدش باصصلنا اصلاً بس معلش لما نبقي نعمل الاوليمبياد عندنا في استاد بتروسبورت هنوريهم😂😂,none
:  الرحمه المُبكيه يا ابن ادم لو بلغت ذنوبك عنان السماء ثم استغفرتني غفرت لك.☘,sympathy
هي خايفه اني ما عاد ارجع ، و انا مثلها : خايف من الرجعه .. اللي مالها داعي !!,fear
الصين مشاركه ب 416 لاعب ولاعبه احيييييييه  OpeningCeremony  الاوليمبياد,surprise
عمرو اديب وسخ وسخ خايف ومرعوب ونازل تخويف وبث الرعب في الناس,fear
: لحظات مؤثره لانقاذ طفل من تحت الركام في  حلب .. لا نقول سوي  حسبنا الله ونعم الوكيل,sympathy
بسم الله الرحمن الرحيم .. انا كتبت الكلمه دي امتي !!,surprise
ينبض بحبك فؤادي ... الله مكبر غلاك صباحكم حب يتدفق من قلوبكم الدافئه...  اليمن,love
قبل الاوليمبياد : الذهبيه يا نوفاااك الجولدن كارير يا نوفاك بعد الاوليمبياد : ولا ليها اي لازمه,none
طيب الذكر شاكير يتوسط مباراه الارجنتين والجزائر في الاوليمبياد,none
مِـاا لَمِـسًً  الَحًـبّ شّـيّئاً الَا وُ چعَـلَهِ  مِـقَدًُسًـااً !!.. 💞💙🌸,love
طلع النسيان مش هو الحل! :D,sadness
قبل ماتتكلم علي الجول بولي الانذارين فيهم ايه ؟؟,surprise
صفر المونديال وصفر الاوليمبياد وصفر الحياه وده اكبر صفر اخدناه ..,sadness
وهل من المروءه ان تتخذ خلاف الدوله مع  الاخوان ذريعه لتمرير عارك !؟ انت وعشقي كمبارس في المسرحيه  سعوديون ضد التطبيع,anger
حتيٰ  الحب رزق ! لما قال  الرسول عن خديجه : اني رزقت حُبها .. تبيان صريح علي ان الحب  عاطفه توهب ، تمنح ، تهدي من السماء♡   يارب,love
اييييييه داااا !!!!!,surprise
مَن يُحِبك ،ٌ لا يُبكيك    مَن يُحِبك ، لايخذلك    مَن يُحِبك ، لا يّكسِرُك,sadness
نيجيريا سجلت الاول وواضح انها هتطول في الاوليمبياد والواد اجاي مش هيرجع دلوقتي,none
:   Alhashem العوده بعد فتواه بالجهاد في العراق هرب ابنه معاذ فاستنجد بالداخليه وتم ارجاعه من الحدود السعوديه العراقيه ال…,anger
للحين خايفه ولا هديتي,fear
مُش معقول  صوت او صوره او كلمه  من اللي تحبه تاخذك لعالم ثاني و تشوف الدنيا حلوه، كيف كذا؟,surprise
بعد ال6 البرازيليه ..ماتعملوا تقرير عن اكبر النتائج ف الاوليمبياد وكاس مصر كده,none
مبروووووووووك..... لاحمد قمر.. خامس الاوليمبياد 󾌰󾌰 فاكريني حقول للزمالك؟؟؟ بعينكم 󾌩󾌩,joy
دايم يقولون اذا تبغين  شخص يحبك ضحكيه  المشكله كل ما يضحك ، انا اللي  احبه زياده. 😴❤️  عشق,love
الحمدلله شرفت مصر في الاوليمبياد وخدت لقب اول بلوك في الدفعه 🙈😌.,joy
مصر في الاوليمبياد ريم منصور تنهي جوله التصنيف في المركز 56 وتصطدم باللاعبه الصينيه المصنفه رقم 9 في دور الـ64  يلا ريو,none
انا سعيده.,joy
احيانا.. تكون الصدمه قويه ولكننا حقا يجب ان نشكرها لانها ايقظتنا من اوهامنه..!,sadness
سبتك تعيش بعدي الحياه,sadness
عُموماً لاتكلمني لانك خايف قلبي يتبلد ناحيتك او تادي واجب كلمني لانك تبينيّ فعلاً ومشتاق ولا لاتفكر تبادر.,fear
سابتسم في وجه من يكرهني فان لم اكسب محبته سانجح في فقع مرارته   تمثلني وبشده,joy
نيجيريا بتلاعب اليابان في الاوليمبياد واول 10 دقايق 2/2 الحياه سريعه سريعه في الاوليمبيكيات ماتش برعايو بيس 13,surprise
: الشوق احتياج وانا احتاجك ....,love
et3: اللهّم خفف كل ذره وجع ترهق امهاتهن وانزل عليّهن لِتُزيل تعبهن يا رب العالمين اللهم اشفهن وخفف عنهن مراره الالم   ab28 …,sympathy
يابن اللعيبه 👏🏼👏🏼👏🏼 ده اللي هو بقولكوا ايه انا هشارك في الاوليمبياد دي  prt,joy
AGEEL:  لن ناتي بجديد اذ اقلنا ان في  جامعه نجران خلل كبيروان الشق فيها اكبرمن الرقعه وبان هناك من عزلها عن المجتمع لكن…,anger
:   انتي متخيله انك احلي واحده اعرفها؟ = بجد ! ربنا يخليك 3>   متخيله الماساه ؟,surprise
حسني مبارك ياخد برائه وهشام جنينه يتسجن . كسمك يا نظام,anger
كره القدم في الاوليمبياد: بطوله بين مجموعه من اللاعبين مش صغيرين لدرجه اننا ننتظر منهم مستقبل ومش مهمين لدرجه ان انديتهم يتمسكوا بيهم!,none
:  بوتين ينتقم من اطفال حلب   путин мстит от детей из алеппо  الاب حاملاً جثّه ابنته  والامٌّ تنتظرها  ???? ..,sadness
one1: الخوف لا يمنع الموت ولكنه يمنع الحياه,fear
StaracArabia واحلي تحيه لاولاد بلدي اجمد ناس المصريين وصحابهم اللبنانين طبعا حد هيسال وكنوزه  مقلتش كنزه لان حسبتها كمصريه لانها بنتنا كمان,joy
سر كل علاقه ناجحه بالله ثم بخلقه بالحب تعبد ربك صح وبالحب تبر والديك وترافق شريك حياتك وتربي اولادك وتحسن للغير 💕  صالح الكناني كافيه,love
شجعوا مصر في الاوليمبياد . مصر ستبدا جولتها باذن الله غدًا بلعبه القوس والسهم  الرمايه  . وممثل مصر  اللاعب  احمد النمر .,none
عارف لما تكون كل يوم بتعيط علشان خايف من حاجه معينه تحصل و هي لازم هتحصل,sadness
: فيديو مؤلم. اب يبكي ابنه الذي استشهد اثر غاره جويه علي مدينه ؛ اللهم اربط علي قلبه😔,sympathy
:  حساب قناه المجتمع طلع شيعي عرفت الان من هم اخوان السعوديه ولماذا نحذر منهم لانهم هم الطابور الخامس,anger
انا خايف ابدا اعيش طبيعي واحب تاني !,fear
هي ايه مشكله الكويت في الاوليمبياد,none
حتي فرحه خايفه منها,fear
هما بتو7 ايه اللي وداها هناك وقتله الحسيني ابو ضيف عندهم نخوه والا نقطه دم اصلا,anger
مهو انت لو سبتها عشان تتفرج علي بنات الباليه المائي ف الاوليمبياد وتشتم ف سرك هي بتسيبك وبتتفرج ع دقن الواد التركي فمنبصش بره ونظبط حالنا ..,none
: Follow them   18a94     kuw       b52       رجعو زكريا مشرف  خبره  خلونا نرجع الي الله…,anger
Madaniah حسبي الله ونعم الوكيل الله لا يوفقهم منهم لله هم من نزعت من قلوبهم الرحمه فاي عقاب واي قصاص سيشفي قلوب الامهات الثكالي 😢😢😢😢,sympathy
هدايه وهبه مجرد حد مصري يوصل الاوليمبياد اساسا بالذات فالالعاب الفرديه بالامكانيات المنعدمه دي فده انجاز انه يجيب ميداليه بقي ده كده اعجاز,none
! خايفه اجيك مشتاقه ، وتصدني❤️❤️,fear
ابطالنا في الالعاب الفرديه في الاوليمبياد رغم قله التقدير و الاعداد و الاهتمام من الدوله الا انهم مكافحين و عاملين ارقام و مراكز كويسه جدا,surprise
Madaniah: سيارات اغاثه مرسله لـ حلب تم قصفها من الاحتلال الروسي وحرقها بالكامل.,anger
وربي خايفه 😔❤️,fear
مع من نحب ، نجد في ابسط الاشياء فرحا..!!❤   بوح  خواطر,love
مؤلم ان تُخفِي  حزن  عميق وتتظاهر ب  السعاده ، لكي تستمر  الحياه  ميِش 999  حزن  خيانه 🍁,sadness
الهدف الرئيسي من الاوليمبياد هو نشر روح السلام والمحبه والتعارف وليس لاعلان مواقف سياسيه. وقديماً كانت فتره هدنه من الحروب.,none
يلاحظ في مقدمه الرساله ونهايتها اطراء جم لعلماء حائل ولاسره ال الرشيد يدل علي اهميه حائل العلميه انذاك.,love
: شاعر الوطن خلف بن هذال اجري عمليه في احدي مستشفيات لندن تكللت بالنجاح طهور ومايري باس وحمداً لله علي سلامته ..,love
اووم الدنيا اللي حتبقي  اد الدنيا  في عهد السيسي ! زمان كان الواحد يعمل جريمه .. وبعدين يتقبض عليه دلوقتي الواحد...,anger
يا جماعه البت عنيها رهيبه,joy
:   sniper1 الله يبشركم بالخير .. قلوبنا معكم,sympathy
: هناك اختلاف بين  الاعجاب و الحب ؛ اذا اعجبتك  ورده ستقطفها ،، ولكن ،،اذا احببتها ستسقيها كـل يـوم..!,love
:   تخاف تذكرني ، وانا خايف انساك .!,fear
يارب الاوليمبياد تخلص دلوقتي,none
غداً تنطلق منافسات ام الالعاب  العاب القوي  في الاوليمبياد البرازيلي ... وهي المعني الاكبر للتنافس بين شعوب العالم جرياً وقفزاً ورمياً 1️⃣,none
مـ ﺎحب  ﺎشوف شخص ﺎعزهہ ؛  ياخي عطني  همومک ، بس ﺎبتسم  حزييييين,sadness
والله الحكام دول محتاجين معجزه سماويه علشان يتعدلو,anger
هما الفلات بقوا كتير كدا ليه ، مش ممكن يعني,surprise
( كان الله في عونهم ) ، (بؤساء وفقراء وازدادو هذا مع هذا ) .,sympathy
اقسي شعور يراودك وانت مخذول،انك علي كثر الوجع كنت طيّب. .,sadness
سنه العراق مابين   داعش وجحش   كان الله في عونهم,sympathy
الوقوع بالحب .. لما كان 💔❤️💔,love
بعد دقائق من فوزها باولي ميداليات  مصر في  الاوليمبياد... هاشتاج  ساره سمير يتصدر  تويتر 💪💪💪,joy
في دول بتعمل اعداد لابطالها من 4 سنين علشان الاوليمبياد و في دول تانيه بجنس لاعيبه علشان يجيبوا مديليه باسمهم و في مصر بدون تعليق ✋🏻,none
الاوليمبياد مش للكوره فعلًا .. يادوب نيجيريا 96 والكاميرون 2000 وشكرًا علي كده .. وحتي لو في مستوي قوي انا مش عايز كوره منها,none
دا منظر ناس مركزه ف ماتش بكرا اقسم بالله ممكن بكرا نتفشخ حرفياً مستوي الاهمال دا 😑😑,surprise
تامل ! قال الله : ( وجعل بينكم موده ورحمه ) الموده اثر من اثار  الحُب فان كان هناك حب بين  الزوجين تجسد بالموده وا…,love
لا ده الاوليمبياد دي حب تاني 😍,joy
ان ليس هو الخساره الكبري .. الخساره الاكبر هو ما يموت فينا ونحن  احياء ..,sadness
اسامه انور عكاشه لحس دماغ جيل تقريبا ... :) دا بغض النظر ان هو اللي بشر ان حسن راجع حسن جاي ... ومجاش:) ضحك علينا,anger
التعريض لو يخلوها لعبه في الاوليمبياد هانكتسح الدهب اقول ماثوره للاستاذ محمد نعمان,none
SAMAHA من جديد مصر تخسر رمز من رموز العلم لديهم للاسف الله يرحمك احمد زويل ويغفرلك,sympathy
مش عارف الم المنهج,sadness
وَقُل رَّبِّ ارحمهما كَمَا رَبَّيَانِي صَغِيرًا  ربي ارحمهما،و تعطف عليهما بمغفرتك و كما تعطفا علي في صغري، فرحماني و ربياني صغيراً.,sympathy
قطر داخله الاوليمبياد ب 25 رياضي يعني فرصه اللي عاوز يسرق قطر البلد كلها في البرازيل : D,none
اللهم انصر المجاهدين المشتاقين الشهاده اللهم سدد رميهم ولله علي كل شيء قدير  الدوله الاسلاميه  الموصل  الرقه  اعماق  ايران  ترامب,sympathy
الايام سوده في وشي من يومين مش عارف ليه .!,sadness
سلّم قلبك لمن تثق بانّه يحبك وهو سيعرف كيف يحافظ عليه .. 👍  بوح  مما اعجبني,love
وانت بعيد عني خايف يضيع مني العمر كله فراق 😌😌,fear
: علي سبيل التذكره مش اكتر لؤي القهوجي محبوس بقاله 3 سنين ولسه فاضله 8 شهور كمان. عشان ماعملش حاجه.,anger
اصيله ي انشراح?,joy
احلا عملاقه,joy
Q Y20: انتقل الي جوار ربه ابراهيم بن مصلح بن عبدالرحمن..ابن ابن عمي. اسال الله ان يغفر له ويرحمه ويوسع عليه ويلهمنا واهله الصبر…,sympathy
صوره جميله والله .. الام خايفه علي ابنها والابن خايف لا تضيع رجولته قدام امه,fear
الاوليمبياد فيها جولف,none
asdel   اه هيرجع هو وهما عشان يسرقو مصر تاني من اول وجديد يلا اهلا وسهلا بالوطني حسين سالم,anger
مارتن يول بيقول ل اكرامي شوف كلبه تنيكك,anger
قال لها :ما اجمل ضحكتك قالت له :وما اجمل من رسمها  عذري,love
: قمه الوجع ان تتظاهر بانك لا تبالي، وقلبك يتقطع من الحسره...💔,sadness
KH1911 جرا ايه يا كسمك,anger
القلب عندك و المشاعر تُحوفك 🎶,love
اه لو نبطل نفسنه من الي كان فقير وربنا كرمه او من الي معاه فلوس او اي حاجه نفسنا فيها ومش قادرين نجيبها  حب لاخيك ما تحب لنفسك,sympathy
1    1 التواصل بيننا علي توتير دا نوع من الموده والرحمه  وﻻزم نسال علي بعض ونطمئن علي بعض ياريت اﻻخﻻق الكريمه تسود بين الناس,joy
ايهاب وساره اللي اخدوا ميدليات في الاوليمبياد كانوا تحت رعايه الجيش كالعاده اي حاجه بيعملها الجيش بتطلع باتقان,none
رايت الهلال ووجه الحبيب!  قهوه السابعه  كوب لشخصين  عناقيد حرف  نمير البيان  حكايا مسك  نخبه النون  شواهق نجد  ذكريات جميل…,love
نتضامن معكم للاسبوع الثاني يقومون باعداد السيناريو بتركيا كيفيه الانتحار تبدا من السويس ثم التصوير والانقاذ والنشر افلام هابطه,sympathy
:  شهداء الكويت خطوا بدمائهم الطاهره ملحمه وطنيه عظيمه لبقاءكيان وطن النهار  الشهيد احمد قبازرد  Qabazard  الكويت 1990 ht…,sadness
:   لا ما با نتكلم من شان بوفهد وقصور  الرياض ما تزعل! ابناء  الحد الجنوبي و  نجران الان تموت عادي اهم شي فهد,anger
عليهذا بجب ان نحاكم ثلاث ارباع الفنانين والمصممين المغاربه يوميا في سرقه شكرا ست نضال يا مناضله لفكر وكلمه حق با ابنه مناضل,love
رجب ناقص يسبلهم الدين بعد ما نجع في رفعه النطر 😂😂  رفع اثقال  الاوليمبياد,none
طبعاً في كثير من المدن الا محافظه القنفذه منسيه صحياً لا مستشفيات ولا مراكز كان الله في عونهم,sympathy
السعوديه الثالثه في السمنه  خريس يبي يخليكم المركز الاخير صبراً صبراً ???????? !,joy
هم لا يرفعوا معنويات مايسمي ب الثوار في سوريا هم اغباء من ذلك هم يسوقونهم الئ جهنم  وجهنم لا ترحم الدواعش والخونه,anger
اللي يحبّك اللي يستاهلك ؛ يقدّرك و الاهم انه مكتفي فيك. ❤️,love
23 21 ارجنتين .. تونس بره الاوليمبياد رسمي,none
بص يا عمرو انت تكمل الماتش ده وبعدين تتصاب,anger
انا خايف,fear
منور لله يوفقه ويحميه  محمد عساف,joy
قبل ما نحاسب اللاعبيين المصريين المشاركين في الاوليمبياد علي سوء النتائج لازم نحاسب اولا المسئولين عن تدريبهم و اختيارهم و قيادتهم فنيا,none
بقت البلد كلها حورات و محدش عارف الدنيا ماشيه ازاي ولا عارفين اي بتنجان استغفر الله العظيم ياااااااااااارب ! اللهم ارنا الحق حقا ..,anger
اكتر لعبه ممتعه في الاوليمبياد دي هي الترامبولين,none
في خطاب لترامب :سنتعامل بنزاهه مع الدول الاخري .......اتسال باستغراب   سياسي ونزيه هذا؟؟!!!,surprise
نفسي اشوف قطري جد جد مشارك في الاوليمبياد نفس الشئ ينطبق علي الفرنسيين,none
اهل مصر بين نار السيسي وبين ثورات ممكن تفقدهم كثير من ابنائهم وتدمر بلدهم كان الله في عونهم ونصرهم علي من ظلمهم ..  ثوره مصر 11 11,sympathy
Quran: ﴿ سيجعل لهم الرحمن ودا ﴾ اذا احببت انسان وانت ﻻ تدري ما سبب هذا ؟ فاعلم ان الله يحبه وامر قلبك بحبه !,love
اجمل حب .. حينما يُنادي في السّماء .. انّ الله احبّ فلانا فاحبّوه فيحبّهم اهل السّماء و اهل الارض ..فيااا ربّ اجعلنا منهم <3 ! ....  …,love
التحالف من اجل استعاده الشرعيه الله يسعدكم يالتحالف نصرتم اخوتكم في اليمن والله ينصركم باذن الله ❤️,love
اللهم فرج كربهم وانصرهم علي من ظلمهم ياحي ياقيوم…,sympathy
:   المجتمع متضامن معنا ،،شكرا لكم,sympathy
اتعود علي غيابه يرجع يحاكيني ، اتعود علي حضوره يرجع يغيب !,sadness
العاب القوي .. عروس الاوليمبياد  Athletics  Rio2016  Olympics,joy
: الله ينصرهم ويحفظهم ويسدد رميهم ويثبت اقدامهم ويتولي كفايه مؤنهم ويلطف لهم في المكر ويعينهم بالصبر ويقرب اسلحتهم ويشحذ همت…,sympathy
ايه والله صادق ساعده الاوليمبياد السابق لعب نصف نهائي ماراثوني مع روجر وخلاه يروح للنهائي بدون ارجل 😂,none
وانت سري وانت ما نويت اكتشافه ..,joy
بحبك عشان خايف يجيي اليوم اللي اموت فيه واندم اني محبتكيش..,fear
ام مشاري خايفه ع ابو مشاري لايروح صيدليات ويشوف مزز 💔☻,fear
ان شاء الله نصبح علي خير :),joy
طب انا فعلا خايفه من المستقبل ..خايفه منقدرش كاسره نسيرفايف بنفس الطريقه اللي عايشين بيها وننزل طبقه..الموضوع مرعب,fear
مشكله لما تبين تقفلين الشبكه علي اخوك عشان يفارق بس خايفه من الدنيا دواره وبعدين اطلبه💔,fear
سعود فهد مهرجان الخبرا من نجاح الي نجاح,joy
دايماً راح تكوني خايفه يا اما من شي عندك وخايفه تفقديه  يا اما من شي مو عندك وخايفه ماتحصلي عليه .  قلم حمره,fear
مش عارفه اتفرج ع الاوليمبياد مش عارفه 😭😭,sadness
: خسر بشرف وحاول احسن ما ينسحب ورفض يسلم ع ست من الصهاينه لان ممكن يكون متوضي مش بيسلم ع حريم فخور بيك  اسلام الشهابي,love
يا مرتضي يا مرتضي بكره هنيكك يا مرتضي..,anger
: اغلب مخاوفنا لن تحدث ابدا وهي غير موجوده الي في عقلك .  الذات,fear
: من القطيف قلوبنا معكم ايها الصرخيون ومع السيد .  الصرخي انصف الخلفاء,sympathy
عندما  افتقدك لن ابحث عنك بعيدا بل سانظر الي اعماق قلبي حيث تكون دايما،فليس الحب ان نبقي دايما بجانب من نحب،ولكن ان نبقي في قلب من نحب,love
اكثر شعور مؤلم انك ترسل رساله وتنتظر رد وماتلقاه مع انك واثق بانه قراها طيب والقلب الي ينتظر وش مصيره ؟ هنا تعرف انك ماسرت مثل ماكنت,sadness
كتبت 3 تويتات عن لاعبات الطائره الشاطئيه تقوم صحيفه اسبانيه تلخصهم في: ثقافتين مختلفتين يستمتعان بنفس الرياضه،هذا ما تفعله بنا الاوليمبياد».,surprise
مكافاه بعض الدول للحاصلين علي ذهبيه الاوليمبياد بالالف دولار الامريكي: استراليا 15  المانيا 20   امريكا 25   ج.افريقيا 36   روسيا 61 ..يتبع,none
:   تذكرتكِ ف ابتسمتُ حُبًا . .💜  صباح الخير  اقتباسات,love
الدونيا سيرك و مسرحيه و ناس كتير عينيها عليا :(,sadness
jooryah   جوري مصدقه نعصب من بنات المتوسط ????????  كلنا ضد مريم بيفور58,anger
هجوم بالسكين في لندن يخلف قتيله وعده جرحي,fear
انت مخيف,fear
عن انساانه دخلت قلبي وحبيتهاااا من غير مكلمهااا في حد ذاااته ✋❤  H,love
reem: الوقتُ و الاهتمامُ هما اجملُ و اثمن شيء قد تهديه لشخص تحبّه,joy
غيرتي وياك تخنق بي شعور م يعادل عطف امك ب الضنا لو شالك :رحمها تسعه شهور من ظلوع الصدر انجبتك انا . . .,sympathy
بيقولك السباح السعودي احمد جبريل حصل علي المركز 47 في الاوليمبياد من اصل 47 سباح .طيب الحمد لله انه ما غرقش,none
بس ولادنا مركزين اوي في الاوليمبياد دي ماشاء الله مش هنرجع بكاس دوره الاقصي الرمضانيه من هناك,none
: سيظل احمد زويل رغم كل حاقد رغم كل شامت ..سيظل علما ونموزجا انسانيا راقيا سجل التاريخ اسمه بحروف من النور البقاء لله,anger
مخيــــف : هــوَ الوقت الذي تستغرقه في محاوله استيعاب فكره رَحِيل احدُهم الي الابد o6j,fear
الهام شاهين باحسها زفره زفاره علب التونه المفتته,anger
انا بحب النوم اوي و بحب السرير و المخده :D  ياااااه انه لاحساس عظيم :D  ها انا قادمه يا سريري  تصبحوا علي سعاده و خير ^ ^,joy
كانت ايام..و خلص الاوليمبياد و رجع وقف في محل البقاله بتاع ابوه بمنتهي التواضع..,none
انا حاسه تقريبا ان مفيش حد ف البيت و خايفه اطلع من اوضتي 😂,fear
انا قبل ما الاوليمبياد تبدا قولت ان اسبانيا ممكن تكسب امريكا نفس اللاعيبه بتوع final 2012 و امريكا دلوقتي اضعف من 2012,none
احساس ان الدنيا تسود ادامك كره واحده وتلاقي هموم تقيله وقعت علييك فجاه  احساس وحش اوووي,sadness
حياه مليئه بالقلوب والعلاقات والاحلام المحطمه وفي نهايه الطريق,sadness
نفكنا بقي من الاوليمبياد و قرفه و نتفرغ للدوري الانجليزي,none
: زي لما تبني حاجات كتير من غير اساس قوي و ثابت و فجاه كل حاجه تتهد فوق دماغك، ساعتها ماتلومش غير نفسك.!,anger
علي هامش الاوليمبياد الدول المشاركهعام1896 14 دوله9 رياضات43مسابقه الرياضيين214  اوليمبياد2016 205دوله الرياضيين12500 28رياضه306المسابقات,none
اول مره النشيد الوطني الاردني هيتعزف في الاوليمبياد..,none
: مرعب! صراحه ما عرفت اكمل. اصعب مسار دراجات جبلي في العالم,fear
ليه بس انا مو عارفه احل هالchapter:)؟ معقوله سهل: )؟,surprise
لاحول ولاقوه الا بالله .. كان الله في عونهم وامدهم بالصبر وسدد خطاهم,sympathy
مساء الخير يا اهل الزين كله .. مساء الورد بزهاره وفله .. مساء لشوفكم يفز الكون كله ..,joy
وكل يمني حر شريف سيكون صخره في صدر كل عميل ومخرب او محتل غاشم,anger
والله انه مقطع مبكي رغم انه عدو ما بخلوا عليه في تلقين الشهاده,sympathy
يوماً ما ساجد طريقي للنور والعن هذا الظلام الدامس. محمد عاشور,sadness
الله ياربي مش مصدق الجمال ده كله قاعد يقرا رسلتي انا ؟,surprise
جونيور اجاي ايه بس ... ده غير انه مش المهاجم اللي يقدر يعوض ايفونا كمان هيلعب مع نيجيريا في الاوليمبياد و مش هييجي الا بعد شهر,none
صباح الحريه لاحرار امتي ﻛﻠﻤﺎﺕ ﺗﺒﻜﻲ ﺍﻟﺤﺠﺮ ﻓﻬﻞ ﺗﺒﻜﻲ ﻗﻠﻮﺑﻜﻢ؟؟؟  ﻭﺍﻣﻌﺘﺼﻤﺎﻩ اه يا لكم الله يا اهلنا في...,sympathy
: جعل ابوي .. اللي عن الدنيا فنا ف الجنان : وتمطر الرحمه عليه  الله يرحمه,sympathy
الناس بتوع الروح الرياضيه ولا للتعصب يروحوا يتفرجوا علي الاوليمبياد 😂😂 الاهلي ❤️,joy
لا  والله مش بتتوصف بصراحه زمان من كتر جمالها ما تتوصفش دلوقتي شباب 17 عايز يهاجر منها ومجلس الشوري عاوز يبيع الجنسيه   اوصف مصر ف تويته,sadness
رجعوا حماده انت كدا روش يعني و بتظهر حبك العظيم للدوله؟ و بالنسبه للاخوه السعوديين لو لاعب سعودي رفع علم دوله تانيه في الاوليمبياد عادي؟,surprise
فكره حلوه جدااه فكره الدراجه مع الرساله الي بتقدمها الاوليمبياد للمحافظه علي البيئه و زياده المساحات الخضراء  OpeningCeremony  Rio2016,joy
: ديغو كوستا بلا استهبال ارجع لتشيلسي ????????.,anger
: الانترنت اصبح مكان مخيف يا دادا,fear
احلي شي بالوطن  ديار علي وولاد علي حسين ثم عباس ثم موسي والجواد ثم الهادي والعسكري الحسن ثم القائم المهدي اللهم صل علي محمد وال محمد,joy
لانك منّي وانا منك ، سقوطك يؤذيني جداً يا صديقي ..! — feeling proud,joy
السياحه السعوديه  اماره عسير  المرور  السياحه 3من حيث تعلم او لا تعلم باجراءات اقل مايقال عنها ( غبيه ) منفره و مقززه ومثيره للحنق والغضب,anger
البنات ف الاوليمبياد والرجاله بت جيت سيكسي فور مراسي,none
اعترف اني خايفه 🚶🏾‍♀️,fear
: لا يوجد اصدق … من شخص يسال عنك كل يوم و لا يمل ❤️,love
منت لحظه جت تداريني وتعدي ، انت عمر صرت اعيشه من جديد,joy
انا بحب الاوليمبياد اه بس ان ابويا يتفرج طول النهار ع الجودو والمصارعه الحره ياقهررررررررررررررررررررررررررررررررررررررررررررري  ريو2016,sadness
والله خايف اخشه تاني :D,fear
ميته نوم و خايفه اطلع لغرفتي لان ابوي مسافر ومحد فوق :(,fear
لم اجد حل يحل محل الحال الحالي لحالتي حاليا,sadness
قطر تلعب في ﺍﻻﻭﻟﻴﻤﺒﻴﺎﺩ ﺏ 25 ﻻﻋﺐ، ﺍﻟﻠﻲ يبي يحتل ﻗﻄﺮ ﻳﺴﺘﻐﻞ ﺍﻟﻔﺮﺻﺔ هادي القطرين كلهم ﻓﻲ ﺍﻟﺒﺮﺍﺯﻳﻞ 😂😂😂😂😂😂👊👊,none
تو كنتي تدورين هواش والحين خايفه ازعل,fear
خايفه من درجاتي ذا السنه 😑.,fear
the Tsar     صح صح اقسي عقوبه شي مخيف,fear
شجعوا مصر في الاوليمبياد . الكره الطائره الرجاليه لها نصيب ايضًا . يوم 10 اغسطس . منتخبنا سيواجه كوبا 😊,none
: يا عذب الصفات   احساس خالد عبدالرحمن,joy
3  لكن كعادتهم سيعدون وسيحاولون توريط تركيا بطريقه او باخري في حرب وخصوصا مع وصول الاداره الامريكيه الجديده للحكم بعد الحبشي المجرم,sadness
لااااا مششش ممكن,surprise
المتجسد في ملامح انسان، وجعي .,sadness
الاقبال عالتجنيس الاوليمبياد السنه دي تاريخي،يا نجم!👎😅  Rio2016Olympics,none
احمد الاحمر .. جاي يفتكر ان جيناته زملكاويه في الاوليمبياد .. ياعم ركز الله يكرمك انت المفروض اتقل واحد معانا مش اعلق واحد,none
قطر داخله الاوليمبياد ب 25 رياضي يعني فرصه اللي عاوز يسرق قطر البلد كلها في البرازيل 😂,none
q8:   برد الشّتَا ما منْه خوف الخوف من برد القلوب !,fear
الاطفال ودي يشبعون نوم فالاجازه الله يصلحهم..,sympathy
يقولك المشكله بالجيل الجديد .. اذا الاب مخه مجيم والام مخها طحلب مثلا الطفل مخه بيطلع كورنفلكس مثلا,surprise
3umran: اللهم يا وليَّنا ومولانا ؛ اجعل اهل والمسلمين في حِرْزِكَ وامانِك ، وحفظِكَ وضمانِك 🕋  Syria  Egypt  GCC  KSA,sympathy
عايشه حاله حب معاك وخداني ،،،،، ❤❤❤,joy
اذكروني لها بكل جميل عساها تحن عساها,joy
كل اللي فيكي قرف كرامتنا متهانه .. واللقمه باهانه .. بتخلفينا ليه لما انتي كارهانا ..  فقر و و  ذل و...,sadness
الحمد لله انها هتتلغي الاوليمبياد الجاي,joy
لما تتفرج علي سباقات الجري ورمي القرص في الاوليمبياد.. تتاكد ان الصحه والرياضه احلي حاجه في الدنيا.. بالبلدي العافيه حلوه.,joy
مَش معقول الساعه لِسَّه 8 الا عشره ؟,surprise
انا بحب بطولات الاوليمبياد اوي يا جماعه 😍  Rio2016  Olympics,joy
abushameh: غفوت علي صدرها ارتجي وقف انفاسي رائحه جسدها تنساب في خلايا قلبي ارهق شرايين دمي وعصفت بالحب افئدتي  ديوان الياس…,love
:     shosho اني عكسكم خايفه 😶,fear
• . لا حبك اخترته ولا اخترت فرقاك . الحب صدفه والفراق اختيارك . .  صباح الخير,love
مبروك للكويت اول ميداليه ذهبيه في الاوليمبياد,joy
داعيه الماني يهدم اساس الدين المسيح في ثواني,surprise
اعشَقُهُا  عِشق لمْ يَعشقه عاشِقٌ  معشوق لـِ معشوقته في تاريخ عشِق  العاشِقين 😍,love
كوسوفو  KOS في طريقها لتحقيق اول ميداليه في تاريخها في اول مشاركه ليها كدوله مستقله في الاوليمبياد .. في نهائي الجودو  Judo,none
الحمدلله علي الافلام والاغنيات والقهوه والكتب. تنجيك من الواقع.,joy
قطر شاركت في الاوليمبياد بالشعب القطري + ثلاثه ارباع البعثه من المجنسين.,none
دايم يقولون اذا تبغين  شخص يحبك ضحكيه  المشكله كل ما يضحك ، انا اللي  احبه زياده. 😴❤️  هيام,love
عصام عبدالمنعم:بالتاكيد نشيد بما حققه الابطال المصريين في الاوليمبياد.. ولكن يجب ان نقول ان ما تحقق غير كافٍ  السوبر عصام عبدالمنعم,sadness
البكاء امام الله  حُبّ   ~ <3,love
انا وﻻ انت؟ مين ضيع حبنا بايديه..,sadness
انتوا ازاي قدرتوا تحدوا من النسل في البلد المهم العميد دا رد عليه بيقوله احنا نقصنا بنسبه 300 مليون نسمه في خلاص 3 سنوات الاخ...,surprise
البارحه من طاحت العين بالعين ماذقت انا الراحه ولا ارتاح بالي            بسباب غرون يافهد كامل الزين غرون صغيرن بدلع مايبالي   ❀♩ ρlɺɹɹɹ Iɹ̤,love
ليه يعم هي الاوليمبياد بتقفل ؟,surprise
: قصه حزينه ومؤلمه جدا صيغت بمنتهي الدقه والامانه وكتبت بمشاعر صادقه واحاسيس متعاطفه مع الشهيد باذن الله محمد.,sympathy
خايفه تصير مصيبه كبيره اذا عرفت,fear
يا عمري خايفه من الحين,fear
alseraji: رجال  اليمن في الشرفه   نجران تدمير دبابه ابرامز بمن فيها    زامل لو فيلهم ابرامز ما اباليِ احنا مع الله طير ابابيله,anger
امريكا وصلت للميداليه 1000 وحاجه في تاريخها في الاوليمبياد.,surprise
انا خايف في النهايه 🐸✋ بشه يطلع المسيح الدجال 😂😂😂,fear
ننسي كل الم وكل زعل من اجل من يحمل شعار الوطن نعم حزنا وانكسرت قلوبنا لكن انتم منتخبنا سندعم ونقف معكم ولن نتركم اسبوع لعيون ابيضنا الغالي,sympathy
: صباح النجاح والتميز والابداع    السلام يبدا بابتسامه مع   ناصيف زيتون   طول اليوم بحبك انا صباحكم عسل,joy
KSA   قبل لا تتريق يا الفله شف وجهك اول وبعدين وش دخل ال سعود في الموضوع,anger
والله اني خايفه من المعيوف راح ناكل تبن معه .,fear
😍 دي مش فوتوشوب ع فكرا✋,surprise
رُبَّ ٍ ليس تنَدي جفونهُ وَربَّ كثيرِ  الدمعِ غير كئيبِ  المتنبي,sadness
hawary وداعا رافت االهجان وداعا الفنان الاسكندراني الاصيل  الله يرحمه,sympathy
احنا غلابه اوووي لدرجه اننا فرحانين بمداليتين برونزيتين ف الاوليمبياد 😂,sadness
! الجزائرين ضيعوا التعادل,surprise
و هيا توصيني ان امسكها من يدها كٍ لا اضيع وهيا تدري ان من يوم ميلادي اني في بحر ضائع  اليوم,love
تفضلوا ايران تُصرح الان يقولون:لديهم يقين راسخ بان الارهابين من استعمل الكيماوي (هل انبئكم علي من تَنزل الشياطين تَنزلُ علي كل افاكٍ اثيم),anger
بيطلع في الاخير حلم,sadness
احلي شعور لمايجي طاري احد تحبه وكلهم يلتفتون عليكِ يعني انه لك انتِ☺️ ذس از املاك خاصه هاتو الرشاش طلقتين لعيون 😂😂,love
Mee     ههههههههههه كل دول عيالي اصﻻﻻﻻﻻﻻ :D,joy
دحلان يهاجم مذيعه الجزيره خديجه بن قنه  السبب/انها نشرت له فيديو قديم وهو يجتمع مع الصهاينه لاغتيال المجاهدين.,anger
انت عارف ليه بحبك ليه و حبك ليه بيحلالي علشان بتكون عاشق مجنون و حبك ليا مالي الكون و بتبقي بريء ساعات و جريء ولا قلبي عليك بيهون,joy
اللهم الطف بيهم يااارب,sympathy
صدقتيني.. اهه موضوع العلم اللي ما يزيدش عن خمسه سنتي في تلاته سنتي اهم من الاوليمبياد كلها,none
انا مش مهمه عند حد فا ليه اخلي حد مهم عندي مهما كنت بحبو ؟,surprise
وكذلك لو كان قاده الفصائل المقاتله بسوريا حكماء لمااطال تشرذم مقاومتهم من عمر  حلف الرذيله بقياده بوتين..,anger
والله بخاطري بس خايفه😂😂😂😂😂,fear
انا بعد خفت من خوف القط 😅 .. 💎,fear
يستاهلون حماه الوطن كل خير قدموا ارواحهم فداء للوطن  اللهم احفظ جنودنا البواسل     راتب شهر للمرابطين في الحد,joy
يعني ياجدع ربنا كرمك ورايح الاوليمبياد ارقي حدث علي وجه الارض تقوم تصغر نفسك وتصغرنا كده ليه! ليه يارب مبتلينا كده بس.,sadness
اقسم بالله انك ماتدري الحين اختك وين ولا اهلك كلهم واضح وضع الديوث بن الديوث تفو علي شرفك اللي ماتعرف وين ضاع  كلنا ضد مريم بيفور64,anger
من هنا بعلن اعتزالي متابعه الاوليمبياد النحس دا :D,sadness
الاساس في الموضوع المشاريع ده الغرض الاساسي و ان الاوليمبياد حدث يجمع الناس,none
واحنا كزملكاويه هنتفرج علي افتتاح الاوليمبياد علشان نشوف احمد الاحمر وهو شايل علم مصر في الافتتاح,joy
حسام بكر طلع؟ كده المصريين ودعوا الاوليمبياد,none
متخيل كميه البؤساء اللي بقينا فيها...ابطال الاوليمبياد مفيش علي لسانهم الا كلمه اعداء النجاح  ساره سمير  محمد ايهاب.. بلد تدعم الفاشي  مصر,anger
خايف اوعدك ماوفيش : ),fear
حازم. عبد العظيم. ؟؟؟؟؟!!! هل. هو. مصري ؟؟ هل ابوه. مصري ؟؟ هل امه مصريه ؟؟ هل جده مصري ؟؟ لا. اعتقد مظنش مش. ممكن مستحيل حازم عدو مصر!!!!!,surprise
ipy   ممكن بس مستحيل الكل كده انا شفت سعودين متعاطفين معكم ومؤيدين لكم,sympathy
86: كان الله في عون اخواننا في  يوم الجمعه  ادب الشوارع,sympathy
ليه متردده انتي خايفه مني,fear
رمزي خالد ماهو الا ابتلاء هيكمل اللي كان بيعملوا حازم امام فينا,anger
معقول ؟! لا,surprise
مستحيل تحب شخص من دون مايراودك شعور خوف ، انك تخسره او يصير انسان ثاني .,fear
ابشركم وابشر  العريفي ان المعيسلانه تزوجت وجابت ثلاث .. بلغوا  القرني البشاره .. ولا تنسوا كل دجال منافق ????????,anger
:  مصر  pt هتاف  الداخليه بلطجيه متواضع جدا قياسا بمدي بشاعه الواقع:  اهم جهه ساهمت   بشكل ممنهج   في نشر نموذج     المواطن ا…,anger
بالظبط كده😂.. هما ثلاثي هجوم البرازيل مع نيمار في الاوليمبياد، عيال حلوه تابعهم,none
الحمد لله اول ذهبيه مصريه في الاوليمبياد لصاحب اجمد تعريصه مبروك  حماده طلعت,none
عبد الخالق البنا يحقق اول انتصار لبعثه  مصر في الاوليمبياد ويصعد الي الدور ربع النهائي في مسابقه تجديف فردي رجال,none
بدونك لا طعم لوجودي…!,joy
بس كره القدم في الاوليمبياد بتبين مواهب كتير تحت السن ممكن مانكنش عارفين عنها حاجه وطبعا الالعاب الفرديه مهمه جدا,none
بمناسبه الاوليمبياد انا مره حلمت اني رحت الاوليمبياد و كسبت ميداليه دهب و رجعت ، بس الحلم موضحش كانت لعبه ايه,none
انا هحضر المحاضره بمنظر امي دا ؟؟,surprise
فقط في  الحُب تُسيطر العاطفه علي جميع القرارات ..💕,love
اسُوء مَا تُمر بَه   انْ تَبحثُ عَن مُبرر لِغِياب مِنْ تُحبّ وَلا تُجد .  خواطر  سهر  استغفار  الشتاء,sadness
حلمت ان حد كان راكب في صندوق عربيه نقل وماشي علي طريق المريوطيه بشعله الاوليمبياد وكانت مطفيه 😂,none
عيني عالفوق كتفه هموم جبلين  هندسه,fear
الاوليمبياد تبدا. بالتوفيق لبعثه مصر وتحسين الحصيله بتاعه لندن ب 4 ميداليات فقط. علاء ابو القاسم سلاح الشيش باذن الله يخطف ميداليه.,none
8   kuniv امتحان ارض وكون لفوزيه الرويح طبيعي 7 صفحات ؟! كلها اشرح و اكتب و و و و .... ؟!,surprise
الكويت ممنوعه من الاوليمبياد ليه؟,surprise
ksdef ذي طلاسم اللي انت كاتبها ولا وش ليش كل اللي يعززون لروضه مثلها مايعرفون يكتبون ولا الحساب واحد ????  كلنا ضد مريم بيفور65,anger
حلب عفرين  اعتقال عشرات الشباب من قريه باسوطه في ريف عفرين من قبل قوات YPG وهروب العشرات منهم خوفاً من سحبهم للتجنيد الاجباري .   انتهاكات,sadness
الاوليمبياد يا مسهراناااا,none
بموت😭😭😭😭😂😂😂,joy
انها فوبيا الاخوان اصبحوا شماعه كان الله في عونهم من ظلم القاتل والطاغيه العميل المجرم السيسي الكلب,sympathy
السيول اعلنت وزاره الصحه والسكان مصرع 26 شخصاً واصابه 72 اخرين حصيله الامطار الغزيره والسيول في عده محافظات .  الشعب بيصرخ,sadness
: الهي بحق فاطمه وابيها وبعلها وبنيها والسر المستودع فيها انتقم من السياسين الذين سرقوا الشعب العراقي  حاكموا السراق,sadness
فيلبس احرز لوحده اكثر من ما احرزه العرب علي مدار تاريخ الاوليمبياد,none
تصدق انت ضيق الافق ، اهو بسبب رفعه العلم الصغيره دي هناخد مكافات باسم الاوليمبياد من السعوديه لما اللاعيبه ترجع ، غشيم.,none
نحترم كل من قال نعم و كل من قال لا ، تغطيتنا لروجر ستستمر بالفيديو و الصور ان شاء الله ، الاوليمبياد ستكون تجربه جديده لنا ، سنري النتائج,none
يومك.سعيد.باءذن.الله طيبه.القلب. ربنا.يجعل.في.وشك.جوهره.ولسانك.سكره,joy
11: تحالف المؤتمر وانصار الله : هو الشوكه التي قسمت ظهر السعوديه  هو من هزم اكبر تحالف عالمي بالقرن  هو من تمسك بـ اخر معالم الن…,anger
allh199 الله يوفقهم وينصرهم ويثبت اقدامهم,sympathy
اقول للعين يوم الفراقِ، وقد فاضت بدمع علي الخدين مستبق تزودي اليوم من تودعيهم نظرًا ففي غدٍ، تفرغي للدمعِ والارق,sadness
الاوليمبياد لو بتطول اكثر بتخليني اخسر نص متابعيني,fear
و هما بيقدموا البلاد المشاركه في الاوليمبياد: في بلد اسمها دومينيك و بلد تانيه اسمها دومينيكا.. انتوا بتبنوا دول من الزهق ولا ايه !!,surprise
لا تخف ابداً ان ترفع صوتك من اجل الصدق و الحقيقه و من اجل التعاطف ضد الظلم والكذب و الطمع لو فعل كل الناس ذلك سيتغير العالم,sympathy
ههههههههههههه  سعيد الهوا,joy
لا تقول انك ضد مريم و انت تتابع حساباتها و ما حظرتها  ما تجي (ضد) و (مع) سوا         خليك واضح و حدد موقفك  كلنا ضد مريم بيفور51,anger
:  معاك يالاخضر كلنا قلباً و ً مع المنتخب في اصعب اللحظات و باذن الله يقدمون مستوي يليق بتاريخ المنتخب السعودي 💚,sympathy
في الاوليمبياد لما باتابع الالعاب الرقميه و اشوف الارقام اللي بتتحطم باسال نفسي سؤال هل في حدود للامكانيات البشريه؟,surprise
مش الفكره والله انا اقصد ان الاوليمبياد اهم حدث في العالم مش سبب انك تجيب ماتش مفيش 7 هيتفرجوا عليه وتقطع بث الاوليمبياد,none
الله يستررر دجاج فاسد بكل هذه الكميه الهائله الموضوع فيه غموض الموضوع,surprise
: السنديانه الفلسطينيه كما كل سنديانات يقول : بٓحْبي حٓبي بس اروح فلسطين. لكم الله ايها  الفلسطينيون اللهم عليك بالمتا…,sympathy
واراك من خلف الستارفاحتفي واقول جاء الحب جاءالحب ياوالدي ان عدت للبيت انتشت ارواحنايبقيك فيناالرب 🌹,love
.. هي وصلت لكداا,surprise
اللهم ربّ الاعين والقلوب لا تُريني فيما احب الا ما احب  يارب..,love
مشكلتي الاكبر ف ماتش بكره دا اني خايفه ان حسام يمسكنا لو خسرنا ولا تتمحور حوالين ال3 نقط اللي هيجيبوا اجل الفرقه واجلنا دول ف المقام الاول,fear
: من كتر المشاريع والفعاليات اللي بيقوم بيها الرئيس السيسي ...يخليك تحس ان باقي الرؤساء عندهم بطاله,joy
و احنا مش هنستضيف الاوليمبياد بقي 🤔 لا اوليمبياد ايه احنا مش وش الكلام كده 😂 نحلم علي ادنا ✋ احنا مش هيكون عندنا نت نضيف بقي 😏,none
مبتتكسرش في الاوليمبياد حتي  انما الاوليمبياد اعظم تجمع رياضي في العالم من غير نقاش اكيد,none
مراكز الكلي مش لاقيه لوازم وبتقفل الادويه اللبن المحاليل والفلاتر مرضي الغسيل الكلوي حيموتوا االمرضي اهم كتير من العاصمه الاداريه,sympathy
: احياناً نصادف شخصاً ونجهل ان كان سيعني لنا شيءً بالمستقبل .. ولكن ينتهي بك الامر انك تريده ان يبقيَ بقربك دائماً..!  ا…,love
: يا حي ياقيوم ياذا الجلال والاكرام! فرّج عن اهلنا في ، وارفع عنهم الباساء والضراء، ياارحم الراحمين ويااكرم الاكرمين…,sympathy
الفيمتو ثانيه هي الزمن بين ان حد يقول علي تويتر ان في لاعب مصري بيلعب في الاوليمبياد وان نفس الشخص يقول ان اللاعب ده خسر!,none
اللهم في هذا البرد انزل علي جنودنا المرابطين دفئك ورحمتك وسكينتك و احفظهم بحفظك ✨قلوبنا معكم ✨,sympathy
hussen تسلملي يا شيري انتي الاحسن يا جميله وان شاء الله سنه سعيده علينا جميعا ❤❤,joy
alnssr:  استشهاد طيارين سعوديين   الشهيد باذن الله الطيار محمد الحسن    العزيمه والاصرار علي ردع المعتدي في احد تغريداته,sadness
انا تقريباً كل ما بتفرج علي لاعب مصري ف الاوليمبياد بنحسه وبيخسر .. العيال بتبقي ماشيه زي الفل اول ما افتح القناه الاقيهم بيموتوا خالص 😅,surprise
طب الاوليمبياد هتخلص يوم 21 اصلا,none
193: الطفل؛ يحتاج الي حضن يضمه يحتاج الي عطف وحنان ورحمه من يعطيه اياه سيملك قلبه ان الام ليست ام ان لم تعطيه اياه.,sympathy
يَا مرايَتٌيَ .. قلُبْيَ تٌعبْ عنْجٍدِ منْ گلُ الُقصٍصٍ,sadness
مثلي الاعلي مات.. رحم الله احمد زويل.,sadness
ابقي تعالي كل يوم XD,joy
اكتر حاجه بتاثر فيا فعلا ان اشوف حد من الاوليمبياد يتصاب متخيل الجهد الي بذله طول السنين الي فاتت عشان حلم يضيع في ثانيه واحده بس !,sadness
الحب للاحزان و التوهه للانسان و الياس للاوطان,sadness
المنسي 😂😂هيخش الاوليمبياد ويحقق رقم فيلبس 😂😂,none
com مبروووك للاخ محمد عبدالله بن مقبل بمناسبه الترقيه يستاهل كل خير,joy
الساعتين دول معرفش عدو عليا ازاي . بس الحمدلله اني لسه عايشه.,surprise
هو مش اعتراض علي خلقه ربنا خالص .. بس هو ازاي !! بس دي عامله حواجبها بالفلوماستر باين,surprise
ربنا يزيد من قتلي الشيعه والمجوس والروس الكفره,anger
خايفه انام واقعد القي السبت,fear
Retweeted نبيل علي العوضي ( ):  اعظم من تَشكي له همَّك وتبث له حزنك وتفرغ اليه غمك... الله ﷻ...,joy
من بين مجاميع زفه عفش العروسه اللي راحوا يمثلونا في الاوليمبياد اتنين بس فلتوا من الكمين شكرًا ليكم  ساره سمير,joy
عارف الاحساس ده   لا مش عارف  طب اتنيل اسكت وروح نام  قمه التفاهم مع اخويا هههههههههه,joy
• ان الله يحب التوّابين • لن تجد اجمل من هذا ..,love
هذا الشخص عقيم، وباذن الله تحرير صنعاء قريب، عندما تحين ساعه الصفر سنراك صغيراً ذليلاً تلطم يا حسين يا حسين.,anger
:   اما خايفه انا اصحي علي مصايب تانيه 😂,fear
تدرون وش اصدق من الدمعه علي خد اليتيم بسمه عقيم تلعب بحضنه بنت اخوه  الاطفال,sympathy
التخصص الوحيد الذي لن تجده يدرس في جامعات الدنيا هو “الاخلاق” قد يحمله عامل النظافه ويرسب فيه ذوي الشهادات العليا !,surprise
كوريا الشماليه اللي بيتقال عنها انها منعزله بلا نت ولا فضائيات .عندها رياضيين بياخدو ميداليات في الاوليمبياد ..يتبع,none
: طب ما احنا جبنا علي معلول ليه ما عشان كدا  ربنا يسهل بس ونشوف حد مكان فتحي ده البارح مش عايز يتصاب كان هشيلني ????,anger
قطر داخله الاوليمبياد ب 25 رياضي يعني فرصه اللي عاوز يسرق قطر البلد كلها في البرازيل 😂😂😂😂,none
911:  تعزيه باسم  قبيله ال عوض نتقدم بالتعزيه لـ قبيله ال لبيد في وفاه الشيخ ؛ ناجي ابن الشوصاء ال لبيد  الله يرحمه  ال عوض…,sympathy
الحل هو الحب. ان تعيش حياتك مع من تحبه ويحبك. ان تحيط نفسك بمن تحبهم ويحبونك. ان تعطي الحب لمن عرفت ومن لم تعرف. ان تزاول ما تحب.,love
بيحرقني قلبي لما شوف مراه خايفه من خساره اولادها و عم تتهدد فيهن,fear
، وما  حُب الديار شغف قلبي ولكن حُب من سكن  الديارا ،  الججهرا,love
ALsaif ???????? ايش الاستهبال  هذا ايش دخل اووم ام ابو الهلال  شماعه لكل اخطاءكم واخطاء العالم؟   مطار دبي  مشكلته اكيد من الهلال لاتنسو,anger
انا متفرجتش ع كيرمت وماتفرجتش ع ولا حلقه من هاو اي ميت يور ماذر اللي وخداه من يحيي من 3 اسابيع وماتفرجتش ع سويني تود انا بائسه فشخ حرفيا!,sadness
طلعت من اختبار و اكتشفت اني غشيت جواب خاطي و الي كنت كاتبه انا صحيح 💔,sadness
: المدير شوه سمعه تلميذه وعلق ورقه طردها علي الحائط متهماً اياها بتعاطي المخدرات!,anger
اوردغان جاله هسهس وعامل زي الكلب السعران  ولازم يضرب بالرصاص خوفا علي ماتبقي من تركيا  مجرد نصيحه,anger
تشجب العلماء مايحدث من قتل في بلاد الغرب ..وهل شجبت قتل المسلمين في سوريا والعراق وليبيا..ام انها تكتفي بالاذكار,anger
احسن حاجه ان مصر مش بتنافس في الاوليمبياد يعتبر الواحد بيشجع كل البلاد براحته 😂😂,none
بنات مصر مشرفينا في الاوليمبياد,joy
حفل افتتاح الاوليمبياد ممتع,joy
احمد عادل غير والله .. ع وضعك ربنا يحميك ومستواك يفضل فوق كده ????????????,joy
وللحبيب شوق تفوض منه العين فتفضح ذاك الاشتياق من اول نظره مساء العشق مساء الحب 😍😙 عبود النزقه✒  بوح اشتياق  بوح ماله وقت,love
:  كيف نواجه الازمه الاقتصاديه نقوم بتصدير التعريص والجدير بلذكر ان  مصر  تمتلك نص احتياطي العالم من التعريص,anger
خايفه الصبح لما اجي نازله واركب تاكسي لما يجي يقولي الاجره اطب ساكته !,fear
انقذوا اطفال السرطان المجد لالامهم لبراءتهم لكل صرخه اه منهم كان الله في عونهم 💔,sympathy
هو عندما تجلس الي جانب شخص ما ، دون ان تفعل شيئاً ، ومع ذلك تشعر بسعاده غامره,love
رمزي خالد ده طري اوي تحس انه محرج مكسوف  انشف كده يلااا,anger
خطف ايه دي عايزه حد يخطفها من الاوليمبياد كلها ويرجعها مصر اساسا بالرقم ده,surprise
Abo EzZ هههههههه قلب الام ^ ^ حبيبتي,joy
من الحين خايفه اصير نفسهم😂🙂,fear
يغني احنا بنخسر من طوب الارض من بدايه الاوليمبياد لكن نخسر من اسرائيلي عيب وحرام  Rio2016,sadness
ديما نقوللكم فيه ناس من كثر الاكتئاب لعندهم يتمنوا لو انهم انخلقوا حيوانات ما حد صدقني,sadness
الاوليمبياد كانت عباره عن باص من تريكه يوصل صلاح بالجول وجول البرازيل وشاره الكابتن .. وحشتنا ياعم :)),none
قصدك علي شاهين. لا و الله هو يغني كل الالوان مش متمسك بلون غنائي واحد .. الحمد لله لمع في كل الالوان مغربي جزائري فرينش صيني ^^,joy
2: يا رب ابعث والدّاي مبتسمين ضاحكين واسقهم من كوثر الجنه واجمعني بهم تحت مُستقر في الفردوس الاعلي من الجنه .,sympathy
خايفه من اتفه الاسباب 💔,fear
بفيلم الرعب البيت بيكون مسكون ينتقلوا منه فوراً بيخلص الفيلم وبنرتاح مابفهم ليش بيضلوا فيه 😖,fear
: هو ان لا اعزلك عن العالم الحب هو ان اتركك بالزحام .. وانا اثق تمامًا ان قلبك لي ..  حبيبات حب,love
: عبارات من احدي مخادع مرتزقه  ايران عبيد الاسد بمنطقه  الراموسه بعد تحريرها عايدي  المقاومه السوريه  ملحمه حلب الكبري ht…,anger
: شمع ايه يا عم منير في الحر ده  هي ناقصه فرهده يا اخويا؟!!!,joy
بحضور نيمار  منتخب العراق يجبر البرازيل علي التعادل    ويعزز حظوظه في التاهل للدور القادم في الاوليمبياد العراق 0 0 البرازيل,none
:  هزاع بن زايد قدوتي وعزوتي    عسي عمرك طويل سيدي وتاج راسي,love
يا جماعه اللي عايز يتابع المصريين في الاوليمبياد يعمل سيرش Egypt Rio 2016  ريتويت,none
حفل افتتاح الاوليمبياد بدا دلوقتي 💡,none
مبروك ليفربول ، دافع عدل ب اخر عشر دقايق ، فينغر صلح اخطاءك ولا بتاكل نتائج اكثر من 4 ????,joy
اي بهلول ييجي يكلمك علي موضوع الاوليمبياد قوله يا  عرص مصر دخلت قبل السعوديه ب100 رقم يعني مستحيل يكون العلم كان واقع.  مصر بترخص,anger
ولما نحب نوصف الكائنات اللي بتبرر للشخص اللي رفع علم السعوديه ف الاوليمبياد ..منلاقيش حاجه توفي حقها ف ال......................:!!,none
: انجازات مريم حسين الفنيه شفشفت سعودي غنت اغنيه من شفته(خايسه طبعا) مثلت بمسرحيه(سفل فيها طارق العلي) نفخت مكوتها   كلنا ضد …,anger
:   الله معكم يا رجال,sympathy
وفريق السباحه التوقيعيه اللي كل اوليمبياد يطلع ياخد الاخير وبرجع ده...الاوليمبياد دي عمل طفره الحقيقه وخد قبل الاخير😅,joy
وكيل جابيجول: سنجلس ونتحدث عن مستقبله بعد نهايه الاوليمبياد. عرض الانتر هو ثالث عرض رسمي يتلقاه سانتوس لشراء جابيجول.,none
nashi غاويين يتعبونا علي طول,anger
: السلام علي المحبين الذين ناموا في ساحات الوغي السلام علي الارامل السلام علي الثكالي السلام علي الايتام سلام الله عليكم…,sympathy
اخي لتعلم فقط ان جهاد النكتح هاذا افتراء علي اهل السنه وتزوير ولاحتي داعش تفعلها هذه المصطلحات اخرجها الشيعه لكي يشوهو الاسلام,anger
وداعٱ يا شيخ حسني وداعٱ يا ساحر 😢  محمود عبدالعزيز — feeling sad,sympathy
احنا ليه بنخاف من الميتين؟ هايعملولنا ايه مثلا؟,none
تركي العواد يسيء للسعوديات مشكله اذا الكاتب يتكلم عن المحيط اللي حوله والبيئه اللي عايش فيها يعتقد ان البقيه مثل كذا ؟! انسان قذر,anger
حقيقه بجد ؟,surprise
: الحدود مشتعله اليوم . الاباتشي تضرب علي حدود نجران ، والمدفعيه تضرب في محور حرض ، الله يقويهم ويسدد رميهم .,anger
يازمان العجايب وش بقي ماظهـر كلِّ ماقلت هانت .. جد علمٍ جديـد ان حكينا ندمنا وان سكتنا  البريد والاوامر الملكيه,sadness
واحد صاحبي بيكلمني بيقولي معاك سيكشن ضغوط منحنيه   !!,surprise
yasser صباحك بيضحك باذن الله,joy
مايكل فيليبس هيلعب اخر ماتش ليه في الاوليمبياد كمان شويه 😄😄,none
ومش علشان شاركوا في الاوليمبياد هينتهي بهم الامر يكونوا هواه او محترفين,none
هو علم السعوديه كان بيعمل ايه في طابور عرض مصر في الاوليمبياد؟ كيف تسلل هذا العلم فكرا قبل ان يرفع باليد هذه اهانه مع الاحترام للبلد الشقيق,sadness
: بعد 5 سنوات من دمار وتهجير وقصف وترويع اري فئه تصنف السوريين بانهم ارهابيين لدفاعهم عن انفسهم   ملحمه حلب الكبري  فك الحصا…,anger
مشاعري بالليل عاطفيه بشكل مخيف وغريب,fear
داخله الاوليمبياد تتشقلط وتتبقلش وتيرجع 😂  اوصف مصر ف تويته,joy
حوادث : حادثه خطيره بين مدينه العيون والمرسي( لبلايا) اصيب فيها السائق(  بريزونطا ) بجروح خطيره ادت الي وفاته في...,sadness
كنت هفضل كل ده مستني ايه ؟؟  حب ايه اللي انت بتدور عليه بعد الغياب ده مفيش عتاب اتهز ليه  عمرو دياب,anger
يبدو ان الروس طفح كيلهم من السياسه... اقتصاد سيء جدا، خساره في سوريا ويريدونهم الاستسلام في اليمن... ثقيله عليهم!!,anger
df: ابتسمي فهُناك من يلتقط انفاسه حينها,love
ياكابتن ازاي بس؟…,surprise
الاوليمبياد الجاي بنسبه 90% هيبقي من غير فيليبس وبولت وحاجه حزن الحزن,sadness
مصر خدت 28 ميداليه بس علي مدار تاريخ الاوليمبياد ، معظمهم قبل سنه 60...نفسي الناس تعيش الواقع بقي,sadness
احس اني خايفه بس من ايش مادري.,fear
فيليبس و الدهبيه 24 في اخر سباق له في الاوليمبياد,none
رفع علم السعوديه في افتتاح الاوليمبياد لاعب مصري,none
: عصابات الاسد تشعل  داريا كانها جهنم  باذن الله ستبقي شوكه في حلق النظام وجهنم تشوي وجوه اعوانه,anger
:  منك لله تقولها لمين  لكل حاكم ظالم لكل مطبلاتي هجاص عايش ع الكدب و التضليل  منك لله,anger
يسري قوطه ده متسلط علي مصر هو مش غغر وبيشتغل في قناه المانيه ما يتنيل يركز  مع المانيا,anger
: بعض اهداف لاعب الهلال الجديد الفيس  كفو وجه السعد نواف بن سعد  الرئيس الافضل بالسعوديه يارباااه جناح سوبر ستار,love
هو ليه ميعملوش الاوليمبياد كل سنه؟!! الالعاب الشهيده دي حقها مهدور فعلا,surprise
يا قبلتي في صلاتي اذا وقفتُ اصلي ?,joy
ياحبيبي احبك والقصايد دليل كل بيت كتبته في عيونك غزل. : بيت شعر لدرب الحب لجلك يميل وقبل شوفك قصيد الحب ماله امل,love
:  تهجير قسري لقبائل جيزان اليمن مقبره الغزاه قلنا وعدنا اليمن فيها رجال يدافعوا عن انفسهم التدخل في شؤن غيرنا حماقه,anger
مش ممكن مش معقوووول علي الاثاره الحريه تسجل الهدف الثااااني في مرمي المنصوره,surprise
ضحك البنات حكايات و ضحكك حكايه لوحديها ..,joy
اخر شخص في العالم جلس وحيداً في غرفه فسمع صوت طرق علي الباب,fear
مصر خسرت في كل حاجه انهرده في الاوليمبياد، جودو وطايره ويد وطايره شاطئيه، لو في بلي انهرده كنا خسرنا بردو  يلا ريو,sadness
:  خربت ياسيسي انتم خايفين تعلنو افلاس مصر  ليه كل اسبوع تاجله الخبر ماكدا كدا خربت واللي كان  كان????,anger
خايفه من عالمكم اللي مدري كيف صاير .,fear
عمر ماهتقوم ثوره جياع في مصر لان الجعان مشغول باللقمه اللي هتسد جوعه لكن هتقوم ثوره بلطجيه الا اذا دعمت الحكومه المخدرات,anger
خرجنا من الاوليمبياد واحنا كسبانين السويد ومضيعين مكسب البرازيل وخسرانين من اقل فرقتين في المجموعه,sadness
جمالها يالله !!,surprise
: • قُربكِ سَلوي وموطنُ امان .. ???? وذراتُ طُهرٍ تنعمُ بِها روحي ???? ، اتمني لكِ واسمي الامنياتِ جنان .. ????.,love
حفل افتتاح الاوليمبياد علي نايل سبورت الساعه واحده صباحا  ريو دي جانيرو,none
اهم شخصيات 2014 :   عبله كامل  الضفدع كيرميت  مرتضي منصور,joy
ابطال مصر الفائزين بالميدليات البرونزيه في الاوليمبياد احلي تحيه للابطال,joy
بانتظاركم غدا  يا احباء في مدينه  غانت الجميله  بلجيكا في ليله  نغم و  شعر Join us…,love
انا خايفه جدا,fear
:   Alhdwe الله يحفظك ويحفظ زملائك الابطال والله يردكم لاهاليكم سالمين غانمين منتصرين مانسيتكم من الدعاء معكم بقلبي,sympathy
نادي سموحه بيسلم علي دوار نادي الفروسيه فالدوحه وبيقوله الاوليمبياد بخير ومبتتعاطاش اي منشطات وجاهزين 💂🏿👵🏽,none
: اذا ضحِكَت اضاءَ بذاكَ قلبي وعيناها وعينا من راها ومجهولٌ اذا شرِبَت اتَروي ام الاكوابُ من يَروي صَداها  القريض,love
: هذا خسيس يقذف الحبيب المصطفي حسبي الله عليه  امجد طه يقذف النبي والسعوديات,anger
حتي عيونها كانت الغزال تغااار من عيونها،الغزال يقول من وين لك هذي العيون،هي ترد وتقول حبيبي منصور ساكن فيها،اكيد بتكون حلوه وذربه.  غزل.,love
:       شرف مؤدب,none
مصر اول دوله عربيه تشارك في الاوليمبياد سنه 1912 واكثر الدول العربيه حصولا علي الميدليات برصيد 26 ميداليه اول ميدليه ذهب للسيد نصير عام 1928,none
: انتظرنا بالشارع مده ساعتين في رعب و خوف لما رجعنا لقيناه نايم حتي ما فكر او خاف علينا وتحكوا ان ولي الامر ما يظلم! 14 عمري !…,fear
ماشعورك لوكانت ابنتك اواختك تموت جوعا بين يدك والقهر والحزن ياكل قلبك ولابيدك حيله  تخيل 💔  SiegeKillsYemenis,sadness
: بعض الكلمات ترفض الخروج .. ليس لانها صعبه ولكن خوف الندم,fear
وفد من مجلس الشعب سافر البرازيل من يومين بحجه مؤازره البعثه المصريه في الاوليمبياد الي 90% خرج ، ده علي حساب مين؟,surprise
vivovivoo   انا متعاطف من البنت لاقصي درجه,sympathy
:   نحن مقصرين بحقهم لهم الكثير علينا ﻻكن ﻻنملك لهم غير الدعاء نسال الله العلي القدير ان ينصرهم علي الاعداء بحق…,sympathy
خايفه يجبّرني الحنين اكتب لك رسِاله،ويرجع يكسْرني بروُدك.,fear
في الجودو هي اعلي حاجه حتي اعلي من بطوله العالم ، بطوله العالم مهمك نييييييك بس الاوليمبياد اعلي,none
هذا هو الحب ما اعظم قلب الام.  اجمل ماقيل بالحب,love
اندري ديجراس الكندي حقق برونزيتين ( 100 متر + التتابع ) و فضيه 200 متر في ريو ، هيحقق الذهب في طوكيو لو بولت اكتفي بعد هذا الاوليمبياد .,none
يارب يرفعوا اسم مصر بادائهم واخﻻقهم  شجعوا مصر في الاوليمبياد,none
nada خايفه انهم ما يرجعوش زي الاول,fear
rm: لمّاظهُ بحُبِكَ انا : لا املُ ولا يتخللني ريب و كُنت لي الهدايهِ بعد تلك الغوايهُ..!  غــرامَ,love
انا اخش اتفرج ع الاوليمبياد احسن والله .. 😂😏,joy
1:  اناظرها واصد عنها..خوف من هالحب لا يفضحني,fear
كان نفسي اتفرج علي الاوليمبياد 😞,sadness
تكلفه الاوليمبياد اكبر من قناه السويس الجديده وميزانيه مصر كلها,surprise
كان الله في عونهم ،احدي الحالات بنت ،، انا اللي استلمت حالتها ووضعها مستقر صياح اقاربهم مفزع💔💔 الوفيات اكثر من كذا,sympathy
حينما تحب شخصاً .. تاخذه بكل ما له و ما عليه .. تاخذه بماضيه وحاضره .. اما ان تاخذ كل شيء او لا تاخذ ايّ شيء !,love
يداعبُ عيناها سهراً يخالطه عشقاً فتبقي اسيرهَ صمتٍ لاينطق تُخفي شوقاً كي لاتتالم تخشي وهي عاشقهٌ متيمه .,love
ابناء سلول في الاعلام المصري قالوا انها علاج فرعوني استخدمه الامريكان في الاوليمبياد,none
k333     واخرجنا اليمن الي بر الامان,joy
طب يعني اروح اخدلي استراحه مذاكره في الفاصل بدل ما اشيل الترم ده اول سنه فشل كده  رنا سماحه مع عمرو الليثي,fear
امر الملك سلمان بصرف راتب شهر للمشاركين الفعليين في الصفوف الاماميه في (عاصفه الحزم ، واعاده الامل) باختصار كبير يكرم الابطال,joy
خايفه قويي 😢 .,fear
خايف علي قلبي يبات مجروح,fear
البرازيل في افتتاح الاوليمبياد دلوقتي الافتتاح عباره عن ازاي دوله البرازيل دي اتكونت لحد ما بقت دوله البرازيل !  حاجه فخمه,joy
الي يعرف موقع ليڤ ستريم لمشاهده الاوليمبياد علي الجوال يشاركنا. يفضّل لو كان NBC BBC  Rio2016  ريو  تي في,none
احنا هنعمل ايه في السهره بعد ما الاوليمبياد يخلص؟,fear
ساره سمير 18 سنه : فازت بميداليه برونزنيه في الاوليمبياد   محمود الاردني 23 سنه : لما بتخانق مع حد في الشات بسبقه و بعمل البلوك قبل منه,none
خايفه اروح ادفع مصاريف الجامعه يقولولي زادت اصل الدولار غلي والله !,fear
اقسم بالله يا اخي انت معندكش دم ، عيل بايخ و سخيف ده حتي 10 سنين طلعولها كلمه  عِقد  زي ال100 سنه  قرن  عيب عليك و علي سنك و الله يا بغل,anger
و يسالني تحبيني ؟ ㅤ خجلت وما قدرت احكي 😏 ㅤ لان مو كلمه .. ㅤ يغني فيها كل انسان ‼,love
re7ab alquran: ارح قلبك تلاوه في قمه الجمال بصوت الشيخ ماهر المعيقلي,love
roka: تويتر انسب مكان تتشتم فيه لو بتقول رايك سواء كان سياسي او رياضي او حتا بخصوص تامر عاشور ????,surprise
اخر كلامي ان الله يكون بعونكم و شعب السعودي معكم قلب و قالبا اما السيسي نحن ضده الا اذ ضبط سياسياته الخاطئه,sympathy
قهره القلب الحقيقه لما تداري دمعتك وتتضحك,sadness
: وانا ماشي في اللجنه لقيت واحد بيقول حاجه غريبه اوي  عايز ورقه اجابه تانيه  .. ؟,surprise
حلو كثير الله يوفقهم وينصرهم علي الظالمين,sympathy
كلمه تقراها تقشعر اصلا و يجيلك حاله شبه اكتئاب,sadness
سالفه فيها ايران تدش تشوف تعليقات سب وشتم ولعن ولمن تشوف اسرائيل تدش محد يسب و يلعن ويقولون كله من ايران,anger
khalifa91 قصدي سانتا بتاع ال merry Christmas,joy
يغار ضياء البدر من من نور وجهه ويخجل غصن البان من لين قدّهِ ♪ ❥      شعر ؛ ؛  رمزياتي ؛…,love
2009   والله مصيبه عقده 50 مليون ، ويلعب بذي الطريقه ! الجيل الرياضي السعودي الحالي | نكسه فـ تاريخ الرياضه السعوديه |,anger
دي قوانين الاوليمبياد,none
يحيي لس مكلمني مصتقدش انه لسه حي ممتش,surprise
فريق الباليه المائي اللي مسافر الاوليمبياد حاجه بون بوني خالص,joy
يعني !! ما نعمل سجاده الصلاه في مصر .. و اللي بيستوردها من برا يرحم البلد و يبطل استيراد !!!,surprise
وزير الثقافه: لم اشاهد   اشتباك  ولكني دعمته,surprise
بعد النتائج المهببه ..تحس كده ان البعثه المصريه مش ناقصها غير حسن فهمي  الاوليمبياد,sadness
حمد الله ع السلامه هموووس منوره بطلتك يا غاليه ان شالله تكوني استمتعتي بعطلتك,love
تقولوا هذا هو سهيل الحسن! حتي الشبه بينهم بسيط والفروق كثيره!,surprise
الصّعب في الدنيا ان تكسب، شخصاً واحداً وتخسر الكل لاجله والقسوه ان يخونك هذا الشخص، وتتذكر انك تركت الكل لاجله وفي قمه احتياجك : لن تجدهُ،,sadness
طب اللي مش متابع افتتاح الاوليمبياد يجي جنبي 🏃,none
هل ترضي علي اختك ان تشارك في الاوليمبياد في السباحه؟  المطلاع تنتفض للعقد الثاني  شعوري يقول  موجوع قلبي الفين متابع,none
صباح الصداع :(,sadness
النهارده اخر يوم في منافسات رفع الاثقال اكتر لعبه باستمتع بيها في الاوليمبياد,joy
مصر دمرت معظم اللعيبه اللي في الاوليمبياد و الله حاجه شيك اوي السياسه المصريه دي في كل المجالات.,sadness
ربي جابك لي هديه من السماء ❤️ . . .  ياسمين  الشوق  الحب  الاحساس  احساس  منشن شخص…,love
نفسي اسال ابن الوسخه اللي كان ماسك علم السعوديه في الطابور المصري في افتتاح الاوليمبياد استفدت ايه بكسمك ؟؟,anger
: اللهم ارزقنا ك و من  يحبك وسعاده في الدنيا ورضا في الاخره ، اللهم لنا احبه وقلوبا محبه نريدها ان تجتمع فجمعها علي بركه…,love
كلمات رائعه في معانيها.. وما الحب كلمات فقط.. احساس ....و حنان ولهفه واهتمام......🌸✨,love
اشد من الموت ما يُتمني الموت عنده فلا ياتي    عذاب الله  مجرم  القاضيه  العذاب  مالك  جهنم,sadness
تركي العواد يسيء للسعوديات د/ الحرف هذا ليس حصانه تبيح لك بث فكر متخلف ولا يؤهلك لمقام سامي وانت تستبيح الهزل في مقالك هذا,anger
: ادم ! قليل من يصدقُ منهم في حبّه ،وعظيمٌ هوَ ان عشقْ .  ادم  حقيقه  بقلمي  الرجل  حب  صدق  هو,love
اسرائيل فيها جامعات متطوره وفيها نصف العلماء اللي عندهم نوبل ، مش عيب انه يروح ، اليهود ما يخوفوا والدليل اردوغان هرول عندهم,anger
77: Retweeted امل العُراق (  iraq88):   سلسله بحوث المرجع الصرخي : اين السيستاني ايام الزيارات التي تُستغل...,anger
اه لو تعلم من اتي لبلاد الرافدين بعدك.خنوع وذل للمجوس مخلفات الخميني,anger
اني اول احبك واخر اني😍 وسبب العطلني اجيلك واخراني😥 الگلب من ردت اشبگك وخراني😠 ركض مني يشبكك كبل اديه😊  ابوذيه…,love
Hd4  حد قالك انك واحده وسخه بلوووك,anger
: احمد زويل في ذمه الله لكن العبره واجبه؛انهي زويل حياته بتشجيعه لانقلاب دموي يفترض في عالم مثله ان يفطن لخطواته جيدا,anger
ياخي لنا حول الشهر عشان تحدثوا !!!,surprise
خايفه من فرط العشم انخاب,fear
في هذا المكان الغريب طلب ملك الاردن يد زوجته الملكه رانيا!  الملكه  رانيا  زوجته…,surprise
فتاه عمياء تطلب من امهاا ان  تكحلهاا😢🙈.. و  طفل فقير يطلب من الطبيب ان يستاصل  السرطان من معدته 😢 .. وانتم تتحدثون عن .  الحمدلله,sadness
elghonami دول مكسحين والله ويقولك زمالك واهلي بلا ارف  والناس تتخانق وده يفرح ان الاهلي اتغلب والاهلي يفرح لما الزمالك يتغلب حاجه تكسف!!,anger
قلوبنا معكم يا خير الجنود,sympathy
المصري احمد قمر الان رمايه Bein 4  مصر في الاوليمبياد  ريو دي جانيرو 2016,none
معكم مواصلون 🌹❤️  اضراب الاطباء العمانيين5,sympathy
Madaniah: لقطات تشقعر لها الابدان.. لقطات من كاميرات المراقبه في مشفي حي الشعار بـ تظهر لحظه استهدافه بالصواريخ الفراغيه.. ht…,sympathy
ده الي يشوف ضحكه منك حزن قلبه يتمحي 😍❤   يشعر بـالجنون,love
تقريباً دي اول مره نشارك بالعدد دا كله في الاوليمبياد والاحسن من دا كله ان بقا في رياضات كتير بنشارك فيها  Rio2016  egypt,surprise
مُعظم روايات  الحُب اختصرها الاندُلسي في بيت شعر حين قال : ولمّا راني في هواهُ متيمًا ، عرف الحبيب مقامهُ فَ تدللا ...,love
الاغنياء يزدادون غني والفقراء يزدادون فقراً!!!  وماذا بعد 😏,surprise
مدينه ⁧ ⁩تستصرخ ضمائركم لاتبخلوا بنصرتها ولو بدعوهلاهلها ومجاهديها يا امه سارت علي اشلاء عزتها امم يا امه داست علي تاريخها كل الامم,sympathy
C100 كابوووس الهلال يلاحق النصراويين حتي في تبوك ...موسي نضاو 💙,fear
خالد حامد قول لشباب محبينكم من صلاله وجمهوركم ونحنا معكم  زد رصيدك24,sympathy
الله يوفقهم ويجمع بينهم بخير.,sympathy
alkaseer: اروع مَا يَكُون فِي العُمر هُوَ  الحُب .. وَلَكِنّ الاروع .. ان يزهو ب  الوفاء ..,love
احلی مافي الاوليمبياد .. السباحه التوقيعيه,joy
كنت شي يسعدني داث يوم والان اصبحت شي يفتث قلبي وجعا,sadness
ليه اسمها الاوليمبياد والله! ايه ال د دي هتجنني!,sadness
احا ديل بوترو خرج دجوكوفتش ونادال من الاوليمبياد,surprise
حكم ابن وسخه ، هيودينا ف دهيه,anger
nooh   شكرا يا البي : D,joy
للحين احبك وحبك اجمل اسراري والقلب بيديك واسقه قبل لا يهلك يكفيني اني الي خلصت اذكاري اقول امين .. مره لي ومره لك  بوح,love
كل سنه وانت طيب يا نجم  بارك الله لك في عمرك وعملك واولادك   الاهلي يارب  ????❤????❤????❤,joy
: حسبي الله ونعم الوكيل صور تحرق القلوب ايموت المسلمون جوعاًفي ظل من ينصرهم ويدفع الضرعنهم وحدواكلمتكم اي هل المسلمون,sympathy
الاستاذ جميل جمال ملوس مسال  تخاريف  محمد صبحي,joy
علي ذكر الاوليمبياد .. النهارده كان من اسوا الماتشات للي شوفتها لمنتخب مصر في اليد من اول ما تابعته في 2004,sadness
شي مخيف لمن تكون في حبه فجبهتي تنزف وفجاه ادورها ما الاقيها 😳.,fear
قالك قطر خاشه الاوليمبياد ب 25 لاعب .. اللي يبي يمشط قطر يستغل الفرصه الشعب كله في البرازيل   😂😂,none
انا يمكن اهم حاجه استنتجتها من الاوليمبياد دي انها من المستحيل انها تتعمل في مصر ...,none
انا في البرازيل لنقل معاناه الفقراء اثناء فاعليات الاوليمبياد و ليس من اجل الترفيه,none
ماتش الطايره بين مصر والارجنتين ف الاوليمبياد ده حلو,joy
نهاركم خيرات ياوجوه الخير 🙏😘  تفاءل  خير  محبه  ايجابيه  بلال العربي  تامل  صدق. Have a…,love
:    نصفي الثاني مع ديانا  نصفي الثاني قدامي شوفوه يا ناس لايق علي بالحب لايق طيوب وحساس دعوه امي جابته عيني فوراً…,love
نسال الله ان يجعل البرد عليهم دفئا وسلاما,sympathy
احنا بعد كده نخلي محمد صلاح يدخل الاوليمبياد يجبلنا دهب في سباق 100 م و يرجع علي فرقته تاني,none
انا لو كنت ف الاوليمبياد دي كنت خربتها ف التايكوندو 😂😂,none
دكتور انا نمت وقعدوني عشان الاوليمبياد ويا ريتني ما قعدت ماكو علمنا 😢,sadness
التايم لاين فرهد بعد الاوليمبياد,none
بس هما عملوه في الصين و كذا واحد من ابطال الاوليمبياد عاملين و ناس تقيله، بالتالي اكيد مفيش مش هري !,none
دي مش تريقه، هي سخريه من حال مصر في الاوليمبياد عموماً، وحتي لو تريقه فهو كان متخاذل جداً ومعندوش روح,none
قل لي متي ترسم علي قلبي جراح   منك الصبر ما قويته افقدتني ما احتويته,sadness
: ابن الحلال بيعافر  بنت الاصول بتستني  و ابن عمتها الي راجع م الخليج بيخودها دي سنه الحياه .. اصله مش بيقبض بالجنيه ????,sadness
: اين انت؟ سؤال يراودني كلما طفح حنيني بك وغمرني شوقي اليك لاكتبك حكايه حب علي قيد الانتظار اتلوفيها ايات الفقد والنسيان,love
: وداعاً ملحم بركات ..  haidymoussa,sympathy
مبروك لمصر ميدليتين في رفع الاثقال في الاوليمبياد,joy
ما انا قاعده في اوضتي اهو خايفه اخرج 😂,fear
(المثل) اذا لك حاجه عندالكلب قول ياسيدي  يستخدمه البعض اذا له حاجه عند شخص؟  والاعجب! ان الشخص عارف ولاينفذ طلبك الا اذا قلت ياسيدي؟ :),surprise
فيكتور شفيريتوف .. لاعب جودو اماراتي في الاوليمبياد .  تن تراران تن تن,surprise
خايفه من ايام بدون امُي و الله ..,fear
M Ibrahim: مفيش امل اننا نجيب مدرب عدل ولو مدرب عدل جه مش هينجح .. خلي مارتن خرا لحد ما المجلس ده يغور و ياخدوه معاهم.,anger
و لانني احب الاشياء الراقيه ; العاليه التي يصعب وصول الاخرين اليها .. احببتك انت,love
هو ليه البنات ع السناب تشغل اغنيه وتحرك شفايفها معاها وتسوي حركات ؟ يعني,surprise
دايما بتاخد مننا اعز واغلي ماعندنا,sadness
قديش مجتمعاتنا العربيه مريضه.. كميه المرض مخيفه!!!,surprise
هي لو الشعله اتطفت بيعيدوا الاوليمبياد تاني؟,none
وَ بكل خوف اقولها؛ لا توجعنيّ لاني مابي الدنيا تدور وتوجعّكك😢💔,fear
el1:   mimi     كياكدو علي انهم مع صليبيين ???? وخونه  وبكل وقاحه يدكرو سبته لي منها انطلقت خطه يوسف بن تا…,anger
بتكلمي مين؟؟,surprise
: صور مؤلمه : الاحلام .. بيوت 💔  اللهم اعنهم وفرّج كربتهم وانعم عليهم,sympathy
alkananii: ما اندل مقامچ حتي احاچيچ وتشوفين دمعتي و يمج ابچيها  اوديلچ رسايل يم الحسين ادري حسين ياخذها ويوديها  ????,sadness
حسبي الله ونعم الوكيل فيك سيسي,anger
يارب عجل نصرك وفتحك الذي وعدت لاهلنا المحاصرين ياالله كن لهم عونا ونصيرا يارب,sympathy
غم  وهم  يتجدد  وعصابات  سامه  تنخر  غي  عظام  مجتمع  عتيق ما ااسواما  يحدث  من  نزيف  الفتل  اليومي  قي  شوارع  القاهرهمن  فنل  جنود  ا,sadness
السعوديات الي فاتحين حجابهم شوفو الامريكيه في الاوليمبياد بحجابها ولا ماعرفتو تاخدو من الامريكان غير التعري والعهر  حقيقه,sadness
شي مخزي ان الجندي اللي تارك اهله وعياله يكون مديون ويدفع اجار لازم يكون فيه قرار يجبر المؤسسات والبنوك في دعم المرابطين.,anger
دعم محمد بن نايف مليون متابع يستاهل كل خير اميرنا المحبوب. الله يحفظك من كل شر ويطول بعمرك,love
وعلي اسبيل السعاده اخيراً قبلت بسبوسه    وقولتلها happy birthday واديتها الهديه بتاعتها ^ ^,joy
تراجف ايديني من البرد وقول اللهم هون برد الشتاء علي والفقراء في كل مكان كل المسلمين خاصه والمسالمين من ديانات اخري عامه,sympathy
جدا؛ عندما نسرح في التفكير احيانا ولا توقظنا الا دمعه 😔,sadness
Omar ميرسي حبيبه قلبي ربنا يسعدك يا رب.,joy
انا خايفه ع مايجي يوم وارتبط السيسي يلغي الفالنتاين عشان بتصرف فيه ع الهدايا كتير وكده تبزير,fear
bukhary: يارب ﻻ تححرمني من جمال هادا الصوت 😚🙈,love
بشجع الجزائر ماتش رائع ف الاوليمبياد ضد الارجنتين والجزائر اخطر واروع ولكن الارجنتين فريق كبير دائما  الجزائر,none
ياربّ .. ليس في الكون الهٌ سواك فيُدعي اللهم ارفع مقتك وغضبك عنا اللهم كُن للمستضعفين في كل مكان .   بوتين ينتقم من اطفال حلب,anger
لامعلش فيه فرق رهيب في ال بتقوله دا و طبعا مش موافقه مدام لجنه الاوليمبياد اقرت الكود دريس,none
منهك حد اللاشعور، وتجتاحه رغبه عارمه في البكاء عله يبوح بما اخفي في ثناياه الايام الماضيه..  القلب  غربه  انس  الحياه  الموت  تناقضات,sadness
نشاالله قلوب العراقيين معكم,sympathy
يا رب يسّــرها علي كـل ضــايق وارفع ستار الهم عن كل محزون لو كان في درب السعاده عوايق تهون مع يا خالق الكون انشهد (الجؤؤكر❌),sympathy
:   محتاجه اجري فالشارع وانا بعيط واصرخ واطلع كل اللي جوايا بس خايفه يقولوا  مجنونه . 💔✋,fear
الحين وش المريم اللي مكبرينها بها درجه  والله هشتاقات مدري وش تبي بدون هدف ولا موضوع  ينفع بشي يوصل لرقم 65 !!  كلنا ضد مريم بيفور65,anger
معلش تلاقيه كان بيجهز البعثه اللي راحت الاوليمبياد بكره يفضالكوا ماتقلقوش,none
citizen: جنوبنا حرب وشمالنا شيعه يتوحدون مع داعش وشرقنا بحرين مضطرب وغربٌ يشوهنا ويتهمنا واعلامنا. للاغاني والمسرح والسينما,anger
:  عوده كبير القصيم للوطن يا مرحبا يا مرعب الخصوم نورت كل المملكه في حضورك في عودتك تستبشر الدار بالغيث يا مرحبا حييت والنور…,love
حوالي عشرين ميداليه لمصر في اول يومين في الاوليمبياد,none
كل عام وانت بمليون خير وسعاده وربنا يجعلها سنه هجريه سعيده علينا كلنا,joy
يمممه لو تعرفون شكثر خايفه وقاع ارجف 😂😭💔,fear
ﻟذيذ هوُ العشق حِين يكوُن مَع شخصَ مغرُم بادق تفاصيلگك..  بوح,love
كاتي كسبت تاني دهبيه ليها في الاوليمبياد,none
؛ ماهو حب ليلي ولا قيس ولا هو عشق عنتر ولا عشق عبله ! في قلبي ماسسه تاسيس حب امي لابعده والا فيه قبله…,love
استحاله حد هيقدر يحس بالقهر والمعاناه اللي بيعيشها اهالي المعتقلين .. ربنا يصبرهم ويقويهم :)),sympathy
يعني باركتي للامارات و للكويت ف الاوليمبياد و مباركتيش لمصر !! مصر واخده ميداليتين برونز علي فكره,surprise
a M1380 كلام مخيف ! وهل للتقنيه دخل في التجويع ؟ علي الشباب والحاله هذه التركيز علي التقنيه ليضمنوا مقاعد لهم في سوق العمل مستقباً,fear
معقوله؟! ازاي ذا!,surprise
ايه دا يا جيش مصر العظيم يا حبيب البي انت مش قلت هتستورد نوع غير بتاع المصريه !! :D,surprise
مش معقووول .. اهنيك علي هذي الموهبه .. ابداع يفوق الوصف,surprise
قهر اللهم اني اعوذ بك من قهر الرجال,sadness
كل سنه وليبيا بخير,joy
y m q   w صباح الغلا,joy
احنا رايحين نشارك ف الاوليمبياد بفضايحنا ونضحكهم علينا ونروح,fear
الملل بالنسبالي اشبه بالموت,sadness
ومستحملاهم عادي كدا؟ انتي مش ممكن تكوني هبه اللي اعرفها ابدا,surprise
هي بعثه مصر في الاوليمبياد سافرت علي حساب السعوديه والا ايه عضو من البعثه رافع علم السعوديه,surprise
قطر داخله الاوليمبياد ب 25 رياضي يعني فرصه اللي عاوز يسرق قطر البلد كلها في البرازيل 😂  يلا ريو  OpeningCeremony  OlympicGames,joy
وهناك تقدمت للمشاركه في الاوليمبياد ولاول مره يسمح الاوليمبياد بمشاركه لاجئين    لعبت بالامس في سباق ال 100 متر فراشه وحصلت علي المركز الاول,none
مذيع النايل سبورت:  احنا بقالنا كتير ما اخذناش ميداليات اوليمبيه من بعد اوليمبياد لندن 2012 علي اساس ان الاوليمبياد ده بيتعمل كل اتنين وخميس,none
ماذا لو اعتصمت بك نمله الشيخ عبد المحسن الاحمد,joy
سيبنا الاوليمبياد وماسكين في علم السعوديه ناس تافهه ومغيبه,sadness
معقوله هذا الغامدي يا رباااااااااااه,surprise
O H1379:  الشعب يريد الحديقه  الاسم : امانه جده  الوظيفه : اوسخ من كدا مافيش,anger
احساس حلو ام تطلع هدوومك بتاعت الشتا وتلاقي فيها i phone  كنت نسيه من الشتا الا فات,joy
:   والله واحلي تحالف جد نكون اخوه هذه الدول الي ذكرتهه نفسهم احبهم ????????نفس تفكيري تماما????????هذوله العرب الحقيقين مو الخليج????…,anger
اعيذك يااخي من الرجال و الدنيا فانت لازلت سندي بعد الله ثم والدي ، احبك مهما ظلمتك الدنيا فٓ عند الله خير كثير .  فضفضه,sadness
سيف زاهر: لم استغل منصبي في تسريب معلومات  اتحاد الكره التفاصيل علي ..,anger
بنت مصريه عندها 18 سنه كسبت ميداليه برونزيه في الاوليمبياد 🙈 في رفع الاثقال :D,joy
السباح السعودي في الاوليمبياد يحصل علي المركز ال 47 من اصل 47 مشارك . ...يعم الحمد لله انه مغرقش 😂😂,none
الاوليمبياد حدث محتاج تكون جاهز بملاعب ل35 لعبه منها ملاعب للكانوي والكاياك وجيش من الناس اللي عندها خبره اداره بطولات رياضيه بكفاءه  انسي,none
ياصباح الخير والتايم كله مزز الاوليمبياد,joy
مش مبين .. اي حاجه وعمال بتتالم .. مش مبين .. بس دمعه من كتر بكاه علي وشه علم !,sadness
,love
اكتر حاجه بكرها ف مصر الكلكعه فن الكلاكيع يعني وحده مبحبهاش ليه اضطر اشوف سحنه اومك ! الحياه بسيطه والله مبحبكيش ف ياريت منتقابلش.,anger
يبقي قلبك يمتلئ بانثي.,love
الناس اللي بتهاجم بطل بيلعب اوليمبياد دول فعلا مش فاهمين قدر الحدث اصلا ولا عارفين الاوليمبياد دي ايه والله,sadness
: و فجئه هبط سوق الاتراك وارتفع سوق العراقيين .........  الصدمه,surprise
Salah اكييد بس هيا حاله زهق,sadness
انجازات الراحل الكابتن محمد السيد وتاريخ طويل من النجاح والانجازات بالاضافه الي دماثه الخلق وطيب القلب وحسن...,love
الحب الحب، الشوق الشوق,joy
لسه في مصريين ف الاوليمبياد مخرجوش او دورهم جاي يعني : D,none
يا خالق كل شئ ناقص .. كمالته معاك يا شايل من الحاجات حته .. بنترجاك بحق المشهد الكامل و اسمك اللي انا عرفته...,none
يَگفيگ عَبثا ً بنَا ايها الشﱠوق ْ فَقد ْ فاض َ القَلب ُ وَجعا .,sadness
اللهم انس وحشتها ، اللهم كرّم نزلها و وسّع مدخلها :(,sympathy
الدعاء غيباً : حُب الصادقين 📮🌾  صداقه  كلام ذوالفقار,love
هذي هي اليد التي تمدها ايران واذرعها للسعوديه بكل غطرسه واستخفاف منهم ب العقليه البدويه  والنظره الدونيه لنا,anger
Abo EzZ و انا وعهد الله حبيكي wtever happens....,joy
22   حمدين صباحي حيموت علي الرياسه ياعيني كل شويه يقول انتخابات مبكره لما زهقنامش عجبك عمك السيسي,anger
العفو ..اللي صعبان عليا كمان الناس اللي شقيوا عشان يامنوا مستقبل ولادهم وفي الاخر تحويشه العمر مش هتساوي نص قيمتها !!,sadness
احنا ولاد الكلب الشعب خد مفاتيح سجنك وياك واتركني لوطني فيديو لكنه ولا شيء امام ما يحدث للمعتقلين في الحقيقه,sadness
طائره مصر تودع الاوليمبياد بعد الخساره من الارجنتين ب 3 اشواط نظيفه,none
اولا تحيه لشهدائنا الابرار اللي استشهدوا علشان بلدنا وعلشانا ربنا يرحمكم ويثبتكم عند السؤال ويجعل قبركم روضه من رياض الجنه وربنا يصبر اسركم,sadness
جيل الايباد بمناسبه الامتحانات مامته بتقولوا ذاكر عاوزاك تاكل الكتاب اكل قالها هاتي كوبايه ميه واعملي شاي علشان احبس ههههههههههههههههههههههه,anger
غابرييل خيسوس لو انه منباع بعد الاوليمبياد كان صار سعره 5 مليون😂,none
: كل شخص مُفرط بالمحبه انصحه،الا الهلالي خله يحب  الهلال  ????????,love
:  خايف نكون انتهينا من قبل ما حكايتنا تبتدي واقف في النص مش عارف انا موجود ولا مش موجود ولا كل اللي مابينا انتهي وخلصت ال…,fear
انا كدا خلاص اخري جاب اخره مني .,sadness
حق مصر عليكم فين يولاد الكلب يا بهايم بتشربو مياه ملوثه وتكلو اكل مسرطن وتقولو حق وحقي وحق ولادي فين في حياه نظيفه ذي حياه الضباط,anger
والله فرحت مبروووك  الاردن🇯🇴 فوز  احمد ابو غوش  الاوليمبياد 👏👏👏  Rio2016  Taekwondo,joy
لا تحاول اقنااعي بانّك  مميّز و ، و ان الجميع  يجنون عليك ♥♥☺فـ  انا غالباً احب الاشياء التي لا  تعجب  احد☺…,surprise
هي الناس بقت تتابع الاوليمبياد امتي ?,surprise
متعاطف مع هذا الطفل يحمل اخته و يركض بها هرباً بعد غاره جويه علي احد احياء المحاصره.  تباد بسكوت العرب,sympathy
الله يستر عليكم ويشيل هالمحنه والله قلوبنا معكم...مصر ماتستاهل,sympathy
NAME?,none
بيبقي كل.واحد مستني الكلمه من التاني فمحدش.بيقولها فبتفرقهم.الايام ...,sadness
: زياد بهاء الدين كاتب عن اجراءات واقعيه لازم نتخذها كي لا نغرق ف دين مهول ات..بالتوازي..استطلاع راي ان92٪ راضيين وسعداء عن…,joy
كل المطارح ملكناا .. نرقص مكااان ما نحب,joy
الناس مرعوبه ان المواصلات هتزيد نص او حتي جنيه و كان المواصلات كانت اكلهم و شربهم و صحتهم و الخ،،،،،،,fear
: في .. لا ترضي بالقليل من المشاعر .. فالحب كلٌ | والكل لا يتجزّا |  jlaz505,love
خايفه يذوب بعض الامل..💔,fear
الحب يحفظ الجمال، وبشره المراه تغذيها المداعبات كما يتغدي النحل برحيق الزهور.  ان كنت تقرا,love
: كل ما قرب موعد ولادتي كل ما زاد لابوي افتقدك يبه احبك  يبه فيني حنين لك يبه يجيني شعور لو كنت موجود كيف بتكون فرحتك لي ا…,love
ديل بوترو بعد اصابه سنتين ويبقي في المركز 147 عالميا يوصل نهائي الاوليمبياد عاش فشخ يابني,surprise
هربانه منه شويه سيبك من الكام جول اللي جابهم اقوي مستوي ليه اظن كان في الاوليمبياد و الفتره ده,none
ابو يمن يتلاعب بالاسعار في محلات المندي حسب مزاجه وكانه في تعز,anger
الهالك هيكل كان مشروع ذنب كبير لحزب الكلب و ايران . ماذا قدم للامه غير الكذب و نفخ الكير عبر الجزيره,anger
اصعب شعُور ؛ عِندما تتحدثٌ مع شخصّ بطريقهٌ رسمِيه بعدُ انّ گان اقربٌ الناس الي قَلبك ..!  خيبه,sadness
احبه واضل احبه للابد,love
كسم افتتاح الاوليمبياد.,anger
: احمد موسي منزل هاشتاج اهلا بي فتح الله جولان في مصر داهيه تاخدك انت وهوه ومعاك السيسي,anger
الاوليمبياد لو فيها ضرب ع القفا كان الكابيضانو اخذ الدهب  جمهورك بيضربك تعالي ندربك,none
مُمكن الليله تناديني حبيبي ؟ كلّهم عشّاق لكني وحيد ما اخترت بِ العمر منهو نصيبي عادي اختارك واحبك من جديد؟  فراق  حزن,love
الجميل في الاوليمبياد انها بتوصلك للدوريات وانت راكب حاجه درجات رجال اعمال كده اللي هو قاعد مرتاح ومش متضايق ولو اتاخرت اسبوع كمان عادي,joy
علم مصر اترفع في الاوليمبياد ❤❤ شكرا يا ساره ❤❤  ساره سمير  Rio2016,joy
: قد يكون طريق الصعود صعباً لكن للقمه لذه لا تقاوم ????,joy
الله يقوي قلبك💔 — اول مره تمر علي هذه الاسامي ، بس الله يوفقهم,sympathy
حُبُّ الجِهَادِ سَرَي بِكُلّ جَوَارِحِيْ.. .ارْخَصْتُ فِيْ دَرْبِ الجِهَادِ دِمَائِيْ,love
بعض الناس ودك تضيف لهم ماده   اسلوب النقاش   يدرسونها من اول ابتدائي قبل اللغه حتي ! كميه السطحيه !,surprise
لا بئدر شوفك ولا بئدر احكيك,sadness
!!! هو الهزار ممنوع ايه الاسلوب دا,surprise
في سبّاح من تونس في الاوليمبياد طلع في المركز الاخير ؛ واحد تونسي عامل شير للخبر وكاتب الحمد لله انه ماغرقش 😂😂,joy
: موجوع قلبي عليكم بصراحه بس ماباليد حيله غير وقفتنا معكم ونساندكم وفقكم الله  اضراب الاطباء العمانيين5,sympathy
انشالله .ديما شباب شمال افريقيا مشرفين العرب في الاوليمبياد :D :D قداش خدت تونس ميداليه تاو,joy
تحبوني ادعو اني اعيش طول العمر مع دادو ♥,joy
يستر الله .. ماطلعتوش من بنغازي,fear
حركات كاتبينها بيدهم 💗عاد لسي م سمعت الهايلايت خايفه انصدم,fear
مش فاهم مش فاهم مش فاهم مش فاهم مش فاهم مش فاهم مش فاهم مش فاهم مش فاهم مش فاهم مش فاهم مش فاهم مش فاهم مش فاهم مش فاهم مش فاهم مش فاهم,surprise
وشايفه نفسي تدريجيًا بتحول لكل اللي كنت مرعوبه منه ومش عارفه اعمل ايه عشان امنع ده ومش قادره اتقبّل ان ده بقي امر الواقع، مش عايزه اكرهني .,fear
محتار هل المشهد حقيقه ام لا ..! اعداد هذي الثعابين ..!,surprise
مش مستغربه ان البنات هي اللي بتفوز ف الاوليمبياد وبالذات ف العاب القوي لانها لا بقت حاسه بامان ف الشارع ولا حتي مع راجل ربوا عيالكم شويه,none
حاسه كان ابني في امتحان ثانويه عامه !,surprise
q8 88: انفاسك عطر انثوي خارق للرجوله  عشششششق,love
انا خايفه اوي 😓😓😓,fear
الاوليمبياد دي مشفره كلها ولا شنو؟,none
:    الله ينصرهم الجيش السوري علي القوم الكافرين امين رب العالمين,sympathy
ليست حاجه عاديه، بل خوف عارم في صدري يقول لي ان الامور التي كانت بيننا قد تتلاشي دون ان ندري.. لان المسافه تضاعفت مئه مره.,fear
Supporters  مــن اجــمــل النــاس اللـي شــوفـتــهــا فـ حــيــاتــي واللــه .. حــاجــه صغـنــنــه كتــهـ ♥♥♥  بــاركـ شــيـن هــاي ♥♥,joy
كيف يعني ؟؟ قصدك بعد 400 سنه ممكن الليبي يسمح لاخته او بنته تسبح بمايوه في الاوليمبياد ؟؟؟ هكي قصدك ؟؟,surprise
احب الفت نظر الشعب المصري ان الاوليمبياد ف البرازيل اتفرجو,none
لكم كل التحايا والتقدير نحن معكم من اجل سودان متطلع,sympathy
بيتكلمو في الاوليمبياد 🌚,none
لا دي بعثه بوركينا ف الاوليمبياد,none
هههههههههههههههههه,joy
ودي اجرب بس خايف منه كبير,fear
ايه دا هو بابا جلال مات ؟,surprise
احنا واخدين فيها في الاوليمبياد,sadness
شيروو كاان نفسناا تحضري ووتولعوها المصريين بس تتعوض ياريت تحتفلو بعيد ميلادو ♥,joy
: اليوم تشرفت ان يكون ترتيب استقبالي بمطار هيثرو شركه الحجي للسياحه اللندنيه  دقه في المواعيد  امانه  صدق   دماثه خلق,joy
وضحكت علي الحيطان صورنا زمان♡`  بوح  كلمات  جرح  البحرين  الكويت  السعوديه  الخليج  الصوت الجريح  اخبار  رساله مع زجاجه عطر,love
ربنا يحميك انتا وزكرياااااا .... بس تعالا هنا مش تباركلي ^^ ...^^,joy
ممكن نصدر الفقاقه وعلم الاوليمبياد يكون فلاح شايل فاس وتحته الخمس دواير  معاك في السكه,none
m alshams  فجاه كلهم ناشونال جيوغرافيك 😂,surprise
مصر داخله الاوليمبياد بنفرين غالبا عشان كده رفعنا علمين,none
eyad1 والله نفسي اجرب بس خايفه ، شكلي بعقل🙂😂,fear
الابطال الي شقوا طريقهم في الاوليمبياد في العاب تعتبر مغموره....شقوه بتوفيق ربنا و مجهودهم...اوعي تفتكروا ان الدوله كانت في ضهرهم,none
والله عارف كانت اوليمبياد لندن 2012 وكان عنده 22 سنه و الاوليمبياد بتاخد لحد 23 سنه,none
: مسعد الامام: التصالح مع حسين سالم تواطؤ ونهب لاموال مصر,anger
الاوليمبياد قربت تخلص ..انا ابتديت اعيط,sadness
224 والله انا كتبها عشان كده . برافو عليكي :D,joy
صباحكم مسكر,joy
ايه العلاقه المتدهوره دي :D ..,joy
هو ايه غير نظره من عينيك غير لمسه من ايديك غير قلب يخاف عليك 👸❤,love
Fouad3 امينه كنت عاوزه نمرتك دي ام,joy
سموا البينا زي ما يكون علاقه صداقه حب وجنون  ابو زيزو,joy
الصوره اللي نزلها محمد ايهاب لناس اتوقفوا بالمنشطات قبل الاوليمبياد ، يعني لو الصوره هي المصدر فالكلام ده كله فاكس .,none
:     kuwait2     gh   هل تلعن ابن تيميه عليه العنه تفضل يامجسم ياساري اجب عن دينك…,anger
خايفه اچيك علي حسابي....,fear
خذني قد حبي لك و رتبني,love
هنجيب ميداليه ف الاوليمبياد يا عماد !😂😂😂😂😂😂😂😂😂😂,joy
قديش هالعالم صغير! صغير والله صغير!!,surprise
:  من القلب يبقي  الاكتئاب اخطر اعراض الحب الانسحابيه لحين  اللقاء,love
نظره التوهان و الصدمه اللي هو فيها بشعه... ربنا يرحمه و يصبرهم,sympathy
: هَذا هوُ  الحُبْ يا جاهلينْ المحبَهْ ♡,love
الرقم القياسي في الخطف وزن +105 كجم يتحطم مرتين في غضون دقيقه واحده . هل ذكرت من قبل ان رفع الاثقال هي رياضتي المفضله في الاوليمبياد ؟!,surprise
ياريت تسعدوني انا جالي رساله التفعيل وركبت الراوتر ومفيش نت اشتغل 0507970062 حرام والله كدا,sadness
:   حبيبي اوباما افلامك محروقه انت تدعم داعش والمجوس ايران هذه لعبه صهيو ايرانيه امريكي ملابس داعش امريكيه واتحداك يار…,anger
رنا سماحه عندما سعيت لدعمك تعرفت علي اشخاص يملكون في قلوبهم الطيبه ويسعون لهدف هو دعمك الجيش الرنوشي  رنا سماحه مع عمرو الليثي,joy
الله معكم يارب,sympathy
: مبروك اول بطوله رسميه لبايرن انشيلوتي !  السوبر ل 6 مره في تاريخ بايرن ! عوده السوبر لبايرن بعد غيابها ل ثلاث سنين,joy
هههههه حبيبي الدعم مش بس اتشال عن الاوليمبياد ده اتشال عن كل حاجه في مصر ياقلبي,none
naj7: وجلسَ حزني  تجاهي تاملني  قليلاً ثم اجهش بالبكاء وبقيت  صامته 😶  البصراويه,sadness
الصلو ... ابطال الكتائب ( اللواء 35 ) يتوجهون نحو الصيار لبدء استعادتها من عصابه الحوثي وصالح ... كان الله معكم وثبتكم ونصركم ...,sympathy
كلنا ضد مريم بيفور52    Maryoum  لااااا بنكذب الصحافه ونصدقك ي مسيلمه عويدات ???????????? ????,anger
ايش ذا لعب حواري الارجنتين 😕 انا متعاطفه مع دي ماريا 😞 لا تخذلنا ياخي  البرازيل الارجنتين,sympathy
: ????انا اتمرمطت قوي يا راضي اتمرمطت قوي???? ????انا مش عارف حعيش ازااااي كده???????? ????عادي زي ما كل المصريين عايشيين???? ????طااااب ????,sadness
2016: شعور حلو لما يكون فيه شخص خايف تفقده وهو خايف يفقدك انت معتبره سعادتك وهو شايفك الدنيا بعينه.,fear
فلسفه الاوليمبياد اساس ان كل الامم تشارك بصرف النظر عن الاختلافات في العرق و الثقافه الخ و بيتنافسوا في روح رياضيه,none
هو انا المصري الوحيد اللي مش متابع حاجه ف الاوليمبياد ؟,surprise
التاج ده بتاعنا النهارده اوبا بقي  المصريين اهما?????  StaracArabia    DoaaElSebaii  دعاء السباعي دعاء السباعي,joy
نظبط مواعيد الاوليمبياد بقه ونشوف اللاعيبه المصريه هتلعب امته ونحبط كالعاده,none
لاخفيكم يخوان ان عندي فوبيا من هذا الفريق اللعين,fear
بعثه مصر في الاوليمبياد رايحه عشان يبقي اسمنا شاركنا و خلاص،بيخرجوا واحد ورا التاني،ما كنا بعتنا عشرين نفر و خلاص بدل 114 و مصاريف ع الفاضي!,surprise
ولولا هما برده كان زمانه دخل الاوليمبياد السنه ده,none
ماهي الاوليمبياد كده غداره الي مالوش في الرفع بينطر 😂😂😂😂😂,none
Rio2016 الاوليمبياد في صورتين,none
يكون يوم القيامه قرب!,surprise
: مسجد      مجمع بناء      في المراحل الاخيره   روتانا  بوروندي  مؤسسه بناء  صباحكم مفعمُ بالسعاده والعطاء.,joy
اجمل ماقيل بالحب ❤️ ( اجتمعا عليه وتفرقا عليه ) تجاوز الجغرافيا والتاريخ .. للقلوب تواصل خاص 💞  بوح  نشر سيرته ﷺ,love
كل اللي وصلوا الاوليمبياد و عملوا اللي عليهم ابطال ( باستثناء الجحش بتاع كارثه العلم) لو كمان جابوا ميداليات يبقوا سوبر هيروز و قدوه و قمرات,none
قطر داخله الاوليمبياد ب 25 رياضي يعني فرصه اللي عاوز يسرق قطر ... البلد كلها في البرازيل يا حاجوووووووووووووج,none
: مع انه مقلب لكن والله شي يبرد القلب ومفرح بنفس الوقت ودليل ان الدنيا لازالت بخير وكثير مايرضون بالغلط  الصدمه,surprise
يابني الاوليمبياد بالنسبه ليا هي ايطاليا في الطائره و بس :D,joy
تذكرت لقطه ذيك البنت ام نحل يوم قامت تصيح في الفندق وتقول انها تبغي تغير الغرفه لانها خايفه علي نفسها وطلع شريكها بالغرفه هيسوكا😂,fear
iu الله يستر مره خايفه من القدرات واختار الستيب الانجليزي,fear
: ???? ابنتي  في السلطان نعم انت بنت ديرتنا وغاليه عالينا ولن نقبل بالاساءه لك ولذلك سننصحك نصح الاخ لاخته والاب لابنته .. وهي…,joy
احلي مفجاه حصلتلي اقسم بالله 🔝💕,surprise
متعاطف معكم,sympathy
انشغال     هبه مجدي    بالاعمال الفنيه مما يمنعها من قضاء شهر العسل,love
مبروك لتونس و لساره المصريه ايضا و لكل ابطالنا و بطلاتنا اللي بيحاولو يتركو بصمه في الاوليمبياد تضيف لرصيدنا الحضاري,joy
اواه ياقلبي مما اصابهم حسبي الله المنتقم ينتقم لهم حسبي الله وكفي,sympathy
واخوانا بتوع نرفض التطبيع ايه دخل التطبيع في مواجهه رياضيه مع لاعب اسرائيلي حصلت بالصدفه في بطوله عالميه زي الاوليمبياد ولا هو اي هري وخلاص؟,anger
اقعد 3 ايام و انا بنزل 16 جيجا من النت!!,surprise
افتتاح الالعاب الاوليمبياد في ريو دي جانيرو البرازيل 2016 دخول الفريق المكسيكي viva México,none
موجوع قلبي عليكم بصراحه بس ماباليد حيله غير وقفتنا معكم ونساندكم وفقكم الله  اضراب الاطباء العمانيين5,sympathy
لا طبعا معقوله اني انشر علي الجكمات,surprise
: تملگني بطيبگ ماتملگني بجفاگ تغمر وريد القلب باحساس حبگ  تاسرني بافعالگ تاخذني وافداگ لبيه ياسيد البشر تامرني ما صدّگ   صمت معذب,love
: كانت خايفه ، و البر الوحيد هو الصلاه .,fear
اليوم بينتهي بدون حاجه ؟,surprise
: ”انا بخاف من الوحده بخاف منها عشان بتخليني مركزه مع نَفسي، وانا خايفه من نَفسي“,fear
خايف يذوب باقي الامل في دمعتي وانت علي بعد النظر المسك باطرافه,fear
انا عارف والله العظيم ان الاوليمبياد صعب وشرف الوصول له . بس انا بحس ان لعيبتنا مابتتدربش قبل ما يسافروا ..بياخدوهم من القهوه للاوليمبياد وش,none
انا خايف اقول كده تقول بحك والله لاسكت احسن 😂😀😂,fear
iu لا تقولين سقط انا خايفه من القدرات لان لغتي العربيه سيئه وخايفه من الانجليزي 😭😭😭😭,fear
ينفطر القلب ويجرح لما يحصل لاخواننا الان ..…,sympathy
انا مرعوبه من اللي جاي.,fear
بناء علي فكره بيع الجنسيه المصريه ورفع علم السعوديه في الاوليمبياد ليه ما نعملش مساحه في العلم تبقي sponsered و المعلن يحط فيها اللي يعوزه؟,none
مفيش ميداليه لابضن مذيع في الاوليمبياد؟,anger
عبد الرحمن عرابي يخسر امام لاعب كرواتيا في دور الـ 32 لمسابقه الملاكمه في الاوليمبياد بنتيجه 2/1  يلا ريو,none
Rio2016 متعه الاوليمبياد الجمباز رووووعه 🌷🎩فن ورياضه,joy
اذا كان هذا هو حال فكيف هو حال سكانها ؟؟؟  اللهم الطف بهم، وعجل بفرجهم,sympathy
: بالفيديو : العداء البريطاني المسلم محمد فرح سقط اثناء السباق..نهض سريعاً وفاز به  نموذج للاصرار  السقوط ليس النهايه,love
صالح الاب الروحي للعيال اليوم كان خايف عليهم في فقرت ميزادك  زد رصيدك22,fear
الُحُــــبّ لُيَــسِ مٌجْــرَدِ كلــمات ننثـــرهــا ونرحل الحــب حــــروف تنــسجـهـا قــلـوبنـا وتـترجمها ٲفـعالنا وتـفـضـحـهــا عيونـنــا,love
صدقت انهم كمن يسير عكس التيار وملزمين باكمال المسير كان الله في عونهم ورزقنا رضاهم 💔❤️🌹,sympathy
علي فكره وبدون مزايدات انا متضامنه من الاهالي اللي عيالهم في مدارس لغات وانترنشونال ضد ادارات المدارس والجامعات...,sympathy
انا شايفه ناس لابسه جواكت وسويت شرتات !!,surprise
مبروك لمصر صعود اثنين من ابنائها لنهائي لعبه في الاوليمبياد .... الصوره اول تعليق,joy
الف مره ااقول محدش ينكشني في السياسه ..عبوكوا كلكم  السيسي جابها الارض,anger
ممكن الفيديو ده يكون حقيقي؟,surprise
مُفاجاَه قويه جدا جدا جدا  للجماعه الي في  طنطا او يعرفو يروحو  طنطا يوم 13 في الشهر الي في  طنطا يكلمني خاص,surprise
هاي امتنان شوفي ????????????,surprise
قاسي شعور الفقد .. بس فقد الشعور اقسي🚶. . .  اقتباسات  عبارات  احساس  بوح,sadness
بس انتوا بتغلطوا ف المصريين كلهم ودي قله ادب,anger
الاخ الاهطل والاخت العبيطه اللي بتقول الزمالكاويه بيفرحو في خساره الاهلي اكتر ما بيفرحو عشان مكسب الزمالك !  نعم سيتك مين الاهلي ده اصلا !,surprise
ArabsGotTalent ميرسي بيكوو,joy
الاوليمبياد المره دي اثبتتلنا حاجتين مهمين جداً .. ان ممكن يتحداك واحد يهودي بتحصل عادي ،، وان مش كل ساره احمد تبقي فيك اكونت 󾌰  rio2016 󾓪󾓮,none
تحاول تشغل نفسك بشيء عشان تشيل تفكيرك عن شيء ثاني اتعب شعور ممكن يمر عليك .  الم  وجع  حب  ندم  حب  كلام,sadness
بعثه لبنان خارجين يسهروا في lemon tree في مراسي مش رايحين الاوليمبياد,none
: خوف انك تتساب فجاه ان حاجه بتحبها متكملش ان يحصل معاك نفس اللی حصلك قبل كده احساس الخوف ده بيدمر اي حاجه حلوه جوانا,fear
: لسه امبارح كان السبت ازاي بس بكره الخميس 😐,surprise
انا بعد كده  خلي اللي يوعني   بحاجه همضي علي وصل امانه علشان اضمن انو مش يخون,fear
لو مصر كانت في الاوليمبياد الشناوي وحجازي وصلاح كان لازم هم اللي ينضموا,none
بعاد خايفه من العين😂😂,fear
معجزه الحب تكمن في عشق العيوب,love
ياريت اي حد محبط من نتايج بعثه الاوليمبياد يخليه لنفسه عشان احنا مش ناقصين احباط و بنتعالج و ماشيين مشلحين الجلابيه و ماسكين كيس القسطره,sadness
وما الحب الا  لوالدي   وما الشوق الا ضحكته ..  الله يرحمه,sympathy
: ياهل تري ،، تقدر تموت المشاعر ونارها حيه ؟؟!!!  انين الليل,sadness
كما عهدناه بدعم الرياضه فقد تكفل الفاضل/علي بن سعيد الطاعوني بجوائز افضل احارس وهداف البطوله وافضل لاعب واعد..,love
المصريه ناديه نجم الان ربع نهائي تجديف Bein 2  مصر في الاوليمبياد  ريو دي جانيرو 2016,none
قاعد في كافيه و لقيت سامو زين جنبي و بيشتم في تامر حسني و رامي عياش..  بيقول انا مش كومبارس ليهم ????????????,anger
مهزله ما بعدها مهزله و عار ما بعده عار و خنوع من المملكه للخسيسي ما بعده خنوع. ظنناك سلمان العزم فطلعت وهم في وهم,sadness
و كمان الاوليمبياد ممتع زي كل مره بكل حاجه فيه.,joy
معلقين نايل سبورت اللي بيعلقوا ع الاوليمبياد هم نموذج للفساد والواسطه و كل حاجه وسخه في مصر,anger
البنات في الاوليمبياد دي اثبتوا انهم رهان حلو لو مصر عاوزه تاخد ميداليات في الاوليمبياد مستقبلا  عاش,joy
ده فار بجد مش لعبه وعندي وباكله كمان,surprise
مرتضي ده عرص اوي,anger
:   عاشور ودشتي تباكو علي عدو الكويت خاطف الجابريه عماد مغنيًه معني هذا انهم منفذين لاطماع دولتهم الاصل ايران في الكويت,sadness
حتي الاهلي خسر مفيش فايده,sadness
المعني الحقيقي لكلمه الكريسماس,joy
لو كل واحد يخليه فحاله بس!,sadness
انا خايفه مني لاني قاعده افكر اني برسب صدق والله يارب اموت وش ذا عقلي مريض خير,fear
aneen000: يبه حياتي تبيك .. دنيتي تبيك يبه بكمل مشواري ونت معي .. اشتقت لك ي ابوي,love
متابعه الاوليمبياد حاجه كويسه بدل الروتين اللي عايشين فيه دا,joy
نبغا نكتسح الحضور الجماهيري لهذا الموسم نبغا ينضرب فيناا المثل بالوفاء لنادي والهلال ماقصر معنا (57) بطوله..همتكم  معك ياهلال في اول المشوار,love
علي كثر ماني خايفه من ايامي الجايه يارب وردّها بصدري..,fear
شكلها فيها دهب زي متوقعتلو من قبل الاوليمبياد متبدا و الله يااااااااارب,none
مريييمممممم???? انا مش بروطه هتبوظي سمعتي و هعنس????????????????????,anger
ليه مفيش تفحيط في الاوليمبياد ؟ او فهلوه ؟ او همبكه ؟ او بلي ؟,surprise
خايفه جداً .. !!,fear
الاوليمبياد بالنسبالي خلصت من يومين و عندي فراغ ابن كلب، مستني بقي الclosing ceremony,none
هذه اللي خايفه منه 🙂,fear
يا جدعان الحفله بتاعه افتتاح الاوليمبياد بيحصل فيها اعجازات علميه فسيولوجيه ميتافيزيكسيه,none
قاطعوا المنتجات الايرانيه .. حقد الروافض للصحابه الكرام لا حد له النظام في  ايران نظام فاشي حاقد علي العرب ورموزهم.,anger
رسم قلب  متخيط ❤ ورسم بنت  بتعيط 👧 ورسم ورد مات  دبلان 🌸 وشاف ضحكه ع  الحيطه 😃 نسي بيها انه كان 😔,sadness
ده صحيح...لاعب الاوليمبياد بيمثل بلده .,none
مع من تحب تجد في ابسط الاشياء فرحاً 🌿  كلمه حلوه للناس الحلوه  السعاده  صداقه,love
مشششششش ممكن كيف ضيعها :/,surprise
: قد تجد سهوله في قطع العلاقه مع شخص احببته بعمق ولكن المرحله الاصعب هي محاوله قطع التفكير فيه  امير,love
؟؟؟ طبعا دا سوال مالوش اجابه..,surprise
لا نافعيين في اليد ولا في الطايره انتوا جايين الاوليمبياد ليه اساساً : D,none
:   الشعب معكم قلب وقالبا انتم منا وفينا اتمني دعم الشعب السعودي كافه لمربي المواشي لنحافظ علي ثروتنا الحيوانيه الزر…,sympathy
السؤال ما هو الهدف من الاوليمبياد ؟ طبقا للجنه الاوليمبيه و ميثاقها,surprise
يا حي ياقيوم يا ذا الجلال والاكرام فرّج عن اهوارفع عنهم الباساء والضراء يا ارحم الراحمين ويا اكرم...,sympathy
اجمل ماقيل بالحب اول علامات ان يشعر الرجل بالالم، كان المراه التي احبها كسرت له ضلعاً..!!  الرافعي,love
مايكل فيلبس واخد 19 ميداليه في الاوليمبياد تقريبا مصر في تاريخ مشاركتها في الاوليمبياد مخدتش الرقم دا من الميداليات,surprise
عضو شوري يدعو لترشيد الاستحمام  ؟؟,surprise
الاوليمبياد جايه فوقت وحش بس انا هتفرج برضو دي مسليه فشخ,surprise
يعني رحيموف دا كان بيفكر في ايه وانه داخل الاوليمبياد بالمنشطات ومفكر نفسه هيعدي من التحليل عادي من غير حاجه,none
نتفرج علي ماتشات الاوليمبياد فين؟,none
kw: فاضله تتبرع لعلاج الاخ شعبان بمبلغ 6000﷼ (3 اسهم)  اسال الله ان يبارك لها ويتقبل منها ويسعدها ووالديها في الدارين,joy
طنط ساميه شنن لازم تخرج من السجن و تلعب في الاوليمبياد ، فردي سيدات تعذيب بماء نار,none
dark20: لا شعوريا ان كنت تحب شخص : تبدا تهتم للامور التي تعجبه ، تنام وفق وقت نومه ، وتكره كل ساعه تمر من دونه,love
لجنه الرياضه في البرلمان بدل ما تناقش امور اللاعبين ال مثلوا مصر في الاوليمبياد وازاي نفيد ونستفيد ونحسن اوضاعهم بيناقشوا مشاكل الاولتراس,anger
بحضور نيمار  العراق تتعادل مع البرازيل سلبيا    وتعزز حظوظها في التاهل للدور القادم في الاوليمبياد,none
انا مش خايف من الموت ، انا بس خايف يجي في الوقت الغلط😔😔,fear
: حمله محاربه الاعتدال والوعي..هي افلاس اخلاقي توقيف حساب د.محمد العوضي   awadi  والشيخ محمدالمنجد    فضلا اعد…,anger
: اليوم عاجبني حيل مولر اشوي ماخذ راحته ومتحرر من التيكي تاكا,joy
ساعات قليله وينتهي الاستقلال ونعود للاحتلال !!!,surprise
rm: كُلما تحدّثتُ عنك : احمّر لون الكلمات ؛ وصمَت..!  غــرام,love
10  كئابه ف مكه ي الكلب,anger
ﻣـﺂ ﺃَﺻـﻌَـﺐْ ﺃﻥْ ﺗَـﻜُـﻮﻥَ ﺩَﺁﺋِـﻢ ﺁﻹِﺑﺘِـﺴَـﺂﻣَـﺓ ﻋَﻠـﻰ ﻭَﺟـﻬِـﻚَ ، ﻭَ ﺃﻧــﺖَ ﻓَـﺂﻗِـﺪْﻫَــﺂ ﻓِﻲ ﻗَـﻠـﺒِـﻚَ ..,sadness
فجاه صاروا كلهم يخافون علي مكتسباتكم,surprise
الاوليمبياد معروفه مش بتبدا الا ببدايه العاب القوي  Rio2016,none
M   ما تجيبي الايفون حبا,joy
لكل فاتنه تبحث عن التميز مع البخورالملكي????????,joy
الكوره اخذا حقها وزياده في عده بطولات . ياريت تتلغي من الاوليمبياد,none
: ومن ما جنن عقول الرجال ! مصاب بالواسواس القهرِي يتحدث عن فتاه احبها ! كيف يهزم الحب المرض؟!  حب الزوجه,love
بدون حب لن يكون هناك اي معني لهذا الكون. حتي  الجنه لا يكون لها معني الا مع .,love
انا خايف علي قلبي من احساسيَ.,fear
سؤال طيب للي بيفهموا ، هم من امتي بقوا بيشيلوا واقيات الراس ف منافسات الملاكمه ف الاوليمبياد ؟,none
مجلس جمهور الشباب بحائل . معكم قلبا وقالبا,sympathy
بس خايفه اقولها والله وقلبي موش مطوعني عشان دا موش الاهلي بتاعنا بس الحمد لله ع ال3نقط ع الحلوه والمره معاه ❤  Alahly,fear
3shr:  ثوره الغلابه الله ينصرهم علي عميل اسرائيل,sympathy
هي الاوليمبياد دي مفيهاش كوره ليه,surprise
ياجدعان المحاسبه دي بنت وسخه والله,anger
:           هم هههههههههههههههههه,joy
رحم الله ابي لاشئ يعادل عطف ابي,sympathy
Knight14   elmshnb اه اهلاوي الي ش يعرفه,joy
matooq: الحمد لله وقع فيصل الخراع لنادي الخليج والله يوفقه بعيد عن  الاتحاد حاول ان يقدم شيء لكنه لم ينجح، الدور الان علي باقي اللاعب…,joy
بيتكلم عن رفع الاثقال بس يابغل..مصر واخده 28 ميداليه في تاريخ الاوليمبياد الزريبه اللي انت منها بقي اخدت كام؟😂😂😂,anger
xlli5: واخاف انا من ليله ينقلب هالامان خوف.,fear
تجربه انسانيه عندما يعبر الطلبه لابائهم عن حبهم...كيف يكون الرد؟!,love
m 2011 ربنا يتولاهم ارحم بيهم من الكفره,sympathy
ايه ده؟ دا في ناس مفروسه ان ابطال رفع الاثقال تبع مركز تدريب القوات المسلحه.. طب يعني ايه المطلوب سعادتك؟ 😂😂 حصل انكيلاب في الاوليمبياد 😂,none
واضح اننا هنطلع من الاوليمبياد كسبانين 2 برونز وشرف المحاوله.,none
تعالي نتكلم كفنيين انتي مش شايفه ان امكانياتها تؤهلها تاخد ذهبيه في الاوليمبياد ؟,none
: الروافض امام الكاميرات هيهات منا الذله وفي المعارك يهربون شاهد اجبن خلق الله  ملحمه حلب الكبري,anger
يعني مقتنعين انو السودانيين ما كتار في الاوليمبياد لاننا اصلا ما فايتين 35مليون لكن المصرين عباره عن 90 مليون وبرضوا ما نافعين,none
احس اني بختبر خايفه,fear
خلص وصلت الفكرا .. شكرا لانك اثبتلي اني مليش حظ :),sadness
الحب وسيله و الزواج غايه فمن لم يكمل الحب بالزواج بسبب فراق ساذج، فهو لم يحب ابداً✨  خطابه  المدينه المنوره  الزواج,love
خير يعني لما اصحي علي اوكا و اورتيجا  دلع بنات,joy
كم جحدنا وّجعه باعماق الصدور نستر دموع المحاجر بـُ بسمات  الشفاه ..,sadness
علي ان باقي لي اختبارين قدرات بس خايفه بشكل مُبالغ من ذا الاختبار من زود الخوف ودي ابكي💔,fear
alzedani:   ياخي الموضوع يحتاج له دراسه. كميه التناقضات وتحوير المواضيع عند هذا الشعب اللطيف,surprise
: مؤثر جدا يدمي القلب لحظه انتشال طفله من تحت الانقاض وهي علي قيد الحياه بعد غاره جويه روسيه علي بلده ياقد العدس بريف ا…,sympathy
abdu88: الا يوجد في  العالم مسلم موحد يوقف  جرائم ال سعود بحق ابرياء  اليمن هل هؤلاء لايؤثرون بكم ايها  العرب!!؟😔  الي…,sympathy
:     سكاي نيوز     تزور فلما عن     المرتزقه الروس     في سوريا.  للعلم، سكاي نيوز مملوكه للصهيوني روبرت مردوخ.,anger
206 دوله في طابور العرض ل افتتاح الاوليمبياد مفيش واحد من اي دوله عمل تصرف شرموط غير المعرص  حماده طلعت,anger
m   qtr       3llh والسنوات الـ 20 السابقه !! مب محسوبه !,surprise
شمس في 25 12  ايه النفخ دا,anger
nasr انت فاكر ان الموضوع بسيط ولا ايه؟ دا في دول سقطت بسبب الريكفورد,surprise
انا مبنامش يا اخوانا من اول الاوليمبياد بسبب منافسات السباحه اللي بتخلص 5 الصبح 😫,sadness
يعني انهارده و انا بحلق و افتتاح الاوليمبياد شغال بيقولي تخيل لو اتعمل اوليمبياد لاسكندريه و كل ابطال المناطق جت تشارك,none
و الله تستاهل مريم حسين استفزازيه تخطي و تتمادي ثم تعتذر و ترجع تفتح الموضوع و تقذف و تتمادي و كل يوم ماسكه شخص تتمشكل معه,anger
:  الڪلام الڪتير اللي جواڪ .. مخليڪ  مُڪتئب مُـ۶ـظم الوقت  |💔💔|,sadness
الالوان مش ولابد لكن التصميم فنااان خصوصاً عماير جده القديمه ????,joy
ابقا جدع مع غيرك  متكونش عويل,anger
عطني من قصيد حبك فيني,love
عمر السومه افضل محترف يمر علي الكره السعوديه هل من معترض .,love
مبروك  محمد شاهين,joy
بطل اخر لمصر في الاوليمبياد ادعوا لمحمد ايهاب بطل مصر الذي يلعب في التصفيات الان قولوا يارب,joy
brns500: ██████████ ★ ★ ★ ██████████ اللهم انصر اخواننا في وارحم شهدائهم ❤  جمله تخليك تعدل جلستك,sympathy
التايم لاين كله يا اما كلام عن الاوليمبياد او بعض اصدقائي في المرحله الثانويه بيتموحنوا شويه,none
كفرحمره   استشهاد احمد حمدو رمضان (49) عام  نتيجه القصف من الطائرات الحربيه الروسيه علي المدينه . حسبنا الله ونعم الوكيل,anger
الله يلعن حيطتكم الغبيه صغار الشرقيه وستبغون صغار,anger
: و حياه حياتك لاتدوبي فيا واموت فيكي انا,love
كده اندي و ديلبو و نادال و الصربي وصلو سيمي الاوليمبياد مرتين,none
بعدين معقوله ماعندنا عداءات اسرع منها يشرفوا المملكه في الاوليمبياد 🏃🏼🏃🏼🏃🏼🏃🏼🏃🏼💃🏼💃🏼💃🏼💃🏼,none
الف مبروكّ للريدز .. كلوب اثبت بشوط المدربين انه مدرب عبقري ذكي .. خلص علي الارسنال من بدايه الشوط بس .,joy
ربي يكون في عون اهالي حلب وتلقي واحد تافه متعاطف مع جيش بشار,sympathy
:  حُب الكلام يموت لو عاش لحظات وحُب القلوبَ يعيش لو كان مدفون,love
مشهد دخول الفرق في الاوليمبياد من اعظم المشاهد في التاريخ.. الوطنيه والانتماء والحب.. مشهد خيالي والله,joy
: خايف اتعود علي قربك : وانا ، كلّ ما قرّبت من حاجه ، ترّوح !,fear
:  ابي   يارب انك قبضت روحا غاليه علينا ونحن لانملك غير الايمان بالقدر يارب اغفرله وارحمه ووسع عليه القبر وانس وحشته واجعل الجنه…,sympathy
واحده صاحبتي عندها 37 سنه بتقولي انا خايفه اوي كلها 3 سنين ويبقي عندي 40 سنه و انا لسه متجوزتش انا انتهيت ! من...,fear
والي جميع فصائل  حلب الحرب كر وفر يوم لك ويوم عليك.. بيض الله وجوهكم ونصركم وثبتكم..قلوبنا والله معكم.وباذن المولي ستفتح لكم كل  سوريا,sympathy
لقد تم تعطيل الحساب,sadness
: الذين قالوا عن الرئيس الشرعي خروف غدا باذن الله سيصرخون مااااااء موعدنا شهر اغسطس  السيسي عميل,anger
عيُونها مابعدها  حُب،عيُونهاا ختّمت  لِذه الاشياء فيني. 💭😴💜,love
الاوليمبياد امريكا .. بالسرعه الصين.. بالتكنيك مصر.. بالحب بالحب بالحب,none
الاسكواش لو مصنف ضمن العاب الاوليمبياد ، كنا خدنا ميداليات و احنا لسه في المطار,none
: العواد يتطاول علي اسياده الحديث من بعض الصحف  يوتيوب      مقاله    تركي ال…,anger
قيمه القلب ليست بما يملكه..! بل بمايمنحه من حبّ وعطاء وحنان ووفاء.. فالشمس تملك النار لكنها تملا الكون بالنور..!  امل  صباح الخير 💜,love
انا خايفه انزل افوّل العربيه و الله ،،,fear
رافضه تنزل  والقلب حالف مايبطل  وجع,sadness
اضراب الاطباء العمانيين6 معكم الي اخر يوم💪🏻,sympathy
محمد ناصر الحربي لاتتحداني,anger
هو باين عليا اوي كدا,surprise
باعو قصر البارون ب6مليون جنيه  وده تمن حته  ارض في اوسخ حته في مصر  قالك عصر مبارك 30سنه سبب الخراب اخرص ياعرص,anger
المؤمن يتوجّع لعثره اخيه المؤمن كانه هو الذي عثر بها مدارج السالكين 436/1  الموصل,sympathy
بعد الحاجات اللي سمعتها و قريتها عن اللي بيحصل للبنات في السعوديه ، انا متعاطف جدا مع السعوديات .. المجتمع هناك اوسخ من عندنا !!! تخيل !!!,sympathy
اذقتك حب غيري لتعلم الا اهل الحب غيري وفتحت عليك ابواب كل شي لتذوقه الم المراره العوالم الناقصه فترجع الالهي💜,love
الاشكال الضاله دي بتكتب وللاسف لقت لنفسها سوق للي بتكتبه كلام فاضي وخرف وهري نسوان فارغ لا يرقي انه يتجمع ف صندوق زباله واحد مستقل بذاته,anger
الله يرحمچ ويجعل مثواچ الجنه  ايمان المراغي,sympathy
الغاء صوت الشباب من عمر 18 لل 21 !!,surprise
ايه والله انا اللي خايفه منه انو يخلون دينيز مع تونا,fear
اكون حليت صح يعني دي هندسه اكيد في بلوت تويست,surprise
موطني هو تحت البطانيه و جنب شاحن الموبيل,joy
ما بالنا نتعامي عن مصائرنا *** ننسي بغفلتنا من ليس ينسانا,sadness
5jal:  لها  قصه قصيره الحب دعاء فان دعائي ان لاتحزن عيناك وان لاتغيب ابتسامتك وان يديم الله عمُرك فرحاً .!,love
واحد مصري مشارك في الاوليمبياد عايزه يرفع علم ايه اكيد  علم السعوديه  اسئله غير منطقيه,surprise
مين الدول اللي في طابور عرض الفرق المشاركه في الاوليمبياد دول .. ناولوني كتاب جغرافيا!,surprise
:  الخليفه  الماسوني كشر عن انيابه تجاه دولتنا وين اللي يهاجموني لاجل خليفتهم وين المهابيل اللي سهروا الليل يدعون له وتركوا الد…,anger
7 يا اهل فلسطين الجريحه لاتزعلوا وتاسوي فانتم الاعلون باذن الله ونحن اهلكم واخوانكم في اليمن معكم قلبا وقالبا والله ينصرناجمعا,sympathy
MAN       انا خايف بس عقبال ما يقضي علي المبالغ الصغيره بالسوق الموازي يكون قضي علي كام شركه كبيره بالغلط:),fear
: عن العالم وجودك بس يكفيني احبك كثر ما اطريك و انساهم .  بوح  مشاعر  شعر  كتابات  كتابه  ماضي  حاضر  فراق,love
oman لا تعمم ( قادرون) .. عمان بريئه منك ومن افعالك و نفاقك????,anger
8o: طِفله عَذّبها الغَرام قلّبها طيب حنوُن ماضّم دمْع الفِراق الَا مَخدتْها ! ~ ·  مؤلمه,sympathy
طيب يارب نيجيريا تخرج من الاوليمبياد 😐,none
الطالبه خوله طالبه طبّ بجامعه دمشق وجدت جثّه اخيها المعتقل منذ ثلاث سنوات امامها في درس التشريح عن اي الم تتحدثون.  الم  مؤلم,sympathy
ع قد ماكنت مبسوطه ماحدي باسمي ع قد ما هلا بدهن يكرهوني اسمي بالعيله ، ليش بسمو ع اسمي لييششش ???? و ياريت بنت عاقله و هاديه متلي ???? لا قرده ????????,anger
: واللهم رحمه واسعه لكل اهلنا اباء وامهات اللي سبقونا للجنه واللهم لا تجعل اخر عهد ابنائهم بيهم الدنيا ربنا يصبرهم جميعا ❤️,sympathy
اذا كان هذا هو حال فكيف هو حال سكانها ؟  اللهم الطف بهم، وعجل بفرجهم,sympathy
مذيع النايل سبورت: احنا بقالنا كتير ما اخذناش ميداليات اوليمبيه من بعد اوليمبياد لندن 2012  علي اساس ان الاوليمبياد ده بيتعمل كل اتنين وخميس,none
: المشكله الحكومه افشلت في جعل الكويت المركز المالي فحولت التركيز علي الغاء الدعوم للتوفير وبذلك تضعف القوه الشرائيه للمواطن,anger
Naif Alsaud   عطنا اسخف نكته امن وامان بقياده ابو مناخير ابن نايف   جرائم سطو وقتل في الرياض وجده,anger
2: كل شخص مُفرط بالمحبه : انصحه الا الهلالي ... خلّه يحب الهلال ????,joy
اليس هذا ما فعله جدك محمد بن عبدالوهاب الذي كفر كل بلاد العرب ، حين تحالف مع محمد بن سعود. فحصل علي كهنوت الدين مقابل السياسه؟,anger
قلبي بارد جدًا لدرجه اللي كنت خايفه اقوله كل هالفتره عادي اقوله الحين لانو معاد ينفع اسكت او اتكلم.,fear
انا ضد ان حماده يرفع علم السعوديه ف الاوليمبياد بس ضد اللي بيشتموه عشان قال انه علم ربنا فبلاش هطل وننسي ان دي كلمه التوحيد اساس دينك!!,none
: ياضايق  الصدر بالله  وسع  الخاطر   دنياك  يازين  ماتستاهل  الضيقه   الامير  خالد الفيصل,love
عدلي منصور بتاع البرازيل افتتح الاوليمبياد اهو,none
حلوتك بايد ونكهتك بايد . جوّي الان في البحرين . bhr vaper اهلًا وسهلا . الجوي…,love
bh6xx6 ما تمنيتُ سوي لقياكِ يا من لم تَرَ عينيكِ الا عين قلبي 🌹 و لا زلتُ اتمني,love
ودي اروح اتسدح بالحوش واتابع بهالجو الجميل بس خايفه🙃💔.,fear
: انا خايفه ولوحدي مش خايفه عشان لوحدي..,fear
كان في مشاكل في تمويل البعثه قاموا عملوا ستيكر عليه شعار الاوليمبياد و العلم و كان تمنه جنيه كنا نشتريه عشان نمول البعثه,none
كلمه توصف فيها دوله قطر  عملاء امريكا واسرائيل لعن الله ملكها وموزته هههه حسبي الله ونعم الوكيل  سبب الكتير من الفتن,anger
خايفه نقول الي فقلبي ديرلي سين:(❤,fear
: يشرفني ان اتقدم لمستشفي الزلفي ومنسوبيه وللزلفي واهاليه بالتهنئه القلبيه بالتمديد لسعاده المدير الحالي ا. ناصر الصافي  اهمال م…,joy
يا خساره الاوليمبياد والله,sadness
مصر في الاوليمبياد فرصه قويه لميداليه.. اللاعبه عفاف الهدهد هتشارك في نهائي الرمايه  مسدس هوا 10 متر  .. ربنا يوفقها ونتحرك من خانه الصفر,none
: الاستاذ محمود شمام   يحرج الفرقاطه. قراءه ممتعه,joy
المشكله انك كاتب صحفي وتقول هالكلام وش خليت للمراهقين والبزارين والله,surprise
لو انت فكرت تدخل الاوليمبياد وهاتنافس بقوه وتاخد ميداليه ، هاتكون في ايه رفع الضغط,surprise
اتقي الله يا اخي ذنا خايفه افتح باب شقتنا,fear
عته والله,anger
الله يوفقك وتوصل لاعلا مرحله بالدني..بتستاهل كل الخير ..لانك وائل وبكفي انك وائل..لك بعشقكككك,joy
احنا جيل اللي شاب و هو شباب ...,sadness
لغايه دلوقتي ماشوفتش ماتش كره قدم واحد في الاوليمبياد ، ممكن اشوف النهائي بس,none
كل شيء جميل في الشتاء عدا ارتجاف الفقراء.. ! وواقع  مؤلممممم 💔😟,sympathy
الواد جونيور اجاي جبناه ب 2،5 مليون وهيلعب ف الاوليمبياد ياريت يكون مستواه حلو واكيد هيغلي ف كده من النحيه التسويقيه حلو عقبال الفنيه,none
قال لها : انت فرحه حياتي. فردت قائله : وما يلزمك يلزمني.  نفسيه  الفهم  زواج  وعي  بوح  سعاده,love
الثقه افضل من الحب فليس بامكانك دائماً ان تثق بمن تحب ولكنك دائماً ستحب من تثق به.  الثقه,love
ملخص الاوليمبياد: • كان التوانسه تلاهاو باي واحد، مشي فيها • كان متبعوش و مسمعوش بيه عنده فرصه كبيره في ميداليه,none
زي الملايكه اما تشوفها .. وردايه تحلم تقطفها ..,joy
انا عروس البحر الصغير اعيش في هذا العالم وهي حياه صعبه جدا انا لا استطيع البكاء لالالالالالالل,sadness
احتفالات الاوليمبياد 1 احتفالات قناه السويس 0,none
هو انا ليه كل ما اتفرج علي حد مصري في الاوليمبياد يخسر 😏,sadness
اغبي سؤال بماده العربي,anger
باقي نُقطه ويصير اللي خايفه منه وابطل اخاف.,fear
الله يستر مصر نحن معكم في كل شيئ ولو بالدعاء      h,sympathy
رغم اني كان مش عاجبني نفاقك مع كل رئيس الا انك كنت حاجه مشرفه لمصر .. العالم المصري احمد زويل في ذمه الله :(,sympathy
وانا خايف ان الناس تسرقك مني   aljameel,fear
انا خايف لقي ثاني.,fear
والله خايفه عليهم من داعش هالمره😢 لازم وضروري يحطون امن وحرس عليهم😭 الله يحفظهم,fear
ذكري الغزو العراقي الغاشم  رغم مرور السنين لن ننسي ذلك الالم وطعنه الجار الغادر الي استحل ارضنا وانتهك حرمه الجار,anger
StaracArabia    اي حد جزمه هيفتح بقه بعد كده علي كنزه بالجزمه لان الاخترام مينفعش مع الاشكال دي واي حد حقاني ينشروه,anger
المصريين اللي في الاوليمبياد هم اللي موديين مصر هناك مش مصر اللي مودياهم .,none
نعم نحن لم نحترف حتي الان كليًا رغم مرور كل هذه السنين! الادارات..المسؤولون..الحكّام... الخ كلهم ما زالوا هواه خصخصه دون احتراف كلي ؟,surprise
: مﻻبس وماوي والبرد يتغلغل في العظام اللهم رحماك بمن هم بﻻ ملبس وﻻ ماوي حسبنا الله ونعم الوكيل  العراق  الموصل,sympathy
lo خايفه من الوقت يخلص وانا ما يمدني حتي اخلص💔احس جاتني صيحه💔💔,fear
بصراحه متعاطف مع شعب الامريكي في تيا :),sympathy
عندما تاتي كل الفرص الجميله ولكن النفسيه عكس و الظروف عكس ..! 😔,sadness
انا سمعت والدها و والدتها دلوقتي وهما بيتكلمو ف مداخله مع عمرو اديب..ربنا يصبرهم يارب ويردلهم حقها :),sympathy
الاتحاد الانتاج   النصر الوداد للاسف فشلونا عاهرات الوطن .,anger
هذا واجب علينا وعلي كل عربي شهم يحب الخير لبلده ومصر بلدنا الثاني بعد المملكه العربيه السعوديه ومصر والسعوديه بلد واحد باذن الله,joy
انا خايفه انزل اشتري :(,fear
اللهم زد وَبَارِكْ,joy
انا لحد دلوقتي ماشفتش دقيقه حتي في الاوليمبياد في اي رياضه 😞,none
كل ما اشوف الاوليمبياد اتاكد ان الرياضه دي اجمل حاجه في الدنيا والله,joy
اشتروني، خايفه تحيوني النهارده. وترجعو من بكره تاني تموتوني.,fear
: من اروع المسلسلات الرمضانيه????♥ حاجه تشرح القلب كده ????  يونس ولد فضه,joy
5jal:  تعاريف  قصه قصيره جداً الحُب ياتي دون سبب،ليس هناك قيود له لا ياتي بمال،ولا يؤخذ بجمال،ولا يُقاس ب عمر هو قدر,love
اللي ينزل خايف لحسن يموت ومادام خايف من الموت يبقي  حياتك كلها غلط يبقي تنزل عشان  تصلح حياتك  ستاموني,fear
قلوبنا معكم ودعائنا لكم صباحا ومساءا ان يحفظكم الباري وينصركم سيخلدالتاريخ بطولاتكم بحروف من ذهب 🌹🌹🌹🌹  رساله لجندي عراقي,sympathy
من بقي يشوف الشين وقل الحلا يشوف وجهك مع كل صباح 💘,love
<&lt; و  فجاه !! كرهت شخصا لم اتوقع ان اكرهه يوما. 😯 💔 >&gt;,surprise
لاني خايفه اعيد دراسه مادتين مقبول ويقومون يعطوني متوسط الدرجيت للماده بدل الدرجه الاخيره,fear
gamaal: احمد عادل ،انت برنس✌ يارب تكمل علي كده وتفضل قد المسئوليه👌  يلا افريقيا,love
رجعوا حماده ونسفر مكانه رامي لكح اهو الرجل رياضي ولياقته تساعده يشارك في الاوليمبياد,none
والله العظيم هان ف عيني كل شي بعد م شفت حاله اهل سوريا والعراق تشوف ولدك يندعس من دبابه واخوك يتشرح قدامك اي قلب يتحمل هذا ؟.💔,sympathy
كان الله في عون 💔 تتالم,sympathy
وطبعاً بعد بطوله الاوليمبياد دي وتالقه هيطلع علي اوروبا ومحدش هيعرف يكلمه وهنفضل بمايوكا اللي ميدو جابهولنا 😊😊,none
والله اني تارك غيرك وجيتك ..  مزعل الزعلان والعذال عنوه   خالد الفيصل   صباح الخير,joy
ربنا يخليكم لبعض :D,joy
هو دمارنا،والذين يقودوننا يستغلون هذا الخوف ويضاعفون في ذعرنا.!  الام,fear
مصر في الاوليمبياد .. خساره امل مصر الاول علاء ابو القاسم في سلاح الشيش امام بطل ايطاليا.. نلم عدتنا بقا ونروح  يلا ريو,sadness
:  عشــــق ك رواَيهٌ ملّيئهٌ بالحُب و الاشتياق اقرَئكْ حتّي يُداهمُني النووم .,love
مفاجاه جديده.. كيم كارداشيان تصدم عائلتها بهذا القرار,surprise
مبرووووووك لمصر البطله المصريه الرباعه المصريه ساره سمير تفوز باول ميداليه برونزيه لمصر في الاوليمبياد,joy
دا ايه الحزن دا :D,sadness
: لحسن الحظ مازلت احبك، ولا يروق لي ان اتخلي، احبك ونحن متجاورين،قريبين كاسنان مِشطْ، متلاحمان،متلاحمان لا يفرقنا احد،احبك دون تو…,joy
الميزه في الاوليمبياد انك بتخلص بتلاقي حاجه تانيه تشدك,joy
الاوليمبياد ده هايهيج ديك ابونا 😂 Rio2016,fear
الاوليمبياد السنه دي افشخ من سيدني اللي كنا بنزوغ من المدرسه علشان نتفرج عليها 😀,joy
الي هيحبك بجد هيحبك عشان قلبك مش عشان شكلك حلو او فلوسك كتيره غير كده دا مش دا  نفاق :),love
: اللهم انصر جندك المجاهدين في سبيلك في اللهم سدد رميهم واشدد ازرهم اللهم زدهم بسطه وقوه وعده وعتادا اللهم اجعله جهادا ف…,sympathy
ﺍﺣﺴﺎﺱ  ﺍﻟﺨﻮﻑ ﺩﻩ ﺑﺸﻊ 😞 ﺍﻟﺨﻮﻑ ﺍﻧﻚ  ﺗﺘﺴﺎﺏ ﻓﺠﺄﻩ 😣 ﺍﻥ ﺣﺎﺟﻪ ﻣﺘﻜﻤﻠﺶ😷 ﺍﻥ ﻳﺤﺼﻞ ﻓﻴﻚ ﺣﺎﺟﻪ ﺯﻱ ﺍﻟﻠﻲ ﺣﺼﻠﺖ ﻗﺒﻞ ﻛﺪﻩ ﺍﻟﺨﻮﻑ ﻋﻤﻮﻣﺎ  ﺑﻴﺪﻣﺮ ﻛﻞ ﺣﺎﺟﻪ ﺟﻮﻩ ﺍﻻﻧﺴﺎﻥ! 😔,fear
:  سعوديات نطالب باسقاط الولايه7   اسلوبها نتن تدعي للتحرر وليس الحقوق اهتفو خلف من يصعد بكم وليس من يخسف بكم,anger
شكرا هشام قنديل فاكرين لما قنديل قال هانعمل كروت توزيع الطاقه السولار و البنزين يعني انت خاين  انت بتطبق اجنده صندوق النقد انت بتذل الشعب,anger
aljaafri: اذا نبي محاسبه نحاسب اللي فتح لهم المشاريع… واعطوهم مشاريع اكبر منهم والان  بن لادن  تسّرح 12 الف سعودي …  …,anger
افتتاح الاوليمبياد <&lt;&lt;&lt;&lt;&lt;درس 8 الصبح 😔,none
ريش انت بوسط ريح واخاف عليك تعثر .. انا فعلا خايفه يدور وقتك وتلقي كل شيء سويته فيني انا خايفه عليك منك ومن خفّتك.,fear
انا. من الاغلبيه. الصامته ولكني. معكم بقلبي ويعلم الله اني حزين. علي بلدي,sympathy
... !!؟؟   احتجوا بالشرعيه وفي صفهم يقاتل السعودي واﻹماراتي والسوداني والبحريني ..و ..و .. !!؟؟   وتحججوا...,surprise
اختباري القدرات الصبح وماني مستعده ابد خايفه مرا💔,fear
azall hmr مالك بتتكلمي مثل المعتوهه ايش مصلحه بلد ومامصلحه يااذناب الفرس خربو بيتك فوق راسك يابنت الحوثي,anger
r1 حطيه مخيف,fear
4892:   Maryoum عيال وبنات سلمان خط احمر لك ولكل من تسول له نفسه في قذف وسب شعب سواكم ورفعكم وانتم ولا شي  كلنا سلمان????????????,anger
خايف احب غيرك وانخذل من جديد .. .. فارقتني الثقه من يوم تعتذر تجهز بدايات افراق♡!,fear
افتتاح الاوليمبياد ماحدش يفوته بقي الساعه 12 ✋,none
الكلمه ال بدايق عمرها ما بتنتسي :$,sadness
صبحكم الله بكل رضا وثبات من عنده,joy
كوره نسائيه في الاوليمبياد علي ابوظبي سبورت2,none
هجوم ساحق ماحق 😂😂  مذيع نايل سبورت  الاوليمبياد 😂😍,joy
ليس هناك ما يؤلم اكثر من ان يتجاهلنا من نُحب,sadness
: 3 اغسطس ???????? لا لاباده الشعب الايزدي مازال الاف النساء والاطفال عند داعش لابشع استغلال,anger
انتم بتعملوا دعايه له !!!؟:)))))) الناس زهقت من النقد و الاحباط و السلبيه عند الاعلاميين .. فيه مجنون حيسيب الاوليمبياد !!؟,none
كان ليها اسبابها .. كان ليا اسبابي كان للقدر اسباب كان نفسي اكمل اه كان نفسها جايز .. و اهو كل واحد ساب,sadness
نتفق ان مشاركتنا في الاوليمبياد مخجله..لماذا نركز علي نتائج العاب القوي ولدينا 7 لاعبين شاركوا في ريو ..اين بقيه العابنا التي لم نتطرق لها !,none
يا شامُ، انَّ جراحي لا ضفافَ لها فامسّحي عن جبيني الحزنَ والتعبا وارجعيني الي اسـوارِ مدرسـتي وارجعي الحبرَ والطبشو…,sadness
متنفس للضيق متنفس للخيبات وقله االصبر والحيله 💔😢 حتي هو اصبحت لا اجده حين احتاجه,sadness
mosmos: قلوبنا ودعواتنا معكم❤  رساله لجندي عراقي,sympathy
الاوليمبياد ؟ الواحد يلحق يدور في جوجل علي رمي الجله و الباليه المائي و القوس و رباعيات الخيام عشان نعرف نهري مع الناس اللي هتهري,none
مصر بتتشولح يا جدعان في  الاوليمبياد 😂 .. لازم نتصرف ✋✋  يلا ريو,none
Eng  مش عارفه الصراحه معرفتش انام XD,sadness
تواضروس: الحريه الزائده  مضره .. ويجب تشديد الرقابه علي الانترنت مش ناقص كمان غير انه يطلب بمحاكم التفتيش بتاعه العصور الوسطي,fear
المبدع اسلام سعيد .. من جديد بشوارع روما ..  شير وادعم النجم .. احمد فؤاد نجم بشوارع روما,love
. . . من براد الجرح : موجعني الحنين ! ضمّني محتاج ضمّه دافيه لا تغرّك كذبتي (ماني !) لا تظنّ انّي بخير و عافيه,sadness
والله ان قلوبنا تتمزق علي المسلمين و يقتلني اننا عاجزين ووالله ان العقيده التي تجمعنا بكم لهي اغلي من هذه الارض ف عذرا,sympathy
ganime حضرتك متعرفش امتي القنوات الجديده هتشتغل في مصر انا غلبت مع cne ????????,anger
حسبي الله عليه ولد بوسان القذر💔,anger
انا بس متعاطف معاها جدااا بعد ما قالت قصتها,sympathy
taaz وانا وربنا عندي بااااااااطنه  :(,sadness
: اللهم انزل امنك وامانك وحفظك وحمايتك لاهلنا في  تركيا اللهم من ارادهم بسوء او اضطراب فابطل كيده، وافضح امره، واجعل دائر…,love
الاوليمبياد فيه 2 اتخطبوا وقدملها الميداليه😍😍,joy
جديد المبدع ابراهيم عبد الحليم :: تعال نتلم :: 2016   via,love
انتظرنا بالشارع مده ساعتين في رعب و خوف لما رجعنا لقيناه نايم حتي ما فكر او خاف علينا وتحكوا ان ولي الامر ما يظلم! 14 عمري ! وبالشارع مطروده,fear
راح,sadness
تركي العواد يسيء للسعوديات لا يضر السحاب نبح الكلاب,anger
مسابقات الاوليمبياد هتبدا بكره في البرازيل البتاع ده انا كنت بحب اتابعه جدا وانا صغيره 😂,joy
الشيشه ياعم خالد 😂 و نشيل شعله الاوليمبياد و نحط معسل 😂😅✋ و اهي منها رياضه برضه 💃👌  معاك في السكه,none
الحياه ال ف خيالي حلوه اوووي : ),joy
اجاي لاعب الاهلي الجديد بيلعب دلوقتي في قبل نهائي الاوليمبياد,none
اللهم في هذا البرد انزل علي جنودنا المرابطين دفئك ورحمتك وسكينتك و احفظهم بحفظك ✨ ✨,sympathy
الاوليمبياد بتيجي علي قنوات ايه يا شباب للمتابعين ؟,none
n alroqi: فيني من الله قلي كيف ما فيك خوف . . سلطان بن نايف,fear
احنا تقريبا مش هناخد دهبيه في  الاوليمبياد دي الا اذا عملوا مسابقه رقص شرقي 😀😀,none
: نزعه عاطـفه شوق و عناق تحس به مثل  الدفي في يدينك • اجمل تفاصيل الهوي اثنين عشاق  واحـد يغيب وواحد  يقول ويـنك,love
انا خايفه اروح كارفور مش عايزه حاجه تاكدلي ان انا بقيت فقيره,fear
معكم قلبا وقالبا 💜  ظلم طالبات كليه ضريه,sympathy
كازخستان دي الواحد معرفهاش الا في الاوليمبياد,surprise
برافو...صوره معبره بس انا خايف ان لا حياه لمن تنادي. المدخن العربي مدمن نيكوتين ولا ينافع بهذه الصوره المرعبه,fear
: غوار الطوشه يولول كما كانت النساء قديما تولول.. الولوله صنعه تركتها النساء و تبناها دريد الفار خوفا علي بشار الحمار,anger
كل المشتركون في الاوليمبياد فائزون .,none
دي ماكس؟ ماكس مش بييجي عليها ماتشات خالص دلوقتي. الاوليمبياد مش مشفره اصلاً,none
3imad     10 رائع وعصري وانيق ولايق علي الملكه,joy
alnogaidan هذا بدر!!  الا حمار ارعن مقبور لعنك الله انت معاه وحشرك معه ايها النقيدان الخنزير المريض,anger
net يسعدك ياغالي..,joy
هم عملو اكثر مافعله اردوغان الم تعدمو الاخوان علي مر السنين الم تقتلو الناس بدون اي شيء يعني هدا بخرير منكم,anger
من كثر ماني خايفه عليك صرت اردد الله يحميك,fear
كروس اُصيب !!!!! ويني انا عن تويتر 💔💔💔💔💔💔,surprise
هو الاوليمبياد كله مفبهوش غير صينيين ؟؟ كل لما اقلب التلفزيون الاقي قطه شايله بار ب100 كيلو .. هو في قطط كده !!  اوليمبياد ريو,surprise
تعبت من كثر ماني ! / وتعبت من كثر ماني  اتالم ؟ / وليا متي وانا اقول بـ  تزين ! / وليا متي وانا انتظر ما  تعلم ؟ . . . . مساء الخير 💔,sadness
متعاطفه مع سوسن،وبنفس الوقت م ابي تيم ومايا يفترقوا.💔😢,sympathy
الفضل لله عز وجل وحده ومنته الاعلان عن فك الحصار عن 300000 محاصر داخل حلب كلنا جيش الفتح,joy
كلنا نبي ننصر روان ونبين الحقيقه بس احترم قرارهم وللمعلوميه ما تواصلوا مع اي طرف حتي الان.. مجرد ناس يتكلمون باسمها,love
Ashmawi الله ينصرهم والله اني امس قابلت فلسطيني يشرح لي الوضع هناك ماساوي جدا كان الله في عونهم شئ يقهر 😢,sympathy
ازاي,surprise
اسمي المشاعر والاحاسيس يشعر بها الانسان تجاه الاخر فالحب ليس مقتصراً ع شريك الحياه بل حبنا لاقرب من اخوه صديق…,love
sliem: فوبيا  خايفه اكون تقيله ع الي قدامي..,fear
و انت بخييييييييييييييييير يا كبير,joy
: هو لسه فيه ناس بتضحك علي مسرح مصر !!.😐,surprise
: ╮• اِلاشتياق اَن اتحدثَ مع رسائلكَـ في غيابكَـ ╮•,love
ليس من هوايتي.. لكني اعرف عنه الكثير و الكثير.. الحب حب الام و حب الوطن و حب الحبيب و حب الصديق و حب الخير…,love
غياب الاب يعني غياب الامان غياب الام يعني غياب الحنان واجمل الايام واحلي اعوامنا تلك التي عشناها بين امان وحنان 🌹,sadness
علي فتحي اتصاب ومسعد كمان؟؟,surprise
اي والله اني احبك واعشقك كلي ياللي بقلبي محد يوصل مواصيلك ان كنت تعشق خفوقي يالغلا قلي يا زارع الحب ابشر في محاصيلك  حنين  مشاعر,love
انا لله وانا اليه راجعون ، وداعاً  محمود عبدالعزيز,sympathy
الپاها عليكي و خايفه عليكي,fear
خايفه ننام نصحي نلاقيهم قفلوا نص الوزارات 😂,fear
Odeeb غلطه مطبعيه الواد صاحبي ابن الكلب قالي غغط وبعدين صلحلي :(,anger
محمد بن عبد الوهاب المرتد قتل و دبح و كفر المسلمين في ارض الحجاز,anger
فهمني وضعك بفلوس انت؟؟ ولا خباثه انتخابيه؟؟ لا تدعي الحياديه وانت منتب حولها...ولا تتدعي الاصلاح وانت كذاب  بني هاجر,anger
: حازم امام هو اللي شافط مخزون السعاده في الكون كله، الصوره دي مبهجه جداً بجد.,love
2015 سنه فرديه ربنا يستر علينا كلنا !,fear
جوزف سكولينغ ...بعد كام سنه من حصوله علي نوبل الاوليمبياد   ..من الممكن ان يصبح برادعي سنغافوره وقائد ثوره شباب سنغافوره .... صناعه العملاء,none
محدش وصل لمستواها المتدني اخلاق واسلوب وجوهر كله صفر شكلها صحبتك فالشغل  MohammadChahine  محترم وطيب وابيض مش سواد وغل شبهكوا,anger
اغلب الرياضات اللي في البدايه جميله بس العاب القوي اساس الاوليمبياد ..,none
احا  هو في تسريب تاني؟؟,surprise
Cule يججي خخخوف ☻,fear
! نهايه دراماتيكيه,surprise
ياسامي قواد .. كيف تريد منا ان نحترمكم واساسا دينكم مبني علي سب وشتم وتكفير الصحابه وزوجات النبي,anger
اشهدُ ان لا امراه ً  تشبهني كصوره زيتيه  في الفكر والسلوك الا انت  والعقل والجنون الا انت   نزار قباني…,joy
.  لحق بالركب و انضم الي الوفد اللهم اجعله منهم ????????  ( يوم نحشر المتقين الي الرحمن وفدا )     استشهاد بداح سعد السبيعي .,sympathy
Mhrgan El Kama W Eslam Fatla   2014  مهرجان القمه و اسلام فانا  النسخه الشعبي  np on  SoundCloud   idek what this is.,joy
ولا عارفه احل شي، اكلت هوا,anger
ياه اوحش حاجه انك تظن في حاجه وتنسي ان بعد الظن اثم,fear
انا لا اخشي البوح⁰لكنَّ المي اكبر من ان يُستهانَ به ⁰في اللحظه التي اخبركَ بمرارته علي قلبي !⁰,sadness
:   Rifi  ريفي  اشرف ريفي  دجل  نفاق ترفض  النسبيه و تقبل  الانتخابات  طلعت ريحتكم  بدنا نحاسب  بيروت مدينتي,anger
خايف يخون الصمت و اتكلم .,fear
2p4  التعاطف معاه امر مفروغ منه بس العلاج اتوقع افضل😔💔,sympathy
الحقيقي نبض متكامل لايفصل العيوب عن المحاسن في عيون المحب.,love
يقولون متضامنه مع اهل السرطان الله يكفي الشر مدري صدق والا كذب,sympathy
السلام الوطني الامريكيي اتكرر كتيرفي الاوليمبياد لدرجه اني حفظته اكتر من سلامنا الوطني !,surprise
اللجنه الاوليمبيه واقفه الكويت عن اللعب في الاوليمبياد،واللاعب بيلعب تحت علم اللجنه,none
so1: احمد جاموسه الجاهل عدو مصر وعدو الاسلام داهيه تاخدك منك له,anger
انا لو دخلت الاوليمبياد هاخد ميداليه برونز 😃 عشان انا تخصص برونز ديزيس 😂,none
alshmrani   سبحان الله الاستاذ اصبح تلميذ في مدرسه المشككين الصفراء ومديرها المريسل وين الرزانه والثقل والا كبرت وووووو,anger
في 2011 لم يكن خفيا عداء حفتر و اللواء يونس. و لكن اتهم الزنادقه و الارهابيين بقتل اللواء يونس رحمه الله.,anger
الحكم مهزوز,fear
همسه للعاشقين اقصي نجاح تحققه في الحب ان تجعل من تحب يبتسم لمجرد رؤيتك مهما كان مزاجه سيئاً  متلازمه حب  عاجانيات  بوح  الاحساء,love
انا خايف من الدنيا .. عقب عينك !,fear
القنوات اللي بتذيع الاوليمبياد نايل سبورت ودبي وابو ظبي الرياضيه,none
مهما اي دوله عملت مش هتوصل للي عملته الصين في الاوليمبياد,none
اعاين عالدرب بلچـن يمر خيـال 😥 يگلي افرح رجع ذاك الذي افگدته 😢  حب  حزن  فراق 🇮🇶,sadness
56  كوسوفو اول مره تشارك في الاوليمبياد احدث الدول في الانضمام للتجمع الاوليمبي انفصلت عن صربيا 2006 ولحد دلوقت فيه حوارات مع كييف و موسكو,none
مصر الدوله الوحيده المشاركه من مصر في الاوليمبياد,none
احس اني بحلم،وبصحي وبينتهي كل اللي صار،واجي لمك يبه واعلمك اني خايفه من حلم:حلم كبرني كثير،علمني ان الموت لازم يصير💔.,fear
فيه لاعب جودو مصري هيلاعب واحد اسرائيلي في الاوليمبياد ياريت يلعب ومنسمعش حوارات الانسحاب والهطل ده,fear
ان شاء الله مصر هتطلع من الاوليمبياد ب6 ميداليه اوليمبيه مصر فيها ابطال والله العظيم,none
وجيه شرفت الكويت خير تشريف ????????????!,love
ايه دا ازاي البنت دي سمرا ازاي يجيبوا بنت سمرا ف الاوليمبياد تلعب ! اصل انا ابيض و قمور و مامي و قشطه,surprise
نيالو لي عندو حبيب😢,sadness
بوح  ياحادي العيس وينك غايبٍ  مده اليوم لاعيس لاصحرا  ولا حادي  ماغير ذكري تهز القلب ??وتهده واقول عادي وهو والله مهو عادي  ? ?  ذلك الرجل,sadness
خايفه يبرد شعوري لك وما عاد اشتاق خايفه يمر الوقت بدوني واحد يمليه لك خايفه قلبك ينساني وتحب غيريِ..,fear
: ليتني كنت معكم احمل شوقا لتلك السواقي لتلك الضفاف لتلك الازقه الضيقه لتلك الحبيبه موصلنا الرقيقه  العراق ينصر الانسانيه,sympathy
Nahla: اذا كان لكل قاعده استثناء ، فالحُب ؛ يصنع من الاستثناء قاعده.  الحُب,love
96: افراح وَ سرور يوم ميلاده ، اعياد وَ زهور يوم ميلاده ????????    مولد السلطان ..  رضا جان,love
النهارده عيد ميلاد اخويا الصغير و جاري في الاوضه بتاعتي كل سنه و انت طيب و ربنا يكرمك و يوفقك و يخليك لينا …,love
اللهم احفظ اخواناً لنا في  العراق  الموصل وفي و  غزه و  بورما اللهم انا نستودعك اياهم فلا يعلم بحالهم الا انت اللهم وحد صفوفهم امين,sympathy
mem انا كنت خايفه فعلا و هي سايقه بس هي بتسوق كويس للحق يعني ، بس ده ميمنعش انه البنت ملهاش غير بيتها و جوزها بلا سواقه بلا هم,fear
العجيب في الحب انك لاتتعلق فقط بشخص واحد،، بل تتعلق به وباهله ومدينته وتحب حتي طريقه نطقه لبعض الكلمات،، ثقافه لايتقنها الكثير..!!,love
نخف تريقه علي بتوع الاوليمبياد ياخوانا مهما عملوا دول ناس تم اختيارهم تبعا لفوزهم ف البطولات والتصفيات القاريه يعني مهما انت عملت اخرك تكتب,anger
اع اد ما مستنيه السنه الجديده تيجي يمكن يكون الخير فيها وربنا يعوضنا عن اللي فات بس ف نفس الوقت خايفه تثبتلنا العكس ويبقي سنه من عمرنا وخلاص,fear
ضميني علي صدرك عيشيني العُمر عمرين قولي انا قلبك انا عيونك الثنتين😴💜  رتويت  رومنسي  بوح  خواطر  غزل  شوق  ذوق  صباحيات  جميل  رائع,love
: ✔  العريفي احدابطال  فلم المال الحرام يحرض علي الامير ????عيني عينك ????اتق الله يامن تنشره وتعلم انه كذب  فيديو في30ثانيه,anger
ومن هنا طلعت بحاجتين الاولي ان معظم تفكير الولاد تافه وسطحي فعلا ومايعرفوش حاجه اسمها علاقه راقيه مجرده من اي مصلحه او مطمع الا من رحم ربي 4,anger
ماتورونا نفسكم كده في الاوليمبياد 🤔,none
1) ما اصعب ان  تشعر بـ  الحزن العميق وكانه كامنٌ في داخلك عريق تستكمل  وحدك  الطريق بلا  هدفٍ بلا  شريكٍ بلا  رفيق  احلام العاجز  بوح,sadness
:     حسبهم الله ونعم الوكيل لتعلموا بان الاخوان ارهابيين استنكاروا الطيران الفرنسي ولم يستنكروا الطي…,anger
الله يخرب بيت الاوليمبياد اللي فتحت عينيكم دي😂😂😂😂,anger
انا هبدا اشك ف تويتر نفسه فعلا .. كل ما ادخل و اشوف الهووم ، كميه شتايم ملهاش لازمه ف الكلام كمان بس هو احش…,surprise
: جنودنا البواسل نحن فخورون بكم وقلوبنا معكم حفظكم الله وسدد خطاكم  جنودنا البواسل  عاصفه الحزم  القوات المسلحه  السعودي…,sympathy
: ثم انني بكيت خائفه من وحدتي، بكيت لاني ايقنت ان لا احد سيهمه امر دمعي بعد امي 🍂,fear
ياربنا فانصرهم واجبرهم واغثهم,sympathy
: سالم زهران.. “موتوا بغيظكم”,joy
ما ذنب هذا الطفل والالاف من الاطفال في .. الله ينتقم من  بشار وكل من عاونه من حكام العرب والغرب  دوما تباد,sympathy
افتتاح الاوليمبياد و البطوله نفسها بالنسبالي بتبقي فرحه بعيدا عن اللي احنا فيه,joy
جوووووووووووول,joy
ام علي ❤ ربنا يباركلك في محمد وعلي ولطفي  وربنا يخليكي ليهم ويخليهم ليكي وميحرمكوش من بعض ابدا ان شاء الله,love
: مصادر/ محمد عبده     سيميت     حفله غنائيه في  الطائف تزامناً مع الحرب التي تخوضها  السعوديه. عيب عليكم حرب واغاني وطرب كيف ينصرنا…,anger
اللهم اني اعوذ بك من قلب لا يخشع و من عين لا تدمع و من دعوه لا يستجاب لها .,fear
الاهتمام 😃❤💛,love
ايها الابطال قلوبنا معكم وانتم تقاتلون وحوش الارض الدواعش دعائنا دائم لكم بوركتم وبوركت تضحياتكم  العراق بكم ينت…,sympathy
558: . ربي امسح علي قلب امي براحـه تسّر نفسها و تهديء قلبها فَـ انت ارحم الراحمين ..,sympathy
السيسي موصي بعثه مصر في الاوليمبياد يخرجوا من الدور الاول كلهم ويرجعوا بدري عشان الاكل في البرازيل غالي 󾌰,none
fff: 💟 ماهو كلمه تقـــــــال ّّّ الحب اكبر من جمييع المعانــي  صدق  تضحيه  وفاء  قروب كايدهم للدعم  قروب فوضه مشاعر…,love
كان الله في عونهم  النازحون اخواننا,sympathy
الله يوفقهم ويحفظهم ويسعدهم ويعينهم ويطول بعمارهم يارب العالمين,sympathy
alshmiri:  ريال مدريد اتليتكو مدريد كريستيانو وزيزو ،متعه كره القدم وشموخها وحكايه تروي للاجيال الكرويه الي الابد ????.,joy
: هاشتاق ركيك يحاول اخفاء عيوب الجامعه  ولاكن اذا كان همكم اخفاء العيوب وليس تعديلها هنا المصيبه     نجران تفخر بجامعه نجر…,anger
ضحكتها بس لوحدها قصيــده شعــر,joy
:  لا يستقيمُ  الحُبّ الاّ علي ساقين .ساقُ  الاهتمام وساق الاحترام .اذا فُقِدَ احدهُما فهو  حُبٌ اعرج  والحبّ الاعرج لام…,love
وربي خايفه من التعادل,fear
ياغيابهم .. ليتك تذوق غيابهم : ((,sadness
صباحكم بطعم فرحه ابطالنا في الاوليمبياد 󾌧,joy
معرفش ليه اجواء الاوليمبكيات دي بتفكرني بمشاركاتي في اسابيع شباب الجامعات، انا نفسي اشارك في الاوليمبياد ولو كجامع كرات,none
: ،، صبااحي يقتضي وجودگ .. °° گي اشعر بروعته °° صَبااحِي انت،،  صباح  حب  …,love
s3ud: هي خايفه حزنها يطغي علي الرسمه و هو خايف تغيّر الفـرحه ، ملامحها .,fear
البت المصريه اللي رمت السهم بره اللوحه لاول مره في تاريخ الاوليمبياد مثلت حياتي في رميه .. تحياتي 😂😂😂😂,none
هو اي دا ياجماعه هو ده بجد مش عارفه ليه خايفه بعد ماسمعت الفيديو ده,fear
الاوليمبياد دي لو كانت بتتعمل في الدمياط مكانتش هاتبقي فاشله جماهيريًا كده,none
المصريين داخلين الاوليمبياد تمثيل مشرف,sadness
ادي اللي ف بالي بالملي قمر ومن السما نزلي.,joy
سيد عبد الحفيظ: جونيور اجاي سيعود الي بلاده عقب انتهاء الاوليمبياد لقضاء فتره راحه ومن ثم العوده للانضمام الي الاهلي .,none
و فجاه بعد ما كان المذيع نايم لقيت مذيع بزعق علي نايل سبورت  Egy  handball  Rio2016  شجع مصر  مصر في الاوليمبياد,none
:  زواج الشيخ محمد العريفي مبروك ان شاء الله  بصراحه ذكاء يتزوج مثني و ثلاث و رباع و و يرسل الشباب للحوريات  طالما هناك شعب غبي,surprise
و فضلت اقول لنفسي ، هيا ماما فعلا بتحبني لدرجه انها شيفاني زي الملايكه ؟!,surprise
معلقي نايل سبورت يا جماعه هما هايلايت الاوليمبياد دي والله 😂😂😂😂,none
اخيرا لقيت ماتش تايكوندو في الاوليمبياد دي 😍,joy
والله انا خايف يا سيسي ان يوم القيامه تطلع مجنون ومرفوع عنك الحساب   والله انا يومها ييجي لي شلل رباعي,fear
اشوف الناس تلوم البنات اللي شاركوا في الاوليمبياد. والمشكله الناس دي ما تقدر تسوي ربع اللي سووه. شخصياً، فخور بكل من شارك. مهما كانت النتيجه,none
اتقي الله ما يجوز تدعي ع اخوك. المسلم . وحكام الامارات قمه في التعامل والرقي والدليل محبه شعبهم لهم ????,anger
لكل محل مايحاسب الا بالكاش ، انتم تستهبلون؟ لا من جد تستهبلون؟ قدنا بنخلص 2016 وانتم لسي ماعندكم سحب بطاقه.! .,surprise
: اذناب ايران الاشكال هاذي اعداء الانسانيه ولسلام الخليجي ولعربي ولعالمي الله ينتقم منهم قولوامين  عينات مستحيل اهضمها h…,anger
ازمه الثقه التي يعيشها السوريين كارثيه! كلما زادت ازمه الثقه كلما زادت مصاعبنا ازمه الثقه اضحت بين الشخص ونفسه!,surprise
2016: ..اذا  احببت شخصاً خذه معك في رسائل السماء دون علمه .. فان الحقيقي    دعاء  ...💕❣,love
لا فهمت بس نفسي ببرنامج كل ماسال واحد رح للمكان ذَا وانا بيني وبينك انسان طماع من كثر ماسمع عن تركيا نفسي ازور الاماكن كلها,joy
خايفه علي عيالي من دحين نفسي اربيهم زي ما ماما ربتنا 🤕,fear
جميلين الاشخاص اللي يغيرون مزاجك بجمال كلامهم ❤  مساء الخير  شوق  دبي  الامارات  السعوديه…,love
من  اروع ما شاهدته هذا  اليوم قمه  الابداع من البوم  قديمه و الجديد كليب//ياس حبي عبدالعزيز المرشدي (صوت الشمال),joy
1889: تخاف تذكرني ، وانا خايف انساك,fear
سوء محليين او مجنسيين ربعنا دائماً مسيطرين علي الصداره في الاوليمبياد 🇧🇭❤️😎,joy
سلاماً علي مَن يجلِسُون وحيدينْ ينتظِرون مِن ربّ العِباد الكريمْ فرجاً🌸🍂,sympathy
لعبه ممتعه والله علي الرغم ان مش بحس ان فيها تنافس حاد اللي هو قمه المتعه في الاوليمبياد ، متعتها بالنسبه لي في الاداء الجميل بس,none
اعشق ابتسامه تلك الفتاه الجميله عندما تظهر الغمازات بخديها,love
عقبال ما الدور التركي السوري السعودي الاردني الكوني ما يلعن ابوكن علي ابو ابوكن بالضاحيه و نعمر سوريا من حجاره الضاحيه وقم,anger
Alhilal  FC: يازعماء هذا الحساب اُنشئ من شخص مُحب وعاشق للكيان الهلالي وامرني ان ادعم كل هلالي يتابعني والخاص مفتوح لكل شخص بارسال…,love
: شيئ من الخذلان يلامس قلبي.....  خيبه,sadness
دي فازت بميداليه ذهبيه خمسه اموووواه ..... في الاوليمبياد,joy
Almadani   نسيت من ربك قول بشار الاسد ؟ حتي الكفر كفرتو,anger
احتواء واكتفاء ..💘,love
حط نفسك مكان اي امريكي دلوقتي وتخيل لو مرتضي منصور بقي رئيس الجمهوريه وقولنا ايه احساسك  انا متعاطف معاهم...,sympathy
محدش يعرف موقع بينزل ملخصات فيديو لماتشات في اي لعبه في الاوليمبياد؟ عايز تسجيل لماتش امريكا وكوريا في القوس والسهم :D,none
بقيت بتخنق من اي حاجه صغيره :s,sadness
اللهم انهم مغلوبون فانصرهم ربي قد مسّهم الضر و انت ارحم الراحمين .  العراق,sympathy
ممدوح طه و ضياء جوده،، قالولنا احنا رايحين نجيب ميداليه لمصر في الاوليمبياد... ربنا معاكم يا رجالتنا يارب دهب يا ضياء 💪,none
s: حفتر يمثل الثوره المضاده في  ليبيا ويجمع حوله بقايا عصابات القذافي ومسؤول عن معظم الازمات داخل ليبيا بدعم سخي من جماعه ابوظبي.…,anger
سلاما علي عيني  ذاقت  العناء ومازلت  تضحك وفي قلبها فوق  بكاء,sadness
لا يوجد في الدنيا  وجع يضاهي وجع الاحبه 😢,sadness
احلي مسا علي عيونك يا زنن .عندي دي,joy
انا اختباري بكره مو عارفه ايش اسوي خايفه مره ومتوتره ايش تنصحيني؟؟!!,fear
:  حينما تتوقّف روحي عن عشق روحك سيتوقّف قلمي عن عشق الحروف   MBC4,love
هو اشرف محمود بيقلب عيش في الاوليمبياد مادام مفيش دوري 😂😅,none
: زكي شريف يقبل جدته ويتمني لها الشفاء: شارك الفنان اللبناني زكي شريف جمهوره صوراً له مع جدته التي تتواجد في ال...,sympathy
و جديا يعني رجعت خايفه من هرجه عظامي .. احد يقتلني😂😭,fear
بيحرقني قلبي اصبحت خائفه ان اكسر قلب قد اصابه ما يكفي من الالم اخاف ان اكون سبباً جديد لوجع او حزن لن اتحمل ان اري الالم بعين من احببته,fear
الصباح الجميل ؛ يشرق باحبه نرفع اكفنا لخالقنا بان يحفظهم.  بوح  مشاري الحمود  صباح الخير  حياه  سعاده,love
الحلل واحد اقول صف الدور ياخوووي الحظ معاااند????,sadness
موجع ان تكونَ صراحتنا العَميقه ، و صدقنا العَظيم سببًا لـ كسر نفس والقلب ..!!,sadness
كان بيقولي طول ما ابوكي عايش متخفيش ..اهو انت دلوقتي خلتني لازم اخاف ????????,fear
وفد مصر داخل احتفاليه افتتاح الاوليمبياد بترنجات من ميدان الساعه 😂😂😂,none
الله يعينكم ياخواننا والله ❤❤❤❤  الحكومه والاسعار,sympathy
عذرا نويتن ف رنا سماحه سر الجاذبيه  رنا سماحه في انت حر,joy
تحيا مصر بشبابها اللي شرفوا مصر في الاوليمبياد,joy
students: امنا زينب الغزالي السيده التي عذبت في سجون عبد الناصر  فقط لانها ارادت ان تعيد الاسلام في القلوب .   ام الصابرين,joy
:  هبه مجدي الف مبروك بجد ربنا يخليكوا لبعض فعلا شخصيه محترمه واتجوزتي شخص محترم  يدمها عليكم سعاده وفرح علي طول يارب,love
: عذرا  فرنسا فانها اعجبتني عذرا يا تركيا فانها ابهرتني عذرا يا برطانيا فانها اقنعتني عذرا يا امريكا فانها انجبتني انها فلسطين ب…,love
من كثر ما انا خايفه من اختبار القدرات قايمه من الساعه 8:30 والمشكله ان اختباري بكره😭😭💔.,fear
for Randa انا خايفه يا جماعه .. خايفه حتي معرفش اسافر و البلد دي تقفل بابها عليا.,fear
hfc:  حساب راقي يستحق المتابعه  ❤༄رووووعه  ∏✥ ❤༄༅ذوق ∏✥✥ ❤༄༅ابداع ∏✥✥✥ ❤༄ اخلاق ∏✥✥✥✥ ❤༄༅تميز ∏✥✥✥✥✥ ❤ ༅ اناقه ????????????????????????????    …,love
: • صادِق  الحُب ان تبعث رسالهً الي هاتف مَن تحب، ان تقاوم رغبتك في تاجيل كتابه الرساله او ارسالها.! • • •  كتابات يوسف  كوب لشخ…,love
مسحِت اوُجاعهم وخِبيت وجعِي صِنعت لهم فرحه,sadness
: الله معكم باذن الله  اضراب الاطباء العمانيين5,sympathy
هنالك صدمه علاجها وهنالك صدمه تُخرس الدموع واللسان !! ~~ بقلمي,sadness
05b5: ⠀ من جنون   الفقد   واشيائه ، تخيل من سالني كيف حالك ؟! قلت هاته.. ⠀ ⠀,sadness
ميسي ولا اروع ❤️❤️❤️❤️ دمت رمزاً خالداً للبلوغرانا يا ليونيل ❤️,love
yoka isa اي خدمه انت بس تؤمري ^ *,joy
جامعه الشنان بسراحه ك طالبه صرت خايفه ع مستقبلي بهالحامعه الي اييين ي جامعه الشنان؟!!!!,fear
: اللهم صلّ وسلم علي نبينا وحبيبنا محمد، اللهم صلّ وسلم عليه عدد ماذكره الذاكرون وغفل عن ذكره الغافلون. صلّي الله عليك ياحبيبنا مح…,love
alkohlani:   هم خايفين من قبائل نجران لا تتحالف مع اليمنيين ويتم اسقاط المدن بسرعه,fear
:  PS4share ابعد هدف بتاريخ فيفا !!! يالبرنس,surprise
كل مره يصدمنا بقفله اقوي من اللي قبلها، 🔥🔥!,surprise
يا جدعان الشوارع فاضيه في البحرين اتاري البلد كلها في الاوليمبياد 😂😂😂,surprise
ايناس خورشيد اللي خسرت مصارعه الاوليمبياد، ظابط خدمات طبيه في القوات المسلحه، و لو كانت كسبت كانت المؤسسه طلعت بيان فخر لواحد من ابناءها,none
org: نحن نعلم انكم تعانون لذلك سنكون معكم حتي النهايه  yemen,sympathy
حينما تبتسم وتتفائل وتنسي همومك ، ياتي من يضغط علي جروحك كي تضعف من جديد .,sadness
SAFAVI60 هناك تخاذل عربي مهين للامه وكان ع رؤوسهم الطير مما يجري من احداث مريعه ع الامتين حرب ع حلب وكانها لاتعنيهم حادث فرنسا نلهث,sadness
اعتقد الخبر كان في الامم الافريقيه مع كامل الاسف فريده لم تؤهل للدور النهائي في الاوليمبياد ولكنها شرفتنا,sadness
اللهم كن لاخواننا المستضعفين في كل مكان. اللهم فرج عنهم، وانصرهم علي من بغي عليهم. اللهم عليك بعدوك وعدوهم يا قوي يا عزيز.  بلاد الشام,sympathy
يرضي مين ده ياربي النتائج المهببه للعيبه المصريه في الاوليمبياد,sadness
: احدهم اهداني عشقاً دون ان يخبرني كيف احارب اﻹشتياق كل مساء ...  امير,love
يخونك اللي مستحيل يخون ، و يحـبك اللي ؛ ( ما توقّعته ) !!           🤔💔؟؟؟!!,surprise
yousef خلاص يا شيخينا  مافي غير  نزار قباني لهاذا الاسبوع نحن لا نعترض ولكن هناك من هم احكم ونحن نتعلم منك وعلي يدك فلا تنسي هذا,surprise
جهاد جريشه مشرفنا في الاوليمبياد واللعيبه بتجري وراه بعد الماتش كالعاده 😂,none
ملخص الاوليمبياد : احنا معندناش حد بيعرف يعوم ولا حد بيعرف يتخانق احنا بنعرف نشيل,none
امي خايفه عليا زياده امي حاسه ان هيحصلي حاجه في ايه ؟,fear
فاتحين افتتاح الاوليمبياد عشان نتفرج علي نسوان logic,surprise
البنت هذي مدينه عمري الباقي يا كثر ماني علي فقدانها خايفه.,fear
الاطفال اتقوا الله في الاطفال خاصه اليتامي منهم فلاتبخسوهم الحقوق والاموال قال الرسول صَل الله عليه وسلم (انا وكافل اليتيم كهاتين ),sympathy
: روايه لوليتا من الاشياء اللي اثبتت لي ان تفكيري تغير 180 درجه.اول ماقراتها قبل اكثر من 3 سنوات كنت متعاطفه حرفياً مع همبرت…,sympathy
اسفه بس فريق اللاجئين ده فكره سخيفه جداً   لان اجمل ما في الاوليمبياد ان كل لاعب بيشرف بلده مش نفسه  RefugeeOlympicTeam  RefugeeOlympicTeam,none
تايكندو في  الاوليمبياد ووصلت لنصف النهائي وستلعب مساء اليوم,none
مش عارف ليه حاسس اننا حناخد صابونه الاوليمبياد ده,fear
نزاهه:اسلوب تحقيق الصحه في شبهات فساد لا يقودالي الاصلاح (طبيعي لان باداود الابن المدلل لوزيرالصحه)    جده  فساد,anger
مش هناخد ميداليات في الاوليمبياد برضو ادادادادادادا,none
مشوفتش لاعب نشط ع تويتر زي Ferdinand.,joy
طارق يحيي اللي فاز بالميداليه البرونزيه الاوليمبياد اللي فاتت بعد سحبها من اللي قبله بسبب المنشطات,none
بمناسبه الاوليمبياد,none
وما كنت ممن يدخل العشقَ قلبهُ ولكن من يبصر جفونكِ يعشقُ  تصميمي  تصميم  رمزيات  جده  صباح الخير  مساء الخير…,love
: اذا كُنت تُريد المزيد من  الحُب بـ حياتك گُن انتَ مَصدرّه 😊,love
احبها لدرجه حرمت علي نفسي النظر لغيرها 💕  بوح اسكوبار  بوح  الحب الحقيقي,love
هو مفيش حد مصري بيكسب في الاوليمبياد دي خالص ؟!,surprise
حبيت اقول اصدِقَاءٌ كُنَّا .. الي ان جَمَعنا  الحُب .. فافتَرَقنا ..!,love
من روائع خلق الله قلب امي يارب ادمه نابضاً راضياً عني،،، 💞  امي  قلب امي,love
ibanah: اللهم اسعد قلب امي وابي حتي تبلغ سعادتهم الاخره اللهم اني استعيذك من حزنهم وهمهم وضيقهم ومرضهم ودنيا تخلو منهم.,sympathy
: ولي مع ابتسامه عينيه  شروق,love
لازم نستفيد من التجربه الاماراتيه في منع الالعاب ربعنا يحظرون الالعاب بدون سبب او سبب تافه انا حسابي اماراتي مع اني عايش بالسعوديه,anger
عاجبني فششششششخ لبس بريطانيا في الاوليمبياد شياكه فشخ هو والمانيا,joy
تقلب الاجواء واشتداد البروده يتعب والفقراء الله يكون بعونهم وعون كل مسلم,sympathy
انا خايفه انزل الجامعه يوم الحد عشان خناقه الاجره اللي هتحصل في كل ميكروباص هركبه,fear
خايف ... خايفه** كلو واحد المهم ما ابي ينحرق علي شكلي ببدا احمله,fear
:   ياارنب الجيش اليمني واللجان الشعبيه في جيزان كانهم الاسود تتهاوي تحت اقدامهم فئران الوهابيه .ضع ذيل الضب قرب…,joy
: اكتفيت ب وحدتك ومزيكتك والاوضه الضلمه والسكوت والامبالاه.. عايش هربان بنص ميت.,sadness
مش عارف ليه مش عايز اسمع عن رياضيين عملوا انجاز في الاوليمبياد بس ماخدوش ميداليه.. جو  هو مخدش ميداليه بس اللي وصل له في حد ذاته انجاز,none
قطر داخله الاوليمبياد ب 25 لاعب اللي عايز يسرق قطر يستغل الفرصه دي . البلد كلها ف البرازيل.  ostora,none
فك الاوليمبياد يبدا بكرا و يوم ميلادي بكرا و فلم سويسايد سكواد بكرا 😶😶😶!,none
: انا احبگ ، رغمَ المنطق ورغم فشلنا ورغم انعدام الجدوي لهذا الحب ..!,love
اقرار ل محمد منير $    3alahwa,joy
اذكر بعد فيه تويت عجزت القاه وما ادري مين كاتبه يقول: ناصر اكثر لاعب يتجه للجماهير يحتفل معهم سواء بالاهداف او بالفوز.,love
: ايه دا ؟ و جيه عندي في الجاليري ازاي ؟! : D,surprise
يحترق اليمن بمن فيه  ولن يسقط نجران يا بهيمه عقرها العلف,anger
اذا بدك تنتقد الجيش اللبناني بس بلا مسخره فيك تنتقد قيادتو بس مش ضروري تتمسخر عالعسكري المعتر يلي هو اخوك او...,anger
:  الانسانيه  من اجل الانسانيه تراحموا وكفي ادعاءات زائفه,sympathy
يا رب شيل عن كلاب الشوارع دول و ارحمهم ب,sympathy
Alali هذا استغلال سياسي وقح من شخص وقح جالس يبتزنا بطريقه مستفزه ولكن اهل الخليج عامه واهل الحرمين خاصه شوكه بحلق مخططهم,sadness
ALsaif: الله يرفع ضغطك يا يحيي الشهري علي هذيك الشوته والله حرام ملايين في هذا العاهه الكرويه بصراحه (مقلب) تخرفنا فيه  حسبنا ا…,anger
الاوليمبياد فيها مواقف كتير بتبين معني الرياضه الحقيقي 👌👏,joy
كيف اضحي ماتيتش احد نجوم الستامفورد بريدج ؟؟؟  احد  اضحي  الستامفورد  بريدج  ماتيتش…,surprise
لاغب مصري ابن وسخه خول في بعثه الاوليمبياد رفع علم السعوديه مع علم مصر فطبعا الناس زامت فالسعوديين نازلين فينا شتيمه بقي,anger
يا رب لا تحرم المحتاج من فضلك رحّمتك ورضاك والتوفيق والجنه /🌹,sympathy
يادي النصيبه هو كل واحد هييجي مصر ويروح بلده هيقول كانوا عايزين يعاملوني وكانني مصرياً ... يهينوني وكانني مصرياً...,anger
تجين ... نبدا من جديد العلاقه ؟ احبك الاولي لهـا طعم ثانـي ! 😍,love
اجمل ماقيل بالحب قمم الاخلاص والوفاء حال الشدائد والبلاء متعه الايام وانسي اللحظات طهر ونقاء ان كان لله ورسوله ووالديك 🌹,love
انا قلبي مقبوض يا مصر، خايف انام واصحي الاقي النيل نشف ولا مستثمر اشتراه...,fear
ضيف يابني لبطولات الزمالك ان احمد الاحمر رفع علم مصر في الاوليمبياد,joy
خروج  مصر من الاوليمبياد بدون ميداليات بسبب حكم  العسكر ! دا علي اساس اننا كنا خاربينها ف 2012 في وجود  الاخوان !,surprise
كتبت تويته امبارح اني خايفه من يوم الجمعه جدا من غير اي سبب .وكان خوفي ده علي حق لاني عشت اكتر يوم وحش في حياتي تقريبا,fear
:       الصرخي اصيل وابن اصول والسيستاني ابن حرام يهادن المحتلين وهل يوجد قذاره اكثر من هذه ال…,anger
و انت تجبلي شبكه فضه ليه ! طالعه المركز التاني ف الاوليمبياد ! 󾌳󾌴,surprise
افتتاح الالعاب الاوليمبياد في ريو دي جانيرو البرازيل 2016 دخول الفريق المغربي,none
حنيتلك ... وادري الحنين رجفه وانين وقلب يتوه .. و التوها  سنين!!  توهان  انين,love
: العداءالانجليزي المسلم محمد فارح رغم سقوطه في السباق   ريو2016    نهض وفاز بالذهبيه خونامتعاتقش جابهامن فم السبع ????????,joy
Zohor alrabee ربنا يتولاهم ويرحمهم برحمته وينتقم نن الظلمه,sympathy
تم يا زميلي,joy
: فيَ الداخل اشد قسوه والماً من بكاء العينْ ف كثير من الاشخاصُ تبكي قلوبهم فيِ صمت وعيونهمّ هادئه  قروب مشاعر للدعم  ق…,sadness
لا تحدث المواقف المحرجه الا مع الناس الغلط في الزمكان الغلط ! 💔,sadness
atq ودي اسوي هوموورك الويب بس خايفه يتعقد الموضوع اكثر 😂😭💔,fear
كاتبلك   لقد كانت سنـه رائعه  رائعه شدوتها نصنا ماتوا!,sadness
الاخوان منهجهم دموي وعندهم البنا مقدس ????,anger
مجنون اشتاق لك موووت احبك باحتواء الحب فانا اعلم بحنينك لي لكن حنيني مجنوووووووون😍,love
ويا ارضاً عشقنا سفحها والشطان والسهلا.. ترابك طهر من صلي وماؤك من دمي اغلي.. حماك الخالق المولي  الاردن  الاردن  Jordan  Karak,love
الحمد لله علي نعمه المناخير الصغيره,joy
السباحه دي شئ مريح للاعصاب .. حتي لو بتتفرج علي سباحه في الاوليمبياد من بعيد حتي اعصابك هترتاح برضه xD,joy
المفروض نحط لوجو البطل يحيي المصري وهو بيقول الجمله دي لوجو الاوليمبياد ع القنوات المصريه 🌚🐔,none
انقذوا دمثه الدوسري لك العظيم يادمثه انتي وكل معنفه في هذا البلد مصيرك دار الحمايه سجن ابدي الله يفرجها عليكم اخواتي بنوقف معكم لين تفرج💔,sympathy
قطر داخله الاوليمبياد ب 30 لاعب !! فرصه يا جماعه اللي عايز يستولي علي الحكم .. البلد كلها في البرازيل !!  الحفله علي مين,none
:  علي اعصابي، تمر ظروفي الصَعبه انا خايفه معاها تاخذ احبابي  .,fear
lllF 1 اشفق عليكم,sympathy
: صادق اطيمش   الاسلام السياسي عاهه المجتمعات الاسلاميه,anger
: الحب الصادق.. يحلق بالجو بدون اجنحه.. ويبحر بدون اشرعه.. لاتري فيه مصلحه.. ولاتري وجوه باقنعه.,love
والان معلق علي سباق القوارب الشراعيه في الاوليمبياد ... ما في غيره شغال بالقناه ذكرني بغاريث بايل في توتنهام 😂,none
: احنا فداء لك ياقائد اليمن يازعيم الرجال الوطنيين,love
كل المصريين عمالين يخرجوا بشكل مستفز وحاجه تسد النفس عن فرجه الاوليمبياد كلها 😒,sadness
هو يعتبر نجم البرازيل الاول والحمل الاكبر علي عاتقه ولا تنسي انه تملص من الكوبا عشان الاوليمبياد وفي الاخير مستوي خايس,none
حبااا فوووق وحباااا تحت   3alahwa    ~,joy
هو ازاي الجمباز الايقاعي ده دخل الاوليمبياد!!,surprise
انا امتي نسيتك ؟ولا عشان انا مش بتكلم ..........,sadness
عشان اي رياضي يشارك في الاوليمبياد لازم يكون اخد بكولات قاريه ومصنف في لعبته وجمع نقاط واحيانا بيكون فيه ماتشات او بطولات مؤهله..يعني .1,none
ما الفرق بين استجلاب العبيد كاعبيد او كمهاجرين او لاجئين  اوروبا الحضاره التي استغلت الانسان بلؤم نراه اليوم واضحا.,anger
ايه ياحضري دا !!!! حارس اسد يابني,surprise
371:  اما حٍـانْ لُنْا انْ نْمارس طًقَۆس  الُحٍـبْ يَاطًيَفَا جٍميَلُا يَلُازٍمنْيَ  علُيَ  الُۆرقَ/?َ🍁 »سمراءء«,love
لااااااا مش معقووووول كده كتييييير,surprise
ammar hawa   الله ينصرهم ويفرج كربتهم,sympathy
asaad dr: دماؤكم هزت عروشاً واظهرت.. حقائق ماكنت لنا سوف تظهر رجولتكم اطفال حقيقهٌ.. وبعض رجولات الرجال مزوّرُ  تباد بسكوت …,sympathy
*بنشوف الاوليمبياد* انا : واااااو براڤووو المُعلق : وللاسف خطا كبير من اللاعب,surprise
احسني خايفه 😐,fear
: ❀♩ في ععيوني شوق ماله نهايه وفي النهايه انا اكثر من يحببك     🚶🏻💗,love
سلاماً ياراحل عني .. القلب معك والروح معك .. وانا وراك اتبعك,love
:   KSA   قاسم سليماني زنديق ومجرم حرب ومصيره الموت وهو تافه لا قيمه له لكن الفرس المجوس اتخذوه كعامل نقسي يهبط من مع…,anger
الناس سايبه الاوليمبياد وبيتكلموا عن الاهلي والزمالك 😂😂,none
حفل افتتاح الاوليمبياد لم يتذكروا من حضارتنا المصريه القديمه الا المومياء,sadness
MHAMMMDD علي الحوسني مخرب كل شي ???? من ستين سنه نقولهم نبا حارس ثاني,anger
لعيبه الزمالك دي لو كانت دخلت الاوليمبياد كان زماننا واخدين نص ميداليات الملاكمه والجودو بدل الخيبه اللي البعثه فيها دي! 😃  الكاس لونه احمر,joy
لك ان تتخيل الاحساس اللي بتكون فيه لو سمعت اغنيه مشاعر بتاع شيرين في الوقت ده ،، اوووووووف حاجه فشيخه,joy
عارف حالك !! ابوس ايد امك خليك فيه,anger
خي مالها قفلت من كل حته كده لييه !,sadness
مشروع ليلي طلعت حاجه فخيمه ????????,love
لا ادري قلبوهم تغيرت !!!! ام عقولنا ابصرت,sadness
الطبيب النفسي ممكن ينصحك و يهز فيك ، بس يقرر اللي غابوا يعودوا ليك .. !,surprise
لو حاسس نفسك صغير احب اقولك ان مواليد 2000 هيلعبوا الاوليمبياد  olympics بعد بكره و هيكسبوا ميدليات و هيتكرموا من رؤساء بلادهم  يا بائس,sadness
في حبه انا كنت اسعد انسان،وفي غايبه يابري حالي.  غزل  فراق .,love
مصر معندهاش حد نافع ف الاوليمبياد,sadness
خلاص ي و  جهها  امانه كيف اخليه يروح من بالي مش معععقول !!!,surprise
كل التحيه للمعلق الاماراتي اللي لم يذكر اسم الكيان الصهيوني اثناء دخولهم في عرض الاوليمبياد,joy
قد قلت حنينٌ في فؤادي..... عشقٌ واليوم اليك تجدد...... ان قلتُ حبيبٌ لا لا اُنكر....... بل عشقٌ وفي قلبي تزايد.....…,love
: عيني علي  وطني بكت والقلب شاركها فرمال وطني  اُرهقت من حمل اطنان  الدماء  وطني تامر عليه السفهاء  اليمن سيحيا …,sadness
لا هذا ما تفقت عليه الامه و لا تجتمع التي علي ضلال  الادله متواتره و لكن اصحاب الفكر الاموي  كذبو وضعفوا تلك بغضا لعلي,anger
واما خوف من كشف الحقيقه لانه يعلم انه يكذب,fear
رئيس جنوب السودان يعزل وزراء موالين لمشار: عزل رئيس جنوب السودان سلفا كير سته وزراء موالين لغريمه رياك مشار مما…,anger
AS قلبي مع اصدقائي المناضلين والبنات اللي ما الهم ذنب بالعادات والتقاليد المريضه تبعتنا 💩 بيس,sympathy
وانا ماشي في الاوليمبياد لقيت علم > وانا ماشي في العراق لقيت جثه,none
تصبحو علي   يشعر بـالياس,sadness
والله اننا في فلسطين معكم ودموع اعيننا تسيل علي شهدائكم. الله يخفف عنكم وما تصير حلب مخيم يرموك ثاني من الجوع,sadness
ما اتفقني علي كذا بطني يمغصني خايفه من الحين !,fear
دائــمــاً نـعـرفُ  الحقيقه...ودَائـمــاً نــخــدعُ انــفُـسـنـا بـكَـلـمـه    يمكن,sadness
13 العراق سينتصر لانه بلد عظيم ودعواتنا دائما معكم حتي وان اغلقتم الابواب لتفرحوا سوف نشارككم فرحتكم من البعيد تحيه من المغرب نحبكم✌❤,sympathy
مايكل فيليبس خد ميداليات ذهبيه اكتر من 80٪ من الدول المشاركه في الاوليمبياد 😀,none
هل بامكان الخضر تجاوز عقبه الارجنتين في الاوليمبياد؟؟؟؟؟ بالتوفيق للخضر,surprise
اي ده يخربيت العمق,surprise
ثوره 11 11 كفايه فوضي الشعب قادر علي التغير قلوبنا معكم يامصرين نظام السيسي نظام حقير,sympathy
ليه مفيش ضومنه او طاوله في الاوليمبياد طيب كنا عرفنا ناخد اي ميدليات.,none
27ABRAR: الفارق هنا مُرعب جداً ويكلفك عمر,fear
انا خايفه ينزلوا بكره,fear
من عاب اخيه بقبح  لم يمت حتي يفعله  ابن القيم,fear
انا مش عارف اقول ايه ولا جات ازاي انا في اسكندريه دلوقتي وقاعد علي البحر,surprise
منهج الفهلوه والواسطه والفساد والمحسوبيه في التخطيط للرياضه المصريه لن يجني الا فشلا في الاوليمبياد.في بلد يمارس الرياضه 1٪من شعبهااه والله,none
في كل ليله ادع شباكي مفتوح لعلها تاتي تائهه لترمي رساله شوق لكن دون جدوي 💔  خيبه  اصعب موقف  منتصف الليل,sadness
التلاته اللي حصلوا علي ميداليات في الاوليمبياد همه نفسهم التلاته اللي واقفين جنب السيسي في يوم الشباب يبقي ده اسمه,surprise
: لو العرب ماخانت الذيب صدام . تشوف امريكا ولا شيء يسوون والشيعي ابن الكلب تلقاه منظام  وايران تكتم غضب وابليس ملعون.!,anger
:  مساؤكن  حب و  سعاده احبابي ???? : :    lovely  fans  love  yo all  zakichreif  زكي شريف,joy
عن ناس جواها و ش بتنام عن نااس جواها وجع و لو سالتها مالك تقولك تمام...💔👌,sadness
مش معقووول . . موراتا افضل منه,surprise
الوسيم !,joy
: لحظه غريبه جالي فيها Flash backs لطفولتي وتحديدا لمه العيله في اجازه الصيف لما ننزل مصر لما شفت تتر المال والبنون..قلبي وجعن…,sadness
اساس اللبس في محفل دولي زي الاوليمبياد هو التعبير عن ثقافه وحضاره البلد.ترنج احمر محمحي مشجر ابيض ع الكُم بيعبر عن ايه في مصر ياولاد الهرمه!,anger
awady معاك حق لو السيناريو واقع هيضرب ادائهم بس انا باصص ازاي جاريد ليتو هيعمل الجوكر و بحب ويل سميث و برضه مارجوت روبي الصراحه ????????,surprise
4288059040411 تصف الحسين ايها المعمم الغشيم وكانه غراب ينزف دماً وهو علي الشجره كيف سقطت علي عينها ايها المنافق القذر,anger
: لاء بقي فكك من علي فتحي وفكك من ال 14 وفكك م الوزير معلش هو الحكم حسب لنا ضربه جزاء!! وكمان مش صحيحه؟!  باصي لعفيفي,anger
عيله وسخه بس بننجح  قصف جبهه :D,surprise
و القارب ده كمان 😔 الاوليمبياد دي كلها تقليب مواجع 😂😂,sadness
تعالا كده شوف ماتش امريكا و الصين في الاوليمبياد تقريبا مفيش باسكت غير دانك من امريكا....  RioOlympics2016,none
شي مرعب بجد شعب كامل يزعل يغضب يثرثر يحب يكره ينام يصحاء كوووووره الوضع مزري يلطف فيكم,fear
المسيح قرب جدا قبل ما اخاف علي نفسي خايفه علي ناس كتير قوي,fear
اصلا ضغط الاوليمبياد كفايه علي الولد حرام تحملوه زياده بدل ما ينزل مش عارف يلعب من اساسه,none
و احببتك حبا لايعلمه الا الخلقك .. ! 💗  نلتقي لنرتقي للدعم  قروب حلمها للدعم,love
مااحوج اخوانكم المستضعفين لدعائكم فانصروهم بالدعاء..  انّ ربّي قريب مجيب  وهذا منهج رسول الله صلي الله عليه…,sympathy
اعاني من خوف مستمر لدرجه ابغا يصير اللي اخاف منه عشان ابطّل اخاف بس اني خايفه.,fear
قطر داخله الاوليمبياد ب 25 رياضي يعني فرصه اللي عاوز يسرق قطر البلد كلها في البرازيل,none
لو تدرين وش انا منه خايف ..,fear
: الفنان العالمي كارلوس لاتوف يبدع في كاريكاتير تضامني مع  فلسطين ضد قرار خرائط  جوجل  NoPalestineNoGoogle,love
ﺃﻧّﺂ ﺍﻟّﺬﻱ ﻟّﻮُ ﻓﺂﺭﻗِﺖُ  ﺍﻟَﺤﺰّﻥُ ﻳِﻮُﻣﺎً ...! ﻟــِ ﻣّﺂﺕْ ﺍﻟﺤﺰّﻥْ ﻋَﻠّﻰْ ﻏﻴﺂﺑْﻲ 🎶,sadness
بعثه مصر مولعاها في الاوليمبياد  طلع اشاعه جديده,none
الف مبروك يا بطل! جعلت اسم الكويت لا يغيب في الاوليمبياد رغم غياب العلم. شرفت كل العرب,joy
swedeen: عملاء الفتنه في السعوديه الوهابيه  ذبح الانسان علي الطريقه الاسلاميه استمع مايقوله الشاذ الداعيه السعودي سعد البريك ht…,anger
صرف مكافات للقضاه لفوز مصر باول ميداليه برونزيه في الاوليمبياد,none
يا اهل  العراق  السنه انتم وحدكم معكم الله استعينوابالله واصبرواواحملواالسلاح وجاهدواالاعداء  الرافضه فهم يريدون اجتثاثكم بذريعهوكذبه  داعش,sympathy
في العادي بيبقي اسمها تايوان .. ولكن في طابور العرض وخلال المشاركه في الاوليمبياد بيبقي اسمها  الصين تايبيه  ..,none
كيف يبدو شكل بيض الاخطبوط !!!,surprise
دام عيونك تقرا ، طمنها بـ ان كل حروف الحب تنكتب لك وحدك ❤️.,love
كل التضامن من الشعب الكوردستاني الي الشعب  الامازيغي الشقيق قلوبنا معكم  امازيغ  المغرب   hammad7…,sympathy
owaihan80: صبراً يا اهل  الشام عند الله تجتمع الخصوم.  روسيا تقتل اطفال سوريه  ادلب,sympathy
خسسسسسسااره علي طلععع   ZDRSEDK4,sadness
os9: اعاني من خوف مستمر لدرجه ابغا يصير اللي اخاف منه عشان ابطّل اخاف..بس اني خايفه.,fear
ZDRAEDK4  دعم هيثم العبدالله  كلنا هيثم واحنا قدها تكفون نبي الدعم لهيثم صوتوا لهيثم محتاجها ويبي وقفتنا مانبيه يطلع برايم,joy
لا دي حاجه تانيه خالص ،، عن بنت مشاركه في الاوليمبياد لعبه رمايه ، واخطات طلعوا اشاعه انها راحه عشان بنت لوا,none
ابطال النهارده ليهم جوايز ومدليات كتير من قبل سابق دهب و فضه ..ومحدش يعرف عنهم حاجه غير النهارده في الاوليمبياد ... تقصير شديد ونبخس حقهم,none
انا خايف اغني يا راجل مش كده 😂😂😂😂😂,fear
مينا عطا  MinaAtta on cbc  منا عطا هو ال اجبرني اتابع سيزون 10,joy
baqer: اطفال كالزهور قتلتهم المعارضه  المعتدله المحاصره  في احياء الشرقيه جراء قصف  مدرسه الفرقان بالقذائف ادركتم من يقتل اطفال…,sympathy
اعتقد بنسبه كبيره جدا ان و لا واحد من المصريين او اغلبهم علي الاقل يعرف حد من اللي بيلعبوا الالعاب الفرديه المصريين في الاوليمبياد . خيبه,sadness
في هذا الوقت الذي يحقق فيه الثوار العرب انتصارات يتم تعذيب الاسري و المساجين السنه  في العراق و سوريا و ايران نكايه من القهر و الخسران,anger
: خايف يطول الصد وتصير تذكار وخايف مع الايام تمحي وجودك .😴✋🏼,fear
اللاعبين  المصريين في الاوليمبياد شكلهم رايحين  يتفرجوا عليه !!,surprise
e5552000: قدمت لمصر كتير   تحيه شكر وتقدير للواء  محمد ابراهيم   الاخوان مجرمين والنصر للمصريين,joy
اللهم ارفع البلاء عن اهلنا في  سوريا و اللهم الطف بهم  StandWithAleppo  syria,sympathy
في الغالب انا احب اتامل اكتر من اني اتكلم,joy
ياخخخي مبخوت انته تلعب وياهم ولا ويانه !!!!!!!! .,surprise
مش كفايه اسمك عجيب و كمان عامل الشكل دا  ايساف &lt;&lt;&lt;  اسفاف,anger
:  كلنا ضد مريم بيفور65 ستتعالي اصواتنا بحسبنا الله ونعم الوكيل في التاق والله انها الحاسمه لكل من تطاول علي المملكه وشعبها,anger
مش عايز اكون هادم لذات و محبط بس ده اسوا تمثيل لمصر في كل اللعبات في كل الاوليمبياد اللي شوفتها,sadness
شّعوري هالفتره خوف من ايامُي الجايه خوف اتوجع اكثر من كذا وينعاد اللي مريت فيه.,fear
احسن برده,anger
هااا شعندج مستانسه ؟؟  مدفونه  دن,surprise
عندنا رياضين من جامعتنا قاعد يلعبون ب الاوليمبياد .. :)  سكو بفز,none
كيف نواجه الازمه الاقتصاديه 4 اعمل نفسك من بنها وقول الاسعار مش هتزيد 5 نشتم في تركيا الاقتصاد ال18علي العالم 6 نحبس اللي يجيب سيره الدولار,anger
العتاب كـ لا يقال الا لمن نحب...🍃,love
هل صحيح بيفتحون طب اسنان بتبوك ياريت تفيدوني ????❤️ — للان لا  / فاتن العطوي,surprise
هكونا متاتا ايام البرائه,joy
وهذا ما قهر قلوبنا مشتته بين اهلنا في سوريا واهلنا في فلسطين واليوم مع اهلنا في الموصل.كان الله في عونهم فما من معين لهم غيره,sympathy
iq: عالمٌ مُخيف ؛ لا نَعلم من اينَ ياتي السّكين ؟!..,fear
المنظر وانا داخل العنايه وكل ام قاعده مرعوبه حاضنه ابنها كانها حتبقي اخر مره تشوفه فيها وام الطفل اللي مات وام الحاله الcritical,fear
الدخول المشرف الكيوت للطلاينه في الاوليمبياد 💙,joy
هو الكابتن حماده هلال مالعبش الاوليمبياد دي ليه مع انه واخد بطل عالم ف حلم العمر يعني,none
الاوليمبياد حصري علي bein ولا هتتذاع علي القنوات المفتوحه ؟,none
POWER0 👌من نصر الي نصر باذن الله الله معكم يحميكم وينصركم ويكتب لكم الاجر علي الرباط والتعب,sympathy
قطر داخله ع الاوليمبياد 25 لاعب اللي بدو يسررق  قطر يستغل الفرصه لانو كل قطر في البرازيل 😂😜  RioOlympics2016  البرازيل,none
محمود عبد العزيز بجد من اعظم الفنانين ف مصر .,sympathy
عاشر من تعاشر فلا بُد من الفراق  الموت 💔!,sadness
قطر خاشه الاوليمبياد ب25 لاعب .. اللي يبي يخنب قطر يستغل الفرصه الشعب كله في البرازيل,none
ترامب شخص جرب كل شي فالحياه تقريبا ..  فجاه هب وخطر ع بالو يصير رئيس دوله .. 😂,surprise
الماكينات و السيليساو في فاينال الاوليمبياد معجنه السنين,none
: دي صوره م مصنع البيروسول بتاع الجيش نزلتها علشان الناس تعرف ان الجيش بيستغل الجنود ف عمل مدني ده جيش السبوبه,sadness
: للعين مليون كلمه وكلمه عندمايُزرع في القلب مارينا تتفاجاء بحبيبها الذي فارقهااعوام طويله عند اداءها مشهد صامت,love
مش كان زماني مع الناس اللي ف الاوليمبياد دي لو كنت كملت تمرين و شديت ع نفسي؟، بيصعب عليا نفسي فشخ كل ما افتكر,sadness
saakran: هذا المقطع القصير يكفي عن مئات من المحاضرات والمناهج الوطنيه رحم الله ابا سهيل وغفر له  مؤثر  اليوم الوطني,sympathy
sharaf   Muhamad   اذا كان انا بسمعه الوقتي علي السوند,joy
: اهل اليمن ادري بشعابها ما نحن الا محبين لهم مشفقين عليهم  يكفيني من محسن الاحمر اذا شارك في الحرب فعلاً ان يطهر شمال اليمن ويب…,sadness
: اللهم نسالك بانك انت القهار الجبار ان تقصم اعداء امه محمدﷺ وتنصر المسلمين في بلاد الشام وجميع بلاد الاسلام وتحفظ دماءه…,sympathy
: سيتسابق من يحبك لراحتك و يعلم ان ما يقدمه سينعكس عليه .. الحب تحديدا لا يُطلب ولا يمكن استجدائه اسمي  عاطفه تتاثر بكل م…,love
ﻻ اخفيكم سرا انني متعاطف مع كلنتون لان صفاتها اﻻنثويه فد تنعكس علي قراراتها ضد الاسلام والمسلمين اي بمعني قد...,sympathy
المبدعه مغرده 100k غالين    انيقه حرف مبدعه في حروفها ذووق ب اختيارها جميله اخلاق???? مبارك لك 100kاميرتي غاليه????,love
علي فكره القرد كان في حزبه قبل كده ولما حصل انقلاب 99 هو خلع راح امريكا واردوغان عمل حزب الاخوان ده وكان بيساعده,anger
انتي ملكيش عازه .,sadness
غريب في هالزمن نسوان صارن زلم وبعض الزلم صاروا نسوان ????????,surprise
تقريبا ليا اكتر ساعتين بتفرج في القنوات علي الاوليمبياد ..الجو والفرق واللاعيبه حاجه جميله بجد ... شرف لاي حد يمثل بلده في التجمع الكبير دا,joy
رجب لو كان فكر في نظره حماته ( ام ساره خطيبته اللي معاها برونزيه ) لما يروح يتغدي عندهم يوم جمعه بعد الاوليمبياد .. كان خد دهب 😅😂😂,none
امس حلمت حلم اعوذ بالله ! شكله مخي بدي لا اراديا يصور فيلم رعب !!,fear
عندما يغّيب من احببناه سكتشف  زهدّنا بالدنيا واسترخاص العيّش فيها,sadness
ان تكون سعادتُه سببًا لسعادتك 💞,love
ربنا يتولاهم وينصرهم بصراحه,sympathy
الناس الي روحنا تشبه روحهم &lt;3,joy
تمام   انا قصدي ان الالعاب الفرديه هي مفتاح التفوق في الاوليمبياد,none
كل مواقفها انبطاحيه من استضافه عائله بشار الين كلابها الي تنبح دفاع عنها وعن روسيا,anger
: عندما يكثر الموت تشتم رائحه الحياه النتنه التي يعيشها من حوالك  حياه  خواطر  الخبر  السعوديه  سوريه  حمص,sadness
: اعلامنا الرياضي... قذر نتن جبان غير حيادي كل همه حربه علي الهلال  جابو طاري الهلال..بغي يصيح المقدم انتقد جابو طاري الاتحاد…,anger
لن تصدقوا كيف اصبحت هذه الفتاه!  اصبحت  الفتاه  هذه  هكذا,surprise
A013    الله يسحقكم يا اذناب الفرس اليمن ستنتصر واللعنه علي عفاش وحزبه,anger
نسيب الاوليمبياد و نمسك ف علم السعوديه بقي😂,none
حفل افتتاح الاوليمبياد شغال دلوقتي و البعثه كلها كانت داخله شكلهم حاجه تشرف كده,joy
احنا فشله في كل حاجه مستنيين اللاعيبه تعمل ايه في الاوليمبياد يعني!,sadness
: حسبنا الله ونعم الوكيل.  ملحمه حلب الكبري   اللهم اشف صدورنا واذهب غيظ قلوبنا. واتم علينا فضلك بالنصر  Aleppo  ✌️,anger
فجاه صار عادي عندك ابقي وعادي عن عينك اغيب!,surprise
فاطمه الشرنوبي تحتل المركز الاخير في مجموعتها في سباق 800 متر عدو وبالتالي تفشل في التاهل للدور نصف النهائي. � �في الاوليمبياد�,none
اتربينا ان لما مصر تتغلب في كل الالعاب وماتاخدش اي ميداليه في الاوليمبياد.. دا بيبقا اسمه تمثيل مشرف..!!  اشتغاله كبري,none
ﺍﻟﻠﻰ ﺳﻬﺮﺍﻥ ﻳﺘﻔﺮﺝ ﻋﻠﻰ ﺃﺟﺎﻱ لاعبنا الجديد ﻫﻴﻠﻌﺐ ﺍﻟﺴﺎﻋﺔ 3 ﺍﻟﻔﺠﺮ ﻣﻊ ﻧﻴﺠﻴﺮﻳﺎ ﻓﻰ ﺍﻻﻭﻟﻴﻤﺒﻴﺎﺩ ﻫﻴﺘﺬﺍﻉ ﻋﻠﻰ ﺍﺑﻮ ﻇﺒﻲ ﺍﻟﺮﻳﺎﺿﻴﺔ 1 ترددها 12226,none
نفسي اخد خطوه لقدام بس خايفه 😔,fear
الحب هو : ان تبقـــي القلــوب علي العهـــد حتــي وان طالـت المســافـات ....,love
ايه الجمال اللي في حفل افتتاح الاوليمبياد دا !! 😍😍,joy
الحب حرفين تشمل كل علم الكلام والصمت فيه اجمل التعبير عن سيرته عنايد الحرف,love
بخصوص الالعاب القتاليهفي الاوليمبياد لغايه دلوقتي مشوفتش بطل من اي بلد حد زي كرم جابر كان بطل العالم قدامه بيخسر عدم تكافؤ اسطوره مش هتكرر,sadness
الجيش مكانه ع الحدود مش في الاوليمبياد يا مني,none
خايفه اكنها اول trial والله,fear
ايه رايِك في حوار الشبكه الفضه دي؟ • يجيلي شبكه فضه ليه طالعه التانيه في الاوليمبياد؟ ههههههه 😂😂  ...,surprise
مع مشاركه البنات في الاوليمبياد سواء محجبه ام لا,none
bishto: لو ابوك عايش اعرف انك مستخبي ورا جبل علشان لما الجبل يتهد صدقني هتتبهدل اوي مهما كنت جدع ✋✋,sadness
السلام عليكم تطبيق بوبيان ماضبط معاي لان الاكاونت تم الغاءه شلون ارده ؟,surprise
خاايف خايف,fear
الوضع يبيله حبوب منومه عشان انام، النشاط اللي جايني فجاه,surprise
مبروك الفوز والثلاث النقاط .. يا سلام علي يونايتد .. متحمس للجوله القادمه و اول مشاركه لبول بوقبا,joy
وانتي نورتيني ^^,joy
انا خايفه اكون مبعملش اللي عليا فربنا يستر بقي,fear
ضاع النهائي بين نادال و دجوكوفتش :( الاوليمبياد الحزينه اصلا بغياب روجر,sadness
ده واحد وصل الاوليمبياد حتي لو محققش حاجه فيها بس وصل و ده كفايه، احنا في اي لعبه بنلاعب اي بلد تانيه بتكون امكانياتهم اكتر مننا,none
الصوره دي تقريبا اهم صوره في الاوليمبياد حتي الان.,none
AGHB كل عام وانتي بخير اروي سنه حلوه ????????.,joy
بعثه اسبانيا في الاوليمبياد مبهجه فشخ شعب مبسوط وداخلين يرقصوا والحياه حلوه,joy
من اجمل ايام حياتي بجد  كتب كتابي علي حبيبي,joy
خساره مُذله للمنتخب المصري امام نظيره البولندي بثلاثه اشواط دون رد في منافسات دوري المجموعات للكره الطائره في الاوليمبياد,sadness
الله ينصركم. ويكتب لي نصيب بالجهاد. معكم,sympathy
بنت دخلت الاوليمبياد وجابت ميداليه للبلد وسقطوهافي الثانويه ويقول لك الجيش مسيطر عالبلد . انالومسيطر كنت بعت وزير التعليم وراها يمتحنهابنفسه,sadness
لو كانت الحياه ملكي..  لامرتها ان تبقيك قربي.. ولو كان  القدر بيدي لجعلت.. قدرك قدري ولكن  الحمد لمن جعل بيدي كي..  ابقيك حبي الابدي,love
مؤثر جدا اتصال موظفه شركه الاتصالات البلجيكيه بامراه مسنه. اسمع,sympathy
اخلاقكم رديه والله في الحدود جثث كلابكم ومرتزقتكم كثير والله ستندمون يابضاعه سلمان وابنه,anger
الحمدلله هم بخير الان,joy
: 10الف هندي عاطل ومظاهرات لعمال شركه سعودي اوجيه بدون راتب والان اجلاء 6الف فلبيني السعوديه تنتقم من نفسها,anger
. وين .. المشكله !؟ معتاد و الوضع انحسم انا وصلت لـ مرحله .. !؟ ماعاد لي خلق  ابتسم 💔 .,sadness
: بيع الجنسيه = بيع البلد بحالها انا ياست يا ريس ... ده انت كنت زعلان اننا بنتريق علي نواب المجلس الموقر  دول عايزين الحر…,anger
: هكذا يكون الفرق بين رئيس منتخب وبين رجل مغتصب للسلطه: مواطن: هناك فساد في الادارات المحليه السيسي: وانا هعمل ايه؟,anger
شوفنا بنات ف الاوليمبياد بتلعب بشرف عنهم 🙋,joy
انا الصراحه متعاطفه معكم جدا لكن ف الاونه الاخيره جلستوا تسبون القصمان وهم مالهم دخل!,sympathy
:  فجاه حبيت✏️..,surprise
اللهم انَّا نستودعك سوريا واهلها ..,sympathy
اشد انواع الحب رؤيته بلاحلام !,love
الواحد بعد اللياقه اللي بشوفها علي لاعبين الاوليمبياد لازم يبزق ع حاله بالمرايه صبح ومساء، بس الكرش وجاهه مفيش كلام.,sadness
كان الله في عونهم احتياجات ومسؤوليات ومعاناه نفسيه وماديه ...يارب لطفك  اعانه ذوي الاعاقه,sympathy
لازم الجزاير تمشي مع مصلحه الامه والا سوف ربك يعاقبكم بعذاب من عنده اذا الشعب السوري يقتل و تقولوا الحق مع بشار وايران وروسيا,anger
يا عم اذا كان في الاوليمبياد اصلا كنا مفيش شكل ولا اداء ولا اي بتنجان وخرجت ومعاك رمضان وكهربا ومصطفي فتحي وربيع,none
وفيكي من ما يكفيني,love
الله يسعدكم. ويكون معكم,sympathy
:  كاريكاتير الرياض لايمثلني يقولون عن اردوغان اخونجي لانه وقف مع الاخوان في مصر .. لماذا لا تسموه حر لانه وقف مع الاحرار في س…,anger
جوه عيوني شوق.. اشوفك عاليه فوق لاجل اللي ضحي ومات عشان اسمك يعيش. منير,joy
: رحلوا عنا واشتقنا لهم كثيراً وربما لايعلمون مدي اشتياقنا لهم لكن لدينا رب يعلم ذلك منذ ان رحلوا ما زالوا في مخيلاتنا ا…,sympathy
حِينَ اُحَادِثكِ يُصبَح لِـ النَبضّ معنَي اِخَر..♥ !!  بوح,love
صنعت سجنك م الهوا ودخلته بارادتك ..واديت حبيبك نفسك ماسالت فين حطك..,sadness
: هدوئي هالفتره م يطمن حتي انا خايفه من نفسي .,fear
طيح الله حظك وحظ الصرخي اليهودي الهوي لعنهالله علي السعوديه لاختارهم ورفه محروفه لاتساوي  شيئا في العراق,anger
: شاب جدع، ضحي بكتير عشان بلده، ليه يتحبس انفرادي لشهور وبنته ومراته يتحرموا منه ويعاقب بسبب حبه لبلده!  مالك عدلي حر,anger
جمهورهم مرعب,fear
صاحب مصالح جارح مايسديش و يشييل في الازمه ييجي في الوقت المالح و متحسيش انه له لزمه العيش و الملح اتباع و الكل صبح خدّاااع,anger
انا عارفه اني هعيش و هموت خايفه من اللي جاي انا اصلا شكلي هموت من الخوف,fear
ياليت لو انها تصحي ياليت لو تصير معي لان خايفه وقلبي يعورني,fear
Azim قطر زفت بردو متتخيرش عنهم,anger
خايفه الضرب,fear
اصلا انتي ازاي ليكي وش تتكلمي !,surprise
اساس الفتن الاوليمبياد ينشرفقه الشروهذا من اختراع اليهود لاشغال العالم عنهم وعن شرهم,none
توفيق مخلوفي شكرا لك ..لقد اهديت للشعب الجزائري ميداليه غاليه لكن لايجب السكوت علي النتائج الكارثيه للبعثه الجزائريه في الاوليمبياد,joy
:  كلنا ضد مريم بيفور82 علي بركه الله ابتدينا   لا يوقف تبليغ ????????????,anger
Atta  نورت توتير يا مينااااااااااااااااا,joy
بردو بتجبلي سيره المزاكره  انت حمار يا عبدو !  انت حمار يسطي ولا ايه !  وسك علي حوار الطلبه دلوقتي . فتحي مش معانا,surprise
اللهم ادفع عن اهلنا. اللهم احفظ اطفال وحرائر ورجالات . اللهم ايدهم بمدد من عندك…,sympathy
1979: منحتُ لها قلبي فسالتْ بنبضهِ وصرتُ اناديها من يا انا وصار لها قلبٌ يدقّ بخافقي فلو مسّها ظِلٌّ لادركني العنا  نمير ا…,love
مصرجائعه مصر مريضه مصر فقيره مصر مديونه مصر بتشحت مصر بتولع مصر مفلسه مصر خرابه مصر بتعطش مصر مقهوره بسبب السيسي  كان بكام وبقي بكام,sadness
السعوديه الثالثه في السمنه  تباً لكم مرهلين وش قعدني معكم,anger
mostafaaa:   omar   mourad  البواب عندنا مجوز ابنه عيله صغيره وحامل والله خايفه تموت وهي بتولد الناس دي خلاص مبقوش يحركو…,fear
بتفرج علي الاوليمبياد وفجاه روحت المطبخ اعمل حاجه اشربهاHot chocolateلو بتحبو التفاصيل:) وسمعت عزف بلادي لماتش كره اليدEgy Vs Slo قلبي رفرف😍,joy
البحرين عامله شغل عالي في الاوليمبياد بالافارقه اللي مجنساهم😂,none
ههههههههههه تعتيم اعلامي سعودي رهيب ليش مدري ليش مايعترفوا بالواقع وان الجيش اليمني داخل المحافظتنا نجران وجيزهن,anger
هو جعفر ماله رشيق كده ليه,surprise
احتواء وليس  اشتهاء اخبروا عاشقين اليوم بذلك ♥♥,love
: بس انت قولتي غيره او انانيه او شك ???? مقولتيش خيانه يا فريده .. مقولتيش خيانه ???? ليه عملتي في كدا ????????,sadness
اقول والله اني تعاطفت معكم الي ان وصلت حد الشفقه عليكم وهو اقصي درجات التعاطف,sympathy
الله معكم يا رجال,sympathy
في استعراض الوفود المشاركه .. اثناء دخول وفد مصر في الاوليمبياد واحد من اللاعبين رافع العلم المصري و العلم السعودي !!! ايييه ده ؟!!!,surprise
مشاعر حبي تقول   من باب الوفاء : كيف انسي من زرع الودَ بقلبي ؟ و صحّي مشارعي بعد سُباتٍ طويل ، ؟,surprise
خبيتّ شُوقي بيني وبين قلبِي .,sadness
salyy: ظلمتني كثير ... فكان من المنصف ان اظلمك بفراقي ... كان علي ان اهجرك لتُدرك قيمتي في حياتك ..,sadness
هذا الكلام يمثلني ويمثل اغلب الجمهور النصراوي العالمي ويبقي ابوعمر نجم كبير وكابتن للنصر ????????,love
:  تباد بسكوت العرب اللهم ارحم ضعفهم…وقلّه حيلتنا… في شهداء ومصابون…مستشفيات خرجت عن الخدمه…رعب وهلع وخوف… يال…,sympathy
واستيقظ علي صدي صوتك احتفظ به بتلابيب الفؤاد يداعب انفاسي يثير دمعي فاحتضن بقايا عطرك علي ثيابي  قروب خالد للرتويت  قروب شعله امل,love
: سنسجل ونسجل ونسجل  واخرتها صياح وبكاء وعويل وَ  النصر بدون محترفين  نادي الهياط والمسخرررررااااا????????????????,anger
شعري اليوم متضامن مع  هيلاري .. استمر,sympathy
الرمايه ربنا يكرمنا بس انا بقلق من التهويل و الثقه الزياده عن الحد ، مافيش شيء مضمون في الاوليمبياد,fear
: لما المصريين باتوا زعلانيين ع المصريين اللي اتقتلوا في ليبيا صحيوا فرحانين ان جيشهم جاب حقهم   الجيش المصري درع وسيف,sadness
تخيل لو الطاوله و الدومنه دخلو ضمن مسابقات الاوليمبياد كنا خدنا 3 ذهبيه و 2 فضيه و 150 حجر معسل هديه  Rio 2016,none
لا تجعل  كبريائك  يقف في طريق عودتك لمن يحمل لكَ اكوامًا من  الحُب❤️,love
: ستصبح مصر كمغاره علي بابا ياتيهالصوص العالم ومجرميها في حمايه بلطجيه مصرمثل اولغن وغيره ومافياالاجرام اهم حاجه الرز,anger
:  الحُبُّ الذِي يَخلو مِن المُشاجَراتِ و الغِيابِ ، و العَتب ، و الغِيرَه ، و السَّهَر ، و الحَنِين لا نَكههَ لهُ,love
ما يحدث الان من تخاذل بعض الفصائل و مناطق الثوار مع حلب، هو ما حدث من قبل في الحروب الصليبيه، التاريخ باخطاءه يُعاد و لا نتعلم. كارثه,anger
انا اقسم بالله مندهشه مش مصدقه اللي الناس وصلتله هو في ايه ليه كده استفدت ايه و عايش مبسوط عادي مش بيانيك ضميرك...,anger
: اللهم في هذا البرد انزل علي جنودنا المرابطين دفئك ورحمتك وسكينتك و احفظهم بحفظك ✨قلوبنا معكم ✨,sympathy
علموا اولادكم ان الحب الحلال هو حب الزوجه وليس الحب العصري(العلاقه المحرمه) وان الحب ليس محصور في الزوجه او الانثي فقط,love
كاعادِتٌك تٌصٍنْع منْ الُحٍروفَ كلُماتٌ غايَه فَيَ الُرؤعه,joy
حسبي الله بس تاثرت من هالصوره 😔😔💔,sympathy
اهي الاوليمبياد بتثبت ان البنات اجمد من الرجاله ... النساء قادمووون,joy
انا خايف الملح يغلي هو كمان مش هتيجي عليه,fear
هي نفس الثقافه بس راحت الاوليمبياد :)),none
:  كلمه توصف فيها دوله قطر  قطر محتله من  الاخوان و ممول المشروع الايراني الاخواني العالمي الخطير هذا...,anger
مش عارف ليه انا حزين قوي علي محمود عبد العزيز حاسس اني مكسور ومش مستحمل الخبر ولاد اخوه عبد العزيز و عمر اصحابي ربنا يصبرهم حالتهم صعبه بجد.,sympathy
من اقوال السيد عمار  دام ظله  لا تحزن اذا ضاع الحب ومات الحنان  ولكن احزن اذا جائتك ايچه وماكو مكان  .... كلك حكم مولاي,joy
عندي ماتشات الساعه 9 الصبح وسهران علشان اتفرج ع افتتاح الاوليمبياد وشكلي هروح انام في الماتشات بكره 😄,surprise
احا مصر بقالها يومين بتكسب في الاوليمبياد ، انا متوغوش,surprise
حسبي الله ونعم الوكيل   اسرائيل تنعم باﻷمن والامان والشعب العربي تحت الدمار..   لعنه الله علي الربيع العبري الاسود,anger
راتب شهر للمرابطين في الحد مشكور الوالد القائد سلمان الحزم .,love
6re5m انا متعاطف مع السكرتير اكثر.. لاني جربت هالشغله المخيسه .. يجيك مراجعين اشكال والوان ما تدري تداري المسؤول ولا الناس ولا زملاك,sympathy
من يوم حبيّتك ، ودعواتي تسري لـ ربي ما سري ليلك   عندي قناعه ، من قناعاتي اللي يحبّك صدق يدعي لك,love
بيقلها ثانيه ليحاكي التانيه ! وهيي بضل صافنه بصورتو ليرجع شو هبله !!,surprise
عن حرقه دمك وانو نايم ودموعك بتنزل,sadness
الله يعمّر حُبنا لـ سنين وَ سنين 💕🕊,love
عمر عصر وخالد اخوه من اعظم الرياضين ف النادي الاهلي بس للاسف خالد لسه طالع م الاوليمبياد انهارده الامل ف عمر بقا,sadness
معظم الالعاب في الاوليمبياد قوانينها مجهوله بالنسبالي بس الفرجه عليها متعه برضو,joy
كل ما تستفيده من متابعه الاوليمبياد هو الحسره علي كرشك...!  الاوليمبياد,sadness
sniper1 الله ينصركم ويؤيدكم بنصره وعزه نعم المولي ونعم النصير قلوبنا معكم بالدعاء👍,sympathy
: الحكم علي المغرد الخلوق  حميد الخاتم بسنتين سجن مع النفاد ! اينها حريه التعبير !  البحرين,anger
كينيا كتبت تاريخ جديد لها في الاوليمبياد. كسبت 10 ميداليات منهم 5 ذهب و5 فضه. العشره في العاب القوي.  Rio2016,none
روسيا كانت هتكسب الاوليمبياد كل مره تقريبا لو مكانش الاتحد السوڤيتي اتفكك 😅,none
التجنيس ده حلو يا فخري حلو اوي يا جدع بيجيب ميداليات في الاوليمبياد اجدع  Rio2016,none
جامعه الدمام نطالب بدفع جديده حتي تعليمنا صار فيه مطالب وهاشتاقات ؟ شي يفشل ????,anger
يزورنا  الموت لنتذكر اننا قد نفقد اغلي من نحب في هذه  الدنيا بلمح البصر، او قد نكون نحن من يغيب عن الوجود..,sadness
hijazi: امس كنتوا عم تكذبوا عن صد هجوم المعارضه السوريه اليوم عم تعترفوا بتحرير قريه الشرفه   نعيماً,anger
: السيد  الصرخي الحسني : معرفه فسق ومنكرات فقهاء الضلال معرفه ضروريه تكديس الاموال سرقه الاموال ارتكاب المحرمات...,none
ومين فينا مانفسوش انه ينفصل عن العالم كله ويبعد عن كل الناس اللي في حياته ولو لفتره صغيره يرتاح فيها شويه !!,sadness
:  هنحاكم السيسي لانه كمم الافواه,anger
:  الشتاء ليل الشتاء يشبه لعطرك ! وتزيــد نسمات الاشواقي والله مارخص انا قـــدرك دام الليــالي لها باقــــي ! 💔  عبد,love
: هو يبي الهلال والهلال يبيه   بيجي غصب يا شقرديه كلامي واضح ????,anger
صراحه خايفه اسحب علي الميد تيرم بكره واخذ وضعيه يوم السبت الفاضي و اهلي بعد يسحبون علي ولا اتذكر 😭,fear
الثوابت. :)) صح. ???????? ربنا يكرمك يا هبه يا رب. ????,love
: الناس الذين يشاركونگ نفس الاهتمام، بالكتب ،الافلام ،الاغاني ..🌷💕🎻🎼 لهم كل  الحٌب💕,love
باسم يوسف انت خول وامك عارفه,anger
كلمات لم يستطع اللسان نطقها... ولم يستطع القلب تحملها...,sadness
مُنتصف الاشيااء مُخيف جداً انّ تَقف حاائر بين الشَعور و الا شعُور بين الشوق و الاسّتغنااء kd7,fear
: الدعاء الدعاء لاخواننا السنه في الموصل فهم الان يتعرضون لهجوم بالمدفعيات والصواريخ كان الله في عونهم,sympathy
اطلالتك الصباحيه علي قلبي تشبه الوان قوس قزح في عيون العشاق .  امل الرجيعي  صباح الورد,love
mohamad:  اوقفوا الاختفاء القسري الداخليه المصريه مشهور عنها انها افضل من تعذب لذلك تستاجرها امريكا ودول الغرب للتعذيب لانه محر…,anger
الخميني مات منتحر في جهنم وصدام مات شهيد ونطق الشهاده,none
الاوليمبياد يارجل مو مونديال,none
تسول الكتروني كما فعل نضال فرحات وجمع اموال بسم دعم فلسطين وتمويل منحه دراسيه واخذها وسافر وطيز لفلسطين ????,anger
و في بلدي اطفال صغار يهتفون لوالدهم  الشهيد صباح  الرحمه,sympathy
قلت لك بالاثباتات. بعدين نبيل فهمي الذي اقيل ؟ صح,surprise
1aa انا كنت خايف كذا بس شفت كلمتك قويه ماراح اسامحه يمكن عنده ظروف,fear
كنت زمان بستني سؤالك عني دلوقتي مبقاش يفرق.,sadness
اه ماهي نازله علشان عيد ميلاد مينا وسمعت ان ليها استضافات ف مصر ع السي بي سي وروتانا,joy
فاللي بيشاركوا في الاوليمبياد دول بيكونوا لسه هواه بيلعبوا في دوري الجامعات او حتي المدارس,none
Listen to فيروز  ليالي الشمال الحزينه by NoraMaG  np on  SoundCloud,sadness
ساره سمير .. قوه الاراده .. برونز في الاوليمبياد,joy
ali6: اللهم في هذا الوقت المبارك،اسالك باسمك الاعظم الذي اذا دعيت به اجبت،واذا استنصرت به نصرت،ان تفرج عن اخواننا في وتنصرهم علي…,sympathy
هدايه ملاك. اسم علي مسمي. صاحبه البرونزيه ال3 لمصر في الاوليمبياد.. تركيز غير عادي من اجل ميداليه.. نسبه تركيزنا وجديتنا 3 علي 122.,joy
: حسبي الله ونعم الوكيل فيكم يا viva kw  فيفا  viva   kw  شركه فيفا  الكويت  شكوي   سرعه سلحفاه   حرام    …,anger
قلوبنا معكم والسنتنا تلهج بالدعاء لكم اسال الحي القيوم ان يحفظكم ويرعاكم ويحرسكم بعينه التي لاتنام وركنه الذي لايضا…,sympathy
خايف انام 😰,fear
حتي الاوليمبياد محطوط علينا فيها بلد فقر 😂,sadness
siis  ii:  حلب تحترق  لمثل هذا يذوب القلب من كمدٍ???? ان كان في القلب اسلام وايمان,sadness
مصر هي كمان خايفه,fear
ma7aba من الذي اغتصب نساء حمص ودمشق  اليس حزب حسن زميره  لعن الله للنفاق,anger
: الله يرحمك ياجفران ويغفرلك ويسكنك جنات النعيم  جفران المري  الله يرحمه,sympathy
تراجف ايديني من البرد وقول رجفه ايديني تذكرني بحال اخواننا في  العراق وباقي البلدان العربيه والاسلاميه والعالم المسلم اجمع ࿐🍃🌸,sympathy
الله يخرب بيتك يا شيخ و يخرب ؤيت اليوم الي شافتك فيه مصر,anger
hfc: جمهور يرعب القاره باكملها .. اوه ياهلالي ????   صباحات الهلال,joy
: يا انغااام في ايه مابووورااحه !!,surprise
اصل الاوليمبياد مفيهاش انديه عشان الاهلي يرفع راس بلده 😉,none
AFN جزاهم الله خير الله ينصرهم ان شاءالله,sympathy
مصر x بولندا الان كره طايره Bein 7  مصر في الاوليمبياد  ريو دي جانيرو 2016,none
sniper1 الله يحفظهم من كل شر .ابطالنا سيروا والله معكم .,sympathy
2016:  شخصيه الاسبوع  الملك عبدالله بن عبدالعزيز غداً ختامها مسك  مع شعب الملك عبدالله ومحبينه نرحب بجميع مشاركاتكم,joy
المضحك المبكي المؤلم في الاعلام المصري انه يصف الزعيم اردوغان بانه ديكتاتور  فاذا اردوغان ديكتاتور طاغيه فكيف...,anger
Elzamalkawya   وانا والله كنت متاكده وكنت خايفه من ماريو كمان,fear
من تحب ليس نصفك الاخر هو انت في مكان اخر في الوقت نفسه.,love
اول ما الاوليمبياد تخلص هانرجع نكره مصر تاني اشطا ؟ 😂,none
ali: 🏴  الامَاﻣ الَحُسين هَو مَحط عِشقنا واقعاً ‘وليسَ مصيبَه وحسبَ! ولـَڪنهُ  عِشق يَهدرَ دموَعنـَا ●  الحسين عشقنا,love
اه و الله تعبنا فشخ,sadness
love40 رحم الله  بوحمدان حمل هم ابنه بمرض السرطان الا ان مشيئه الله اختارته هو بينما هو كان بكامل صحته,sympathy
كل لما اتفرج ع لاعب مصري ف الاوليمبياد يخسر,sadness
f المصريون مظلومون معكم !!,sympathy
: هذا حال اطفال حلب من لم يمت من القصف مات من الرعب اللهم فرج عن اهلنا في  Syria  Aleppo,sympathy
وناس تقولك هفضل معاك وفجاه متلاقيش !!,sadness
خايف اتعود علي الدنيا بدونك هذا اغرب خوف مر بكل حياتي !,fear
من كثر ما اني خايفه بكرا حلمت اني ضيعت وقت علي التظليل بالاختبار 😭😭😭😭😭😭😭😂,fear
ليث وابتسام واشراق دودو  ❤❤  DoaaElSebaii   LaithAbuJoda   Ibtissamtiskat   IchrakGmar,joy
القرعه جابت اسلام الشهابي اول ماتش في الاوليمبياد ضد لاعب اسرائيلي  Rio2016,none
اجيب اعاده افتتاح الاوليمبياد منين طيب عايزه اشوفه,none
انا مش خايفه من غلاء الاسعار انا مرعوبه من فوضي بجد المرادي مش هتبقي سليمه,fear
اليلو دراجونز حضروا ماتش الاسماعيله النهارده ؟,joy
انت ممكن تداري وجعك ودمعتك وديقتك عشان بس متصعبش علي حد,sadness
: الله ينصرهم علي الدواعش ومرتزقه امريكا,sympathy
النادي نادينا والورق بتاعنا وفلوسه ملكنا وتحت ايدينا يعني عزبتنا ياعيالي لسه راسك نازله تحت ليه اصلك زملكاوي.. مرتضي منصور ضيع هيبه الزمالك,anger
الله يخربيت ابوكم علي بيت الاوليمبياد اللي قرفتونا بيه علي بيت ابو بنات مصر عموما,anger
فشل مرعب. وده قبل ما يعوموا كمان كان في ادويه مختفيه.,fear
:   RM   1980 لا نقول الا الله يصبرهم.قهر بفقد ابنهم وقهر بان يعفي عن القاتل وهم تحت ضغط كان الله في عونهم,sympathy
الظاهر ان انا الوحيد اللي مش متابع  الاوليمبياد دي 😏,surprise
الله يفرجها عالجميع يارب بس البنت مو شكلها هندي خايفه تكون مخطوفه,fear
لا حياه لمن تنادي .. هذي المعاناه يعانون منها منذو سنين طويله ولا من مجيب .. لكن كان الله في عونهم ..  حادث معلمات اخر يوم دراسه,sympathy
ايوه يا ريس,joy
ايه دا ، هو انتي كده مبقتيش من ملائكه الرحمه اني موور. !!,surprise
313:  الحشد الشعبي يتوجه الي مناطق اعالي الفرات ليعلن تطهير الانبار بالكامل بعد قتل 200 ارهابي في جزيره الخالديه   EHS,joy
اللهم لطفگ باخواننا في و  الموصل اللهم ارحم ضعفهم و قله حيلتهم و هوانهم علي الناس .. اللهم كن لهم عوناً و سنداً و نصيراً,sympathy
: طاغي حضوره مايشبهه (احد) ازرق (هلالي) بالسماء عالي  سيد النوادي بكل ارض (وبلد) وجماهيره بكل (مدرج) تلالي    الهلال متعه الر…,joy
9 انت قديم ابو الجﻻجيل دلوقتي انت اللي بتجيب انا عايزه تورته شيكوﻻته مليش دعوه وعصير فلوريدا :D,joy
7: اري اثارهم فاذوب شوقاً واسكب في مواطنهم دموعي.. واسال من بفرقتهم بلاني يمن علي منهم بالرجوع  اشتياق  رونق,love
ما تيجي في الاوليمبياد ونجيب اياد,none
وقالت  الاوليمبياد كلمتها نعم ل  التطبيع مع اسرائيل  اسلام الشهابي  الواد الاسراييلي,none
واثقه بنجاح كيوهيون بس بنفس الوقت خايفه انحبط وبعدها معد بتامل بشي من هالمخططات,fear
قطر طوال مسيرتها في الاوليمبياد : 1 فضه   2016 4 برونز   1992/2000/2012,none
مش لما يلعب الاول علشان نشتمه 😂 هتبقي ضحك فشخ .. لقطه الاوليمبياد والله لو حصلت,joy
هههههههههههه يا ستي ربنا يزيدها,joy
مُؤلم انْ احتَاجك فيَكون الجَميع حَوليِ اﻵ انت,sadness
دمعت عيني علي هالمنطر 💔 افتقدنا  الرابطه و  المتعه و  الزمن الجميل يا ما جلست بجانب  فهيدان  فهد عبدالكريم في المدرجات  الله يرحمه,sympathy
الاوليمبياد,none
انا لو تبي حتي الحين اجيك,surprise
صباح يهذي بك حروف تتراقص بين السطور كلمات تداعب الخاطر اي عاشقي هل لك ان تغتال المسافات وتعانق نبضي متمردا,love
صباح بغاشا ياباشا ع كل واحد مستنينا ✋,joy
Ahmad Adel: انا خايف علي نفسي اصحي الاقيني خطبت والله 😂😂😂,fear
adnan و انا بحبك في الله يا اختي :D,joy
الفرجه ع الاوليمبياد متعه 😀,joy
وصول  ترامب بحد ذاته كان نوع من النكته والان هو الاقرب و  الصدمه تجتاح العالم  الانتخابات الامريكيه,surprise
: ذلك الشخص الذي يختطفك من نفسك الي نفسك..هو الذي يستحق الحب!  كوب لشخصين  قهوه السابعه,love
المرعب في هذا الادراك ان ما هو مخيف في الحياه يحصل بهدوء وبشكل طبيعي 💀.,fear
:  اعدام 21 داعيه سنيا في ايران لاذنب لهم الا انهم يدعون لدين محمدﷺ الذي تكفر به حكومهايران {وما نقموا منهم الا ان يؤمنوا…,anger
انا نفسي مره اجرب اكون ليك حد اقرب : ),sadness
وعليكم السلام ، وصباح النور :),joy
انا بكره احساس الخوف ده ، انا مش عارفه اعيش بسبب الخوف دايما خايفه من اللي هيحصل و اللي جي و تعبت بجد.,fear
هيلمه والرياضه السعوديه وصرف ملايين وفي الاخير 13 لاعب مشارك في الاوليمبياد خخخخخ,none
:   حب عظيم للناس اللي لمن نحكي معاهم نحس ان همومنا انتهت ، بالاصح نتعافي 💛!,love
خايفه من هذي الدراما ،الدراما الصينيه مره بيرفكت والبطله مره ضابطه الدور ، بس ايو مدري ان شاء الله تتقنه كويس مع اني مقدر اتخيلها في هالدور.,surprise
حتي لا ننسي ان كل مؤيدي السيسي هم اول من دعا الي سفك الدماء عندما تم فض رابعه فكانت كلمتهم المشهوره: احسن .. يستاهلوا .. ايه اللي وداهم هناك,anger
sarah: بتستحق عن جداره  نادين نسيب نجيم,joy
متعاطفه معاك وحسه بيك,sympathy
جمهور اشبيليا مرعب... فريقنا داج هاليومين الله يستر,fear
كلنا اولاد ام فيصل نريد اقصئ العقوبه بحق من اسائت الي امناء الغاليه  ام فيصل   كلنا ضد مريم بيفور53,anger
بي.اس ديل اكتر مادتين انا خايفه منهم,fear
لو عندي بنت وجالها عريس هخلي مهرها الهجره بره مصر بلا دهب بلا كلام فارغ,anger
مره شيشه و مره علم بلد تانيه، الاوليمبياد الجاي نبعتلهم صوفينار,none
خلاص هربنا منو هيعملنا ايه يعني 😅 😅 😅 الواحد خايف عالاشبال اللي تحتنا 😅😅,fear
Sa24 اوسخ من اسرائيل روسيا دوله الرزيله,anger
: احببتكِ حتي ايقنت ان الاكتفاء انتِ ♡  رتويت  رومنسي  بوح  خواطر  غزل  شوق  ذوق يبتي  صباحيات  جميل  رائع  صباح الخير,love
2016:      m      في كلمه امنيتي له بالسعاده والراحه والفرح وكل شي جميل حلمت ان يجمعني به.❤❤,love
تحيه كبيره للاتحاد بجد فريق حلو اوي وبيلعبوا كوره جميله,joy
قلوبنا معكم اسود الرافدين   اهداء البسمه علي شفاه العراقيين مطلبنا منكم فلا تقصروا  وعززوا انتصارات اخوانكم في عملي…,sympathy
كونا زمان اعز اصاحب وعشنا حبايب,joy
خايف اقول اللي في قلبي تتقل و تعاند ويايَّ,fear
نسبته قليله قدام المستورد.... شوف مصر تطل علي بحرين عظيمين ومع ذلك تلاقي ملح مستورد في الاسواق!!!!! حاجه تكسف,anger
انّي اُقبّلُ الالَم قُبْله وداع اذا قَبّلتُك ..!!,love
الدرس المستفاد من الاوليمبياد دي ان احنا بلد وسخه,sadness
الانتخابات اولا..........الدستوراولا.........النتيجه واحده,sadness
نفسي اقول اني مش بحبها بس خايفه اتحدف بالشباشب,fear
موضوع الحجامه ده في الاوليمبياد جدير بالانتباه والملاحظه ... مجتمعنا العربي هيبتدي يلتفت للحجامه زي ما التفتنا لللحيه ...,none
hasa    ما شاء الله تبارك الرحمن الاحساء موطن الصناعات والحرف اليدويه بل مهدها وهم بحاجه للدعم والاهتمام والصقل,joy
سهم نافذٌ ولكل سهم مستقر  والحب اعذبه الــذي حَرَقَ القلوب بلا شـــرر .. 💕,love
:   مرجع بهذه الجرئه الله اكبر ما اعظمه وما ارقاه كشف زيف السيستاني الماسوني ربيب الاحتلال ومنفذ مشاريعه فلله درك…,anger
وقلبي معكم ...,sympathy
: : لاتنسوا اهل حلب من دعواتكم اللهم فرج عنهم وارحمهم وغفر لموتاهم اللهم اميييين,sympathy
كنت اعلم ان للشوق حنين وانت من علمني ان للشوق انين كانين شوقي لك وحنيني 💜  شعر  اشعار  خواطر  عتاب  بوح  ابيات  قصيد  مقتطفات غزل,love
قائد شجاع قائد عظيم جنن جنود ال سعود  حفظه الله وايده ومن معه بنصره,love
انا فضولي فشخ,joy
بطل افترا ... احمد ربنا انه حقق مركز في الاوليمبياد ... حتي لو الاخير ... مابتحمدوش ربنا ابدا !!!,surprise
: هذا يا  عرب يصرخ باعلي صوته وا اسلاماه...وا معتصماه...وا جراحاه فهل من مجيب؟! دماءهم امانه في اعناقكم,sympathy
انا اللي من كتر ما اتقلي يا فاشل حاسيس اني فاشلت بجد,sadness
الناس داخله الاوليمبياد تتجوز وحاجه دلع يعني,joy
هضحك في وشك عشاان ماتعقدش لكن هفضل كارهك .. 󾌹󾍗,anger
الاوليمبياد مش واخده حقها الاعلامي كويس لحد دلوقتي حتي كره القدم مش واخده اهتمام كبير من الفرق المشاركه نفسها,none
مع اني خايفه بس مَش عارفه ليه واثقه فيه,fear
يقال لهم نازحين كان الله في عونهم وكف يد بطش الفريقين منهم,sympathy
momo: الحد الادني للدخل في مصر بيجيب 12 كيلو لحمه  مفيش في الدنيا جنان كده الحد الادني للدخل في هولندا يجيب 250 كيلولحمه   دول ت…,anger
:  الجيش السلماني  الجيش المرابط نفخر بكم المعدن اصيل والوفامن طباعكم والشجاعه والفراسهصفهمن صفاتكم وحب الوطن بدمائكم,joy
الخوف واضح في كلامي وعيني اشوفه بـ عينك قبل ما اسمع حكاك نخاف بس الفرق.. بينك وبيني تخاف تذكرني وانا خايف انساك😔,fear
في ناس كتير بتسافر volunteering ، كان في اعلانات قبل الاوليمبياد 😂,none
ودي اعاتبك، بس خايف اكتب لك وتبكيني العبارات..,fear
.. وعيشه مرعبه ✌😄,fear
واضح النهارده ربنا مش موفق مصر النهارده في الاوليمبياد اداء سيئ لفريق اليد وفارق كبير في النقاط وواضح ان فريق الطائره جاي يكمل عدم التوفيق 😞,sadness
: مفيش احسن من اللي بيغلط ويعتذر وتحس انه فعلا قاصد اسفه، مش بيقولها كلمه وخلاص عشان يريح دماغه.,joy
: مخيف منظر الناس وهم يبحثون عن الخير في تغريدات المتوفين !هل فكرت انك ستكون منهم في يوم ما ويبحث الناس عن اثر لك وقد لا يجدوا؟!…,fear
الناس مستغربه مستوي الانبطاح في الاوليمبياد ، وانا مستغربهم لان مفيش انبطاح اكتر من بيع جزء من البلد عياناً بياناً ...  اندهشوا بالاصول,surprise
الله ينصركم ويثبت اقدامكم قلوبنا معكم والله يطيح ببشار في اقرب وقت,sympathy
jmalhom: بكره تزين الايام　　 ​​‌​‌ وانسدح في طبيعه سويسرا واشرب العصير اللي فيه مظله الا بسالكم المظله ناكلها ولا بس…,joy
ما عربي بيطلع عنيهم بردو :,anger
shosho اني عكسكم خايفه 😶,fear
العععععب يا زملكاااااااااااااااوي  عنتصدر انهارده فلا تكلمني   الزمالك,joy
لا حول ولا قوه الا بالله   المحترم عبدالله الكاتمي,sadness
احنا ابطال عالم في اللعبه دي لكن في الاوليمبياد بلح,none
اول مره احس ان كان قريب مني كده :/,sadness
الذي اودعه الله في قلبك ... رحمه بك ولطفاً منه ... فاحسن استغلاله لتهنا حياتك ...,love
الاتحاد سيد البلد لولولولوي,joy
:  وطن النهار  ذكري الغزو العراقي الغاشم  ذكري غزو الكويت ستبقي  الكويت شامخه صامده برفقتها اخواتها دول الخليج امام اي عدو…,sadness
fake123 يا بت ميتين اللبوه .. ابعتيلي رقمك دي ام,anger
: السلام علي من زهقت روحها من شده علي ابيها  الحسين عليه السلام .  الخامس من صفر  رقيه بنت الحسين عليه السلام,sadness
عن جمال الكره الافريقيه اتحدث .. ،، مش معقول ..,surprise
ماهو الحب احساس يجعلك تحلق وتنسي ان ليس لديك جناحين فتقع وتتكسر ان لم يلتقطك حبيبك ... انتبه,love
بلاتيني يستعد ليعطي شاره انطلاق  دبي الرياضي   اخبار رياضيه  بلاتيني  دبي,joy
الاشياء قاعده تضيع بشكل مخيف، وش السالفه ياجماعه!,fear
❣️ ما شرقتْ  شمسٌ و لا غربتْ الاَّ و ذكركَ مقرونًا بانفاسي و ما خلوتُ الي قومٍ احدِّثهم الاَّ و انتَ  حديثي بين جُلاَّسي ..,love
ادخلها الدي ام قولها الاوليمبياد شغاله دلوقتي تعالي نتابع 😅,none
نواف انسحب بعد ما شاف الموضوع في قلق ????????,anger
بكره الاتحاد بكرهووووووو,anger
قاعد باتفرج علي انجازات كل دوله في افتتاحيه الاوليمبياد ومنتظر ان وزير الشباب بتاعنا الاهبل يفرجهم علي جون النني في برشلونه كاعظم انجاز مصري,none
الله ينصرهم ويكون معهم ، والله يهلك بشار واعوانه ويجعلهم عبره لغيرهم .   الحمدلله علي نعمه الامن والامان ????.,fear
ar       اين انتم من هذا الاجرام    ايران ام الارهاب   اعدام 21 داعيه سنيا في ايران,anger
مششش ممكن,surprise
: توضيح بس علي جبر وان كان يتحمل مسؤوليه الهدف الا انه هو الشناوي الي كانوا بيغطوا علي الاخطاء الكارثيه للزمالك ميصحش يتشتم…,anger
منتخب اليد ان شاء الله هيعمل حاجه في الاوليمبياد دي,none
توفيق و رمزي جمب بعض بضان ده غير شوقي السعيد هي ناقصه,anger
2000 ليه تكسب جنيه لما ممكن  تكسب نص وتعيش بيه ازاي مش مشكلته المهم مصر تبقي كدا,anger
19 ميداليه دهب في لعبه من اهم و اقوي العاب الاوليمبياد.. مايكل فيليبس بعثه لوحده,surprise
الملاعب بتاعت الاوليمبياد سيئه جداً,sadness
يارب فرح امه بشوفته عاجلا غير اجلا شاركووادعموالهشتاق ⁧ خالد الدوسري حالته حرجه    الاطفال,sympathy
عععععههههههههههه التاني ل الاتحاد ههههههههههههههه هههههههههههههههه,joy
طيب واحد بيج تيستي s:D,joy
: نبارك للمهندس هادي ظافر ال قريع المنصب الجديد مدير اداره الرقابه الشامله بامانه نجران  نجران الان,joy
Set  البوس حاجه ممتعه الصراحه وحاجه حلوه فشخ واحلي حاجه لما هرمون الاكستوسين يبرد في الافراز ونسبته تزيد في الجسم احيه علي دا احساس,joy
اخاف انط,fear
activ يبه انت خوذ عفشك وتوكل رح اردح علي صدرك في طهران عندنا تادب واحترم نفسك ..ولكم دينكم ولي دين,anger
والله كان عندنا فريق اكثر من رائع و اكاديميه كمان ليه مش في الاوليمبياد .. مش عارفه,sadness
اللهم لطفگ باخواننا في و  الموصل اللهم ارحم ضعفهم و قله حيلتهم و هوانهم علي الناس .. اللهم كن لهم عوناً و سنداً و نصيراً,sympathy
و تنهار الاحلام من اساساتها و تتحطم الاماني و تملا العتمه الطريق !!!,sadness
والله انت ساذج ماتدري شنو هدفه مصدق هذا المسخ يحب اليمن هو ماحب البلد اللي امنحته الجنسيه,anger
بقالي فتره عايزه اقصه خالص بس خايفه دلوقتي بعد ما شعري وصل للطول ده,fear
Berosaat: لا حول ولا قوه الا بالله ربنا يصبرهم 😢😢,sympathy
الصرخي يحطم كهنوتيه السيستاني الصرخيُّ:  مخزيهٌ وفاضحهٌ وتسببت باِنهيارِ العراق,anger
دعاه تحريرالمراه(تعريه) من كلا الجنسين نقول لكم خبتم وخابت مساعيكم علي الاقل هنا في بلاد التوحيد السعوديه✌️ سعوديات نطالب باسقاط الولايه3,anger
ويحدثُ ان يكون اكثر ما تخشاه في الدنيا هو نفسك انت .,fear
: اقسي معاناه ،،اذا كان بكاء القلب بلا انين ولا دموع تخفف عنه .,sadness
زهقت فشخ والامتحان بكره ومعدش فيه نفس لاي حاجه,sadness
: هيا ولا بارده ولا مبتحسش، هيا خايفه تحس تاني تضعف.,fear
جرا ايه يا مصريين.. انتو مش عاوزين تقتنعوا ان الحفره تبقي قناه ليه. . في ايه.. ميصحش كدا..,surprise
she3er: سمعت ان الحنين يقصرّ الاعمار ! انا خايف تغيب اكثر و   احتضرك,fear
بِكل خطوه ، بكل دمعه ، ليتنا كُنا معكُم .. 💙  زوار الاربعين,sympathy
2010   الله يلعنه ويلعن ابومن خلفه الداعر ابن الداعر اكذب منه مابلا العريفي والقرني كم من فتال يورط له الناس وهو بعيد,anger
3need: زوجه احد الطيارين المقتولين في  سوريا تلعن  بوتين ثم تنتحر  روسيا  معركه حلب الكبري,anger
ناااااطرين حفل افتتاح الاوليمبياد 🙄,none
dd: اعترافه وتعبيره بالحب حين قال صلي الله عليه وسلم عن خديجه  اني قد رُزِقْتُ حُبَّها  واشارته ان رزق ❤️  موقف من حياه الن…,love
افتتاح الاوليمبياد دا يفرق ايه عن افتتاح قناه السويس 😂😂,none
من حقنا كمواطنين مصريين غلابه نتفرج علي ماتشات تصفيات كاس العالم اللي شغاله دلوقتي بدون مقابل كنوع من التعاطف مع حالتنا,sympathy
ياريت محدش يقلل من الناس المصرين اللي بيشاركو في الاوليمبياد عشان دول اللي مودين مصر هناك مش مصر اللي مودياهم  ريو2016,anger
:   360 من الخطا الفادح جعل مركز التسوق قريباً من منتزه الردف اختيار غير موفق اما توزيع القسائم فهو منفر ومزعج للمصطافين,anger
aboasi ياااه يا وائل انا نسيت انك بتالش اساسا بقيت اب و لك وقارك ميصحش كده ????,anger
لما اتكلم عن الامان؟ما يجي في بالي غيرك احصّنك معي و استودعك ربي ، اخاف عليك اكثر من خوف اي احد عليك 💕.,fear
اتفضل يا زول خش الاوليمبياد مرهبا مرهبا,none
:  تحب تقول ايه لتميم بن موزه يا جبان ما انت جنست ناس من السنغال للدفاع عنك,anger
كنا بنقول اللي عندهم سرطان دول بيموتوا ببطئ وكانوا بياخدوا ادويه دلوقتي الادويه اتحظرت كده نقول عليهم ايه . ربنا يتولاهم برحمته 😑,sympathy
الحب هو هبوط حاد في الدوره الدمويه وتحس ان قلبك بيسقف  ايمي سمير غانم 😂😃😂😂😂,love
حفل افتتاح الاوليمبياد .. شيء من الخيال!,joy
كان الله في عونهم  لاتنسوا الفقراء بالشتاء,sympathy
خخخخخخخ كسم تضيع الرميات,anger
احتاج الي صرخه تفجر. مابداخلي من  الم وبعدها حضن يحتونيني،.! 😔😔😔,sadness
كسم اي عرص اتريق علي البنت المحجبه اللي في الاوليمبياد.,anger
: اللهم اخواننافي و  الموصل قد تكالبت عليهم الامم فاجعل لهم من لدنك ولياواجعل لهم من لدنك نصيرا اللهم فرج عنهم واكبت اعداء…,sympathy
الحب ليس معصيه،  المعصيه هي ان  تتلاعب بمشاعر الغير تحت ما يسمي,love
كوريا الجنوبيه والهندوراس في الاوليمبياد,none
صالحت الدنيا بك ومعك.,joy
الحاجه الوحيده اللي ينفع يتقال عليها حالات فرديه في مصر هي ميداليات الاوليمبياد,none
وبعدين ايه سنه سادسه دي كمان؟!! يعني لما حد يسالني في سنه كام اقوله في سادسه,surprise
هي مصر قادره ع تنظيم حدث كبير زي الاوليمبياد؟,none
عمر فرحه فوز بطل الاوليمبياد ما تتقارن بفرحه فوز ف اي رياضه تانيه.. بتبقي فرحه كلها تعب وعرق ومجهود.. فرحه انتصار حقيقي ❤❤  Rio2016,joy
يا ديني، اهلي و زمالك، بجد يعني؟؟ طب هان عليكوا تسيبوا الاوليمبياد و تتفرجوا علي اهلي و زمالك !!,surprise
البرازيل والمانيا بكره الساعه 10 ونص.. يا اما الاوليمبياد ينجح بالنسبه للبرازيلين يا اما يفشل فشل ذريع,none
بجد !! مكنتش عارف الموضوع دا,surprise
و اصدق الحب لا نبوح بهِ ولكنّ وطاتهُ تغزو  ملامحنا ❣️,love
سيبك من علاء ابو القاسم و الجودو و الطايره و اليد ، اللي عزمي محيلبه عمله النهارده ده اكبر فشل في الاوليمبياد,none
هيطول بسرعه لما اقصيه، انتي حلوه,joy
وبعد انتهاء المباراه احييك علی نظرتك الثاقبه وخفه دم بمكانها فعلا من سجل هو ناصر القحطاني  ????????????,joy
iExB   9mile الذي يدمر سوريا هو ااجحش النصيري ولدب الروسي القذر وش دخل السعوديه متحامل عليها يا قذر,anger
معاك اربعه نعيمن ههههه  حلمي  ArabsGotTalent,joy
تم امعلم,joy
لا اعلم اي نوع من الوجع تسلل لاعماقي ؟لكن هو وجع ظلم امتزج مع قسوه بشر بلا ضمائر  وجع,sadness
رفقه ولينه: ( ما ضرب صلي الله عليه وسلم بيده شيئاً قط الا ان يجاهد في سبيل الله ولا ضرب خادماً ولا امراه ) اخرجه مسلم  نشر سيرته  ﷺ,love
:  كارثه خطف بنات اسكندريه انا من اسكندريه ودي مش اشاعات دي حقيقه واللي مش عاجبه كلامي يعملي بلوك انا ليا اولادك وبخاف عليهم,anger
هترجع تاني ،، ف يوم انساك وتنساني .!؟؟,surprise
Khalfan  وهل ترضي ياسيد ضاحي خلفان  ان نحاكم بنفس الميزان  صدقني ستكون انت الخسران,anger
تمثيل الله ياخذهم كم نمت وانا خايفه من اندرتيكر واخوه المشوهه 😭💔,fear
rm: علي حافهِ الشوق اُرمم وصالِكَ و اطاطا راس شوقي لـ لُقياكَ..!  غـرام,love
صفا يطالب باجراءات اكثر حزما وجديه ضد حكومه البحرين التي انتهكت كل مبادئ حقوق الانسان  البحرين  لبنان,anger
اقسم بالله مرعوبه اروح اعالجه عشان حاسه انه حشو عصب 😒😢,fear
: مغردون بعد  راتب شهر للمرابطين في الحد: يستاهلون حُماتنا، وابوفهد كريم ابن رجلٍ كريم، والله يردهم سالمين,love
ككل ليله اجلس علي  اريكتي التي تتسع لشخصين فقط 😎 ياتي يطرق الباب ويسال هل يجلس بقربك احد ؟😮😯😌  لا احد...,sadness
ربنا يصبرهم.,sympathy
الله يوفقهم لما فيه نصره الامه وتحقيق تطلعاتها حفظهم الله جميعا ً  الخليج سادس اقتصاد في العالم,sympathy
خايفه ارجع,fear
مش عارف اجيبها لكم انا حامل,surprise
من احبك بصدق .. ابعد عنك كل ما يجرحك ❤️,joy
عمرو عصر يتاهل للدور الثاني في فردي تنس الطاوله بعد فوزه ع بطل بورتريكو 4 2 في الاوليمبياد  يلا ريو,none
albaraa: قدرا شاهدت هذا المقطع لطفل سوري جائع يخلع الفؤاد حقا امه غثاء كغثاء السيل  حماه  حمص نسال الله فر…,sympathy
احب اقول لي اتش اني لقيت الفرح بتع السودان طه سليمان,surprise
اللي عايز يتابع المصريين في الاوليمبياد يتابع  عشان مفيش اي قناه مفتوحه مغطياهم,none
المضحك مريم كذبت الكذبه وصدقتها وقالت حوبتي ياختي وحوبه روان وحوبه امهاتنا اللي قذفتيهم متي نشوفها  كلنا مع محال,sadness
اه والله خايفه زيك😂😂😂,fear
3 في 2001 و6 في اللي قبليهم مرتين وفي الاوليمبياد احسن مركز ليك في اتلانتا 6 من 12 فرقه، سيطره ايه وتكسب اي حد ايه وزبي ايه,none
قولي احبك كي تزيد وسامتي ف بغير حبك لا اكون وسيما,joy
كده احنا برا الاوليمبياد  handball,sadness
:  المغرب يراهن علي اموال الخليج لتقليص عجز الميزانيه!  والعساف حاضر 🔴للمعلوميه: لدينا عجز في ميزانيتنا بنحو327 مليار htt…,fear
خايفه اروح اسال علي مخالفات العربيه 😂😂,fear
: وكانهم في لحظـہ استاصلوا قلبي وتمت زراعتك بنجاح بين ضلوعي انتَ مش انتَ  حياه اه لو يعلـمون ،،,love
الجوع ملحد,anger
قلوبنا معكم يامن يسكن المخيمات من السوريين 💔  تراجف ايديني من البرد وقول,sympathy
اللهم ارفع عنهم…,sympathy
: ولااحد مره دخل محل جزم ومسكه واحد وقال هذي بكم ؟؟ كلكم انمسكتوا بمحل حلويات يحسبونكم كيك؟🌝💦  just saying  memo,surprise
حلو حنا نحشر مع معاويه وعمر ابن العاص ونت ودك تحشر مع ابي لولوه المجوسي  والخميني,anger
احمد الروياتي احد ابواق  الفرقاطه ينبح بعلو صوته وبكل وقاحه يدافع عن القدافي ناقص يقول شدو الكلاب الضاله الجردان,anger
:  ملحمه حلب الكبري ياثوار  حلب والله ان قلوبنا معكم والستنا تلحث بالدعاء لكم اللهم انصر مجاهدي حلب بنصرك واهلك من اعتدي عليهم وظ…,sympathy
i80: حـنيت لـَہ وُ القـلب بالـَبعـُد ملـًزُوُم وُش حـيلتيَ . لا اشتقـُت لھ ۈ ما لقيتـﮧ,love
مبروك يا ابن مصر  محمد شاهين,joy
alrrawafid:  اتحاد القوي فساد وارهاب خونه باعو العراق  كلهم طايحين حظ دمرو العراق   EHS????????,anger
الاوليمبياد ؟ الواحد يلحق يدور في جوجل علي رمي الجله و الباليه المائي و القوس و رباعيات الخيام عشان نعرف نهري مع الناس اللي هتهري,none
خائفه لان قائمه ما كنت اخشي حدوثه حدث الكثير منه.,fear
بالمناسبه اللي ماشافش الاعلان اللي امريكا عملاه لبعثه الاوليمبياد بتاعتهم فاته كتير فشخ .. حاجه خرافيه,surprise
نفسي ارجع اعيش يوم واحد من ايام زمان ..,sadness
لو كانوا عملوا لعبه للتعريص في  الاوليمبياد كانت  مصر اخدت الميداليا الدهبيه فيها باكتساح  تحيا مصر,none
انا خايفه ياالله وتكادُ ضلوعي من شدّه الاعوجاج تضيق امسح علي قلبّي برحمتك ورضاك.,fear
iu سجلت بس خايفه الله يستر الشهر الجاي اختبر,fear
لم ننساك ياهادي العبد الله  حلب بانتظارك بعرس النصر ياحبيب شفاك الله وعافاك,love
Anne اكثر شخصيه انا متعاطفه معاها بالمسلسل جونول😢 خايفه علي زينب وماتقدر توضح لها السبب، تنجرح من كلام زينب ومجبوره تسكت بدون ماتبرر.,sympathy
يا هو انت ما تطفش يا حبيبي روح خلي اسرائيل ترضعك تراك محشور ????????مغير تسب وتقول حاجات كذبيه ????????روح نام بين احضان اسرائيل,anger
هشتاقات مخيفه اغتصاب قتل عنف ووو حياتنا قبل النت مريحه ما نسمع غير قصص الاقارب والحي الحين اعوذ بالله شيء مخيف الحمدلله علي النعمه,fear
اثيوبيا لسه بتقول بسم الله الرحمن الرحيم في الاوليمبياد وخدت دهب وبرونز وبقت مركز 29 في الترتيب، مصر تراجعت للمركز 51  يلا ريو  Rio2016,none
منتخب الهوندوراس قوي ويجب الحذر منه ويكفي انه يشارك للمره الثالثه علي التوالي في الاوليمبياد وهو وصيف بطل الكونكاكاف المكسيك,none
الاوليمبياد دي من اعظم الحاجات اللي ممكن الانسان يعيشها  يوميات رياضي فاشل,joy
مالك عدلي حر لانه اتحبس لما قال ان  تيران وصنافير مصريه واصر يدافع عن اللي قالوها والمحكمه ايدت كلامه. والحكومه ادعت انه بيقول اشاعات,anger
الموصل واهلها نحن معكم وانتم منا ولادخل لجربان الخليج بيننا  ردا علي اكاذيبكم,sympathy
البشريه خسرت (زويل) هذا اليوم???? الشرقي الذي انار الغرب ..,anger
مفروض الخناقه دي تتذاع مع الاوليمبياد والله بصوت الراجل بتاع رفع الاثقال 😂😂😂😂,none
انا فعلاً مش بهتم بكره القدم خالص في الاوليمبياد ، الا في يمكن من الادوار النهائيه بس ، الاوليمبياد مش كوره,none
احلي حاجه في الاوليمبياد دي معلقين نايل سبورت علي رفع الاثقال والله,joy
المستفذ ان هذا اللاعب عمره 34 سنه يعني رايح الاوليمبياد بالمجاملات ...,anger
يا حي ياقيوم ياذا الجلال والاكرام! فرّج عن اهلنا في ، وارفع عنهم الباساء والضراء، ياارحم الراحمين ويااكرم الاكرمين!,sympathy
اووووووووووووووووووووووه اقوي مفاجاه في تاريخ الاوليمبياد بالكااااااااااااااااااااامل  ITA  ITA  ITA ايطالياااااااااا مستحيييل اول الدهب,surprise
لاعبه الجودو الحاصله علي ذهبيه في الاوليمبياد اعلنت انها مثليه جنسيا بعد اما فازت علي طول,surprise
^^ هتستنا امها وابوها بالجنه ان شاء الله . ربنا يصبرهم,sympathy
سوريه لاجئه اخدت ميداليه في الاوليمبياد في السباحه، عمالين يحتفوا بيها قوي و ببطولاتها و هي متصوره بالمايوه! كشف العورات المغلظه بقي بطوله!,surprise
:    قبل سنوات كان ليبراليو الصحف عندنا يطالبون باسلام (تُركي) كالذي في عهد اردوغان والان سبحان الله صار اردوغان (دكتات…,anger
متسبونيش لوحدي انا خايفه 😭😭,fear
انا متاكده محطين لي ف الاكل مخدر الرقاد اللي فيني !!!,surprise
عن تجربه حط عالحرق معجون سنان و متسالنيش ازاي بس هينجز جدا 😂,surprise
taaz ليييييييه كده يا اخي .يا اخي حرام عليك يا اخي  بصوت عبد العزيز :(,sadness
:  الــــــم ااهَ يَا زمن تجمع شخص بشخص صدفہَ وتفرق ﺎلاشخاصَ بلحظہ😔💔 .,sadness
هناك في داخلي نار مشتعله لا استطيع ايقافها اشعر برغبه ملحه للبكاء  همال  تعب  حيره  شتات والكثير الكثير…,sadness
ربنا يصبرهم يا نهي ويعوضها خير وتكون دي اخر الاحزان,sympathy
اضِف لصباحك/ نفحه  حُب وبعض من تراتيل النُجوم ~  رابطه عشاق الصباح  عناقيد حرف,love
هو مو باد ترا بس هذا مدري ليش خايفه يطول فيه :( يعني حلو بس لفتره قصيره ...,fear
انا مدايقه بقي  بكره امتحاني   ؟؟,sadness
محمد شاهين يغني هان الود لعبد وهاب ويغني هوا ومينا اغنيه لمصررر &lt;3 !!,joy
اصلاااا ليث ده مصررررررري  StaracArabia  LaithAbuJoda  StaracTheFinal ليث ابو جوده,joy
: حتي الاطفال في حلب تقاوم ... عهدا علي الايام ان لا يهزموا، فالارض تنبت حيث يراق الدم .,sadness
sot: كم حارَ في  الحُبِّ مَن تلقاهُ مبتسِماً وقلبُهُ نازفٌ منهُ وعيناهُ! هُو الغُموضُ ولكن لا نُفسّرُهُ! وهْو الوُضوحُ ولكن ما وعين…,love
عارفه انك خايف من المستقبل ومن الحياه عارفه انك خايف نتغير وانا كمان خايفه,fear
305y: ابيك تقرا بكل الاوقات.... الاذكار خايف يشوفك واحـدٍ ما يسمـــي . . .,fear
: صدقهجاريه لـه،و الله يغفرله المصحف كاملا (التصفح باللمس) سور القران...    رحمه الله عليه,sympathy
حبيت افكركم بالشيخ الجليل  رحمه الله عليه  الشعراوي,sympathy
روسيا تعترض وتفشل مخططات ال سعود في اتخاذ قرار اممي ضد اليمن وشعبه ووحدته واستقراره ...,anger
لاجازيتا وتوتوميركاتو   سانتوس وافق علي عرض انتر لشراء جابيجول مقابل 25م (18م لسانتوس و7لعائلته)، لكن اللاعب سيقرر بعد الاوليمبياد.,none
اخي لا تحكم علي الشعب كله بسبب الاعلام احنا الشعب قلوبنا معكم وطول عمرنا نحبكم الاعلام لي بمثل 90مليون مواطن 😊,sympathy
وحيَاه اشْواقي اليكِ.. وتربه الصَّبرِ الجميلِ.. ما استحسنتْ عيني سواكَ.. ولا صَبَوْتُ الي خليلِ.. 💭💕 . ~ ابن الفارض .  حب,love
انا من صباحيه ربنا ومفيش في الاوليمبياد دي الاكلمه خروج المصري او المصريه. الله يكسفكو 😂😂,sadness
الاوليمبياد يبدا امتي وفعالياته مذاعه والا؟؟,none
والله انا وبديوي كنا هنعلم الاوليمبياد رياضه العزف تحت المايه بس يلا مش مهم,none
فجاه كل شي تغير 😂😂😂,surprise
اجمل ماقيل بالحب عن  الام امي لا تؤم القلوب الا اليك ولا تلين الصخور الا لحنانك انتِ و  الجنه تحت قدميك احبك  امي,love
كريم الزغبي الفارس المصري المشارك في الاوليمبياد عايش في هولندا هو والحصان بتاعه واكيد المدربين بتوعه من هناك الجميل بقي ان في فريق كامل >,none
حادث معلمات اخر يوم دراسه اعظم النساء خدمه لمجتمعهم المعلمه /الطبيبه/الممرضه كان الله في عونهم 💔,sympathy
خايفه ادخل البيت و امي مش فيه .. ربنا يرحمها و يعوضها باحسن منه في الجنه و يصبرنا ..,fear
صباح الخير علي كل الموجودين فيه حد ندردش معاه او معاها,joy
كـثر شـوقـي لـهہ ونـقـص برودي الم ذگـريـاتهہ لـلحـيـن يجرحـنـي💔 !  غــرام💔,love
77: ناس عندها زلازل وناس انفجارات والرياض تمطر امطار خير وبركات يالله لك الحمد والشكر علي هالنعمه اللهم احفظ بلاد الحرمين من كل سوء,love
اللهم يا امان الخائفين امن الشام من خوف واطعمهم من جوع وانصرهم بما شئت وكيفما شئت انك ولي ذلك والقادر عليه  تباد بسكوت العرب,sympathy
: منكم لله يا اهل المنوفيه المفروض انكم ناصحين وفيكم اعلي نسبه تعليم ..ازاي تنتخبوا النائب محمد انور السادات اللي عاوز يدمر ال…,anger
: طبعا مجلس فيه مصطفي الجندي وخالد يوسف ومحمود بانجو وطارق الخولي واخوان دحلوا علي حس اليسار وسلفنجيه ... مايبعش ليه,anger
`  مسا الغلا والشوق واحلي التعابير واحساس م ينساك لو گنت غايب            مساء الخير,joy
و ازاي يتقارن ببولت، بولت لو حضر كل الاوليمبياد الجايه و كسب في كل السباقات مش هيوصل لعدد ميداليات فيليبس,none
حد من ولادنا هيلعبو الوقتي في الاوليمبياد؟,none
اللي بيحصل فينا دا..الواحد كل ميصحي ينام تاني!,surprise
بعيدا عن المود اللي الواحد فيه بس اقسم بالله      الزمالك هيندم علي بيع طلبه وحازم امام     كل اللي عندنا دول جايين للفلوس بس مش للنادي,anger
وشايفه نفسي تدريجيًا باتحوّل لكُلّ اللي كنت مرعوبه منه، ومش عارفه اعمل ايه عشان امنع ده، ومش قادره اتقبّل اني بقيت كده ... مش عايزه اكرهني .,fear
تركي العواد يسيء للسعوديات  من يوم ضرب راسه في القايم تغير تفكيره,anger
احنا طالعين الاوليمبياد دي ناخد علي عينها ونرجع تاني باين كده,sadness
خايف انك مثل هالعالم تروح . .,fear
انت بتخاف تبص ع بنات ليه عشان خايف ع اللي معايا💜  راجل👌,fear
Maroosh         DL يا حبيبتشي يا مروه  LaithAbuJoda  DoaaElSebaii,joy
الجزائر مغلوبه 2 من هندوراس في الاوليمبياد وبغداد بونجاح لحد دلوقتي مش شايف قدامه,none
حفل افتتاح الاوليمبياد هيستغرق 3 ساعات و 20 دقيقه,none
تخاف تذكرني ، وانا خايف انساك !💙💤,fear
لاصدقائي جميعهم الذين مروا بحياتي لقلوبكم الصافيه لهامني الف دعوه بالتوفيق والفلاح احبكم جميعاً .  صديقتي  عطر ولقاء,love
❥❥ اريدَ انَ  احبكـ فوق  الحب حبَا وفوق  الجنونَ عشقا ..و علي  السماءَ انُثركـ  حرفا ..❤️,love
الحمدلله في ناس بتجيب بجنيه شعريه علشان تاكل ولادها رز مع شعريه فقط .. يا رب رحمتك بالغلابه 😔😔😔,sympathy
: اوقفوا سفك الدمـاء : نـداء انصار المرجع العراقي العربي السيد الصرخي الحسني,anger
تصويبه وليد سليمان دي في عرف الكوره اسمها تسديده فاشله. . دي لو سميناها تسديده ؛ بس المعلق  زعق معاها عشان الماتش بطيييء يلا كاس,anger
النهارده شفت فيديو داعشي يذبح احد المنشقين عليهم بصراحه شيء مخيف تصورو ماذا سيكون شعور من سينزل يوم11 11 لو ذبح ابنه,fear
انقذوا دمثه الدوسري حسبي الله علي نظامهم الظالم الي لازال يظلم,sympathy
mohie:  الاخوان مجرمين والنصر للمصريين الارهابيين دول باجرامهم الاعلامجيه دول ادواتهم كل واحد يؤدي الدور المرسوم له بعنايه,anger
جميييل 🌸,joy
: سكاي :    زازا لابد ان يقبل عرض فولفسبورغ حتي تحصل المبادله بينه وبين لويس غوستافو    .  هههههههههههههههه من اغبي المبادلات الي سمعت ف…,anger
تحيه لكل بطل وصل الاوليمبياد ورفع علم مصر... شرفتونا,joy
و انا كمان و خايفه اروح البنزينات تبقي قررت تستهبل و متبيعش,fear
تصد اكتر من رائع من بيتر تشيك و يتقذ الهدف الرابع ...,joy
تدري وش اللي مَ يخليني انساك ؟اني لا جيِت احب ..غيرك ، ذكرتك 💙,love
انا خايفه اقوم اشوف ورايا ايه والله,fear
اسلام الشهابي الاوليمبياد اللي فاتت رمضان درويش مسلمش علي منافس اسرائيلي بس عشان كسب محدش اتكلم بطلوا نفاق بقي شعب غريب متضامنه مع اسلام,none
انا مش عارف الارسنال اتعادل ازاي !!,surprise
hayet:     اللهم اجعل اليمن بلدا امنا ويا الله اخرج اليمن واهلها من الضيق الي الفرج قلوبنا معكم ولا نملك الا الدعاء ل…,sympathy
بجد والله ؟؟!!!!!,surprise
لا السيسي متفق مع بتوع الاوليمبياد ان دول بالذات ياخدوا ميداليات ودلفع لهم فلوس من مذكرات ناشط حمار,none
كلمه تقولها لشخص مزعله اخبط دماغك فالحيط,anger
للامانه كنت متعاطفه مع هيلاري كثير لانها حرمه 😁  ترامب,sympathy
كنت خايفه من هاد اليوم 💔💔💔 فاقولنا يا جدك  الجزاير سبب ثقب الاوزون,fear
خايفه نبدا مذاكره ونعمل حاجات مفيده ونسيب الحاجات التافهه تتراكم علينا والله XD,fear
2222: يلا يا جماعه حفله عمرو دياب خلصت نريح شويه ونبدا نكتئب ونعشم نفسنا اننا هنروح الحفله التانيه وبعدين نقطع شرايينا يلا.,sadness
Mohamed5: اييييه دااا 😲😲 اوزيييل❤,surprise
عملتلها ريتويت بمناسبه ساره بتاعه الاوليمبياد 😃,none
وعليك قبلنا يانجم النجوم ياعندليب الحب والاحساس,joy
AlHamad يطلع ننهم كل شي سيء ووضيع كل خساسه العالم تجمعت في الايرانين اللي لفتهم البحرين وعطتهم الجنسيه والبيوت والبعثات  والوظائف,anger
